&t ((((7,((((((((((28,(31,30)~ 29)~ 27) 25) 24) 14) 12,(((((28,(30,31)~ 29)~ 27) 25) 24) 34) 32)~ 11,(((((26) 25) 24) 14) 12) 11)+ 11,((((36,37)~ 35) 34) 32) 11)+ 11) 10) 8)~ 6,((((40,39)~ 38,(((33,33)+ 33) 32) 11)~ 10) 8) 6)+ 6,((((((((((((28,(31,30)~ 29)~ 27) 25) 24) 14) 12,(((((28,(30,31)~ 29)~ 27) 25) 24) 34) 32)~ 11,(((((26) 25) 24) 14) 12,((((26) 25) 24) 34) 32)~ 11)+ 11,((13) 12) 11)+ 11,(((((23,(22,21)~ 20)~ 19) 15) 14) 12) 11)+ 11) 10) 8) 6)+ 6,(((5,4)~ 3,(4,5)~ 3)+ 3,2)~ 1)~ 0
&t (((4) 3,2)~ 1,(((((((((((26,(28,(30,31)~ 29)~ 27)~ 25) 24) 14) 12,(((((28,(31,30)~ 29)~ 27) 25) 24) 34) 32)~ 11,(40,(39,39)+ 39)~ 38)~ 10,(((((36,37)~ 35) 34) 32) 11) 10)+ 10,(((((((((28,(30,31)~ 29)~ 27) 25) 24) 14) 12,(((((28,(31,30)~ 29)~ 27) 25) 24) 34) 32)~ 11,(((((26) 25) 24) 14) 12) 11)+ 11,((13) 12) 11)+ 11) 10)+ 10,(((33) 32) 11) 10)+ 10) 8,7)~ 6)~ 0
&t ((((((9,9)+ 9,((40,39)~ 38) 10)~ 8,((((33,((36,37)~ 35) 34)~ 32) 11) 10) 8)+ 8,((((((((((((30,31)~ 29) 27) 25) 24) 14) 12,(((((28,(30,31)~ 29)~ 27) 25) 24) 34) 32)~ 11,(((((26) 25) 24) 14) 12) 11)+ 11,(((((((21,22)~ 20) 19,(18,17)~ 16)~ 15,((23) 19) 15)+ 15) 14) 12) 11)+ 11,((13) 12) 11)+ 11) 10) 8)+ 8) 6,(2,(((5,4)~ 3,(4,5)~ 3)+ 3,((5,(4,4)+ 4)~ 3,(5,4)~ 3)+ 3)+ 3)~ 1)~ 0
&t ((2,(4,5)~ 3)~ 1,(((((39,40)~ 38,(((((((((28,(30,31)~ 29)~ 27) 25) 24) 14) 12,(((((28,(30,31)~ 29)~ 27) 25) 24) 34) 32)~ 11,(((((26) 25) 24) 14) 12) 11)+ 11,(((((17,18)~ 16,(23,(21,22)~ 20)~ 19)~ 15) 14) 12) 11)+ 11,((13) 12) 11)+ 11)~ 10,(((((((((28,(31,30)~ 29)~ 27) 25) 24) 14) 12,(((((28,(30,31)~ 29)~ 27) 25) 24) 34) 32)~ 11,(((((26) 25) 24) 14) 12) 11)+ 11,((((37,(36,36)+ 36)~ 35) 34) 32) 11)+ 11) 10)+ 10,9)~ 8,((7,7)+ 7,7)+ 7)~ 6)~ 0
&t (((9) 8) 6,(((2,2)+ 2,(4,5)~ 3)~ 1,((5,4)~ 3) 1)+ 1)~ 0
&t ((7) 6,((2,2)+ 2,((4,5)~ 3,(5,4)~ 3)+ 3)~ 1)~ 0
&t (((((9,(((13) 12) 11) 10)~ 8,(((((((((((28) 27) 25) 24) 14) 12,((((((30,31)~ 29) 27) 25) 24) 34) 32)~ 11,((((((28,(30,31)~ 29)~ 27) 25) 24) 14) 12,(((((28,(31,30)~ 29)~ 27) 25) 24) 34) 32)~ 11)+ 11,(((((26) 25) 24) 14) 12) 11)+ 11,(((((23,((21,22)~ 20,(22,21)~ 20)+ 20)~ 19) 15) 14) 12) 11)+ 11) 10) 8)+ 8,((((39,40)~ 38,(39,40)~ 38)+ 38,((((((((28,(31,30)~ 29)~ 27) 25) 24) 14) 12,(((((28,(30,31)~ 29)~ 27) 25) 24) 34) 32)~ 11,(((((26) 25) 24) 14) 12) 11)+ 11,((((36) 35) 34) 32) 11)+ 11)~ 10) 8)+ 8) 6,(((4,5)~ 3,((5,5)+ 5,4)~ 3)+ 3,2)~ 1)~ 0
&t (((9,((((39,40)~ 38,((((((26) 25) 24) 14) 12,((((26) 25) 24) 34) 32)~ 11,(((((((28) 27) 25) 24) 14) 12,((((((30,31)~ 29) 27) 25) 24) 34) 32)~ 11,(((((((28) 27) 25) 24) 14) 12,((((((30,31)~ 29) 27) 25) 24) 34) 32)~ 11,(((((((((31) 29) 27) 25) 24) 14) 12,((((((30) 29) 27) 25) 24) 34) 32)~ 11,((((((28) 27) 25) 24) 14) 12,(((((28) 27) 25) 24) 34) 32)~ 11)+ 11,((((((28) 27) 25) 24) 14) 12,((((((31,30)~ 29) 27) 25) 24) 34) 32)~ 11)+ 11)+ 11)+ 11)+ 11)~ 10,(((13,(((18,17)~ 16,((23,(22,21)~ 20)~ 19,(23,(21,22)~ 20)~ 19)+ 19)~ 15) 14)~ 12) 11) 10)+ 10,(((((((((28) 27) 25) 24) 14) 12,((((((31,30)~ 29) 27) 25) 24) 34) 32)~ 11,(((((((30) 29) 27) 25) 24) 14) 12,(((((28,(31) 29)~ 27) 25) 24) 34) 32)~ 11)+ 11,(((((26) 25) 24) 14) 12) 11)+ 11) 10)+ 10)~ 8) 6,(((5,4)~ 3,(5) 3)+ 3,2)~ 1)~ 0
&t ((2,((4,5)~ 3,(5) 3)+ 3)~ 1,((((((((((33) 32) 11) 10) 8,(7,7)+ 7)~ 6,((((((((((28,(30,31)~ 29)~ 27) 25) 24) 14) 12,(((((28,(30,31)~ 29)~ 27) 25) 24) 34) 32)~ 11,(((((26) 25) 24) 14) 12) 11)+ 11) 10) 8) 6)+ 6,(((((((((36,37)~ 35,(37) 35)+ 35,(36) 35)+ 35) 34) 32) 11) 10) 8) 6)+ 6,(((((((((((28,(30,31)~ 29)~ 27) 25) 24) 14) 12,(((((28,(31,30)~ 29)~ 27) 25) 24) 34) 32)~ 11,(((((26) 25) 24) 14) 12) 11)+ 11,(((((23) 19,(17,18)~ 16)~ 15) 14) 12) 11)+ 11) 10) 8) 6)+ 6,((((40,39)~ 38) 10) 8) 6)+ 6,((9) 8) 6)+ 6)~ 0
&t (((((40) 38,(((((((((((28,(30,31)~ 29)~ 27) 25) 24) 14) 12,(((((28,(30,31)~ 29)~ 27) 25) 24) 34) 32)~ 11,(((((26) 25) 24) 14) 12) 11)+ 11,((13,(((23,(21,22)~ 20)~ 19) 15) 14)~ 12) 11)+ 11,((((((((28,(30,31)~ 29)~ 27) 25) 24) 14) 12,(((((28,(31,30)~ 29)~ 27) 25) 24) 34) 32)~ 11,(((((26) 25) 24) 14) 12) 11)+ 11,((((37,36)~ 35) 34) 32) 11)+ 11)+ 11,((33) 32) 11)+ 11,((((((((((28,(31,30)~ 29)~ 27) 25) 24) 14) 12,(((((28,(30,31)~ 29)~ 27) 25) 24) 34) 32)~ 11,(((((26) 25) 24) 14) 12) 11)+ 11,((13) 12) 11)+ 11,(((((18,17)~ 16,(23,(21,22)~ 20)~ 19)~ 15) 14) 12) 11)+ 11,(((((((((((30,31)~ 29) 27) 25) 24) 14) 12,(((((28) 27) 25) 24) 34) 32)~ 11,((((((((30,31)~ 29) 27) 25) 24) 14) 12,((((((31,30)~ 29) 27) 25) 24) 34) 32)~ 11,((((((28) 27) 25) 24) 14) 12) 11)+ 11)+ 11,(((((26) 25) 24) 14) 12) 11)+ 11,((((37,36)~ 35) 34) 32) 11)+ 11,((33) 32) 11)+ 11)+ 11)+ 11)~ 10) 8) 6) 0
&t (((9,((39,40)~ 38,(((((((((28,(31,30)~ 29)~ 27) 25) 24) 14) 12,(((((28,(30,31)~ 29)~ 27) 25) 24) 34) 32)~ 11,(((((26) 25) 24) 14) 12) 11)+ 11,((((36,37)~ 35) 34) 32) 11)+ 11,(((((((((28,(30,31)~ 29)~ 27) 25) 24) 14) 12,(((((28,(30,31)~ 29)~ 27) 25) 24) 34) 32)~ 11,(((((26) 25) 24) 14) 12) 11)+ 11,((((((23) 19,(18,17)~ 16)~ 15,(((22,21)~ 20) 19) 15)+ 15) 14) 12) 11)+ 11,((13) 12) 11)+ 11)+ 11)~ 10)~ 8,7)~ 6,(((((2,2)+ 2,(5,4)~ 3)~ 1,((4) 3) 1)+ 1,((5) 3) 1)+ 1,(2,((5,4)~ 3,(4,5)~ 3)+ 3)~ 1)+ 1)~ 0
&t ((((4,5)~ 3,(4,5)~ 3)+ 3,2)~ 1,(7,(9,((39,40)~ 38,((((((((((28,(30,31)~ 29)~ 27) 25) 24) 14) 12,(((((28,(30,31)~ 29)~ 27) 25) 24) 34) 32)~ 11,(((((26) 25) 24) 14) 12) 11)+ 11,(((((((22,21)~ 20,(21) 20)+ 20,23)~ 19,(17,18)~ 16)~ 15) 14) 12) 11)+ 11,((33) 32) 11)+ 11,(((((((28,(30,31)~ 29)~ 27) 25) 24) 14) 12,(((((28,(30,31)~ 29)~ 27) 25) 24) 34) 32)~ 11,((((37,36)~ 35) 34) 32) 11)+ 11)+ 11)~ 10)~ 8)~ 6)~ 0
&t ((7,((((((((((((((31) 29) 27) 25) 24) 14) 12,((((((30) 29) 27) 25) 24) 34) 32)~ 11,((((((28) 27) 25) 24) 14) 12,(((((28) 27) 25) 24) 34) 32)~ 11)+ 11,(((((26) 25) 24) 14) 12,((((26) 25) 24) 34) 32)~ 11)+ 11,((((36,37)~ 35) 34) 32) 11)+ 11,((33) 32) 11)+ 11,(((((((((28,(31,30)~ 29)~ 27) 25) 24) 14) 12,(((((28,(30,31)~ 29)~ 27) 25) 24) 34) 32)~ 11,(((((26) 25) 24) 14) 12) 11)+ 11,(((((23,(22,21)~ 20)~ 19,(18,17)~ 16)~ 15) 14) 12) 11)+ 11,((13) 12) 11)+ 11)+ 11) 10) 8)~ 6,((4,5)~ 3,2)~ 1)~ 0
&t ((2,((4,5)~ 3,(4,5)~ 3)+ 3)~ 1,((7,((((((33) 32,((((17,18)~ 16) 15) 14) 12)~ 11,((((((22,21)~ 20) 19) 15) 14) 12) 11)+ 11,(((((((((((28,(30,31)~ 29)~ 27) 25) 24) 14) 12,((((((31,30)~ 29) 27) 25) 24) 34) 32)~ 11,((((((28) 27) 25) 24) 14) 12) 11)+ 11,(((((26) 25) 24) 14) 12) 11)+ 11,(((((23) 19) 15) 14) 12) 11)+ 11,(((((26) 25) 24) 14) 12) 11)+ 11,((13) 12) 11)+ 11)+ 11,(40,39)~ 38)~ 10) 8)~ 6,((9) 8) 6)+ 6)~ 0
&t ((((5,4)~ 3,(5,4)~ 3)+ 3) 1,((((7,(((((((((28,(30,31)~ 29)~ 27) 25) 24) 14) 12,(((((28,(30,31)~ 29)~ 27) 25) 24) 34) 32)~ 11,(((((26) 25) 24) 14) 12) 11)+ 11) 10) 8)~ 6,(((((((37,36)~ 35) 34) 32) 11) 10) 8) 6)+ 6,(((((33) 32,(13,(((23,(21,22)~ 20)~ 19,(18,17)~ 16)~ 15) 14)~ 12)~ 11) 10) 8) 6)+ 6,((((40,39)~ 38) 10) 8) 6)+ 6)~ 0
&t ((((((7,(((((((((((28,(30,31)~ 29)~ 27) 25) 24) 14) 12,(((((28,(30,31)~ 29)~ 27) 25) 24) 34) 32)~ 11,(((((26) 25) 24) 14) 12) 11)+ 11,(((((18,17)~ 16,(23,(22,21)~ 20)~ 19)~ 15) 14) 12) 11)+ 11,((13) 12) 11)+ 11) 10) 8)~ 6,(((((33) 32) 11) 10) 8) 6)+ 6,(((((((((((28,(30,31)~ 29)~ 27) 25) 24) 14) 12,(((((28,(30,31)~ 29)~ 27) 25) 24) 34) 32)~ 11,(((((26) 25) 24) 14) 12) 11)+ 11,(((((36,37)~ 35,(36,37)~ 35)+ 35) 34) 32) 11)+ 11) 10) 8) 6)+ 6,((((40,39)~ 38) 10) 8) 6)+ 6,((9) 8) 6)+ 6,((((5) 3,2)~ 1,((5,4)~ 3) 1)+ 1,((4) 3) 1)+ 1)~ 0
&t (((7,7)+ 7,(((((39,39)+ 39,40)~ 38,((((((((28) 27) 25) 24) 14) 12,(((((28,(30,31)~ 29)~ 27) 25) 24) 34) 32)~ 11,(((((26) 25) 24) 14) 12) 11)+ 11,(((((((22,21)~ 20) 19,(17,18)~ 16)~ 15,((23) 19) 15)+ 15) 14) 12) 11)+ 11)~ 10,((((33,33)+ 33) 32) 11) 10)+ 10) 8)~ 6) 0
&t ((2,((4,4)+ 4) 3)~ 1,(((((((((((((28,(31,30)~ 29)~ 27) 25) 24) 14) 12,(((((28,(30,31)~ 29)~ 27) 25) 24) 34) 32)~ 11,(((((26) 25) 24) 14) 12) 11)+ 11,(((((((21,22)~ 20) 19,(18,17)~ 16)~ 15,((23) 19) 15)+ 15) 14) 12) 11)+ 11,(39,40)~ 38)~ 10,(((33) 32) 11) 10)+ 10,9)~ 8,((((((((((28,(31,30)~ 29)~ 27) 25) 24) 14) 12,(((((28,(30,31)~ 29)~ 27) 25) 24) 34) 32)~ 11,(((((26) 25) 24) 14) 12) 11)+ 11,(((((36,37)~ 35,(36,37)~ 35)+ 35) 34) 32) 11)+ 11) 10) 8)+ 8) 6)~ 0
&t ((2,((4,5)~ 3,(5,4)~ 3)+ 3)~ 1,((((((39,40)~ 38,((((((((28) 27) 25) 24) 14) 12,((((((31,30)~ 29) 27) 25) 24) 34) 32)~ 11,((((((((28) 27) 25) 24) 14) 12,(((((28) 27) 25) 24) 34) 32)~ 11,((((((28) 27) 25) 24) 14) 12) 11)+ 11,((((((28,(31,30)~ 29)~ 27) 25) 24) 14) 12,((((((30,31)~ 29) 27) 25) 24) 34) 32)~ 11)+ 11)+ 11,(((((26) 25) 24) 14) 12) 11)+ 11)~ 10,(((33) 32) 11) 10)+ 10) 8,7)~ 6,((9) 8) 6)+ 6)~ 0
&t ((((9,((40) 38) 10)~ 8,(((((((((((((28,(31,30)~ 29)~ 27) 25) 24) 14) 12,(((((28,(30,31)~ 29)~ 27) 25) 24) 34) 32)~ 11,(((((26) 25) 24) 14) 12) 11)+ 11,((((((((21,22)~ 20) 19,(17,(18,18)+ 18)~ 16)~ 15,((23) 19) 15)+ 15,((18,17)~ 16) 15)+ 15) 14) 12) 11)+ 11,(((13,13)+ 13) 12) 11)+ 11,((33) 32) 11)+ 11,((((((((28,(31,30)~ 29)~ 27) 25) 24) 14) 12,(((((28,(31,30)~ 29)~ 27) 25) 24) 34) 32)~ 11,(((((26) 25) 24) 14) 12) 11)+ 11,((((37,36)~ 35) 34) 32) 11)+ 11)+ 11) 10) 8)+ 8) 6,(((5,(4,4)+ 4)~ 3,(5,4)~ 3)+ 3) 1)~ 0
&t (((9,(((40,39)~ 38,(((((((((28,(31,30)~ 29)~ 27) 25) 24) 14) 12,(((((28,(30,31)~ 29)~ 27) 25) 24) 34) 32)~ 11,(((((26) 25) 24) 14) 12) 11)+ 11,(((((18,17)~ 16,((23,23)+ 23,(22,21)~ 20)~ 19)~ 15) 14) 12) 11)+ 11,((13) 12) 11)+ 11)~ 10,((((((((28,(30,31)~ 29)~ 27) 25) 24) 14) 12,(((((28,(31,30)~ 29)~ 27) 25) 24) 34) 32)~ 11,(((((26) 25) 24) 14) 12) 11)+ 11) 10)+ 10)~ 8) 6,(((5,4)~ 3,(5,4)~ 3)+ 3,2)~ 1)~ 0
&t (((((((9,(((40,39)~ 38,(39,40)~ 38)+ 38) 10)~ 8,((((33) 32) 11) 10) 8)+ 8,(((((33,33)+ 33) 32) 11) 10) 8)+ 8,(((((((((((28) 27) 25) 24) 14) 12,((((((31,30)~ 29) 27) 25) 24) 34) 32)~ 11,((((((((30,31)~ 29) 27) 25) 24) 14) 12,((((((31,30)~ 29) 27) 25) 24) 34) 32)~ 11,((((((28) 27) 25) 24) 14) 12) 11)+ 11)+ 11,(((((26) 25) 24) 14) 12) 11)+ 11,((((37,36)~ 35) 34) 32) 11)+ 11) 10) 8)+ 8,((((13,((((22,21)~ 20) 19,(18,17)~ 16)~ 15) 14)~ 12) 11) 10) 8)+ 8) 6,(((4,5)~ 3,(4,5)~ 3)+ 3,2)~ 1)~ 0
&t ((7,(9) 8)~ 6,((2,(4,5)~ 3)~ 1,((4,5)~ 3) 1)+ 1)~ 0
&t (((((39,40)~ 38,((((((((((28,(31,30)~ 29)~ 27) 25) 24) 14) 12,(((((28,(30,31)~ 29)~ 27) 25) 24) 34) 32)~ 11,(((((26) 25) 24) 14) 12) 11)+ 11,((33) 32) 11)+ 11,((((((((28) 27) 25) 24) 14) 12,((((((31,30)~ 29) 27) 25) 24) 34) 32)~ 11,((((((((30) 29) 27) 25) 24) 14) 12,((((((31) 29,28)~ 27) 25) 24) 34) 32)~ 11,((((((((30,31)~ 29) 27) 25) 24) 14) 12,((((((31,30)~ 29) 27) 25) 24) 34) 32)~ 11,((((((28) 27) 25) 24) 14) 12) 11)+ 11)+ 11)+ 11,(((((26) 25) 24) 14) 12) 11)+ 11)+ 11,(((((23,(21,22)~ 20)~ 19) 15) 14) 12) 11)+ 11)~ 10) 8) 6,((5,4)~ 3,2)~ 1)~ 0
&t (((9,(((39,40)~ 38,(40,39)~ 38)+ 38,((((((((28,(30,31)~ 29)~ 27) 25) 24) 14) 12,(((((28,(30,31)~ 29)~ 27) 25) 24) 34) 32)~ 11,(((((26) 25) 24) 14) 12) 11)+ 11,((33,((37,36)~ 35) 34)~ 32) 11)+ 11)~ 10)~ 8,(7,7)+ 7)~ 6,(((4,5)~ 3,(5,4)~ 3)+ 3,2)~ 1)~ 0
&t (((7,(((((((((((((28,(30,31)~ 29)~ 27) 25) 24) 14) 12,(((((28,(30,31)~ 29)~ 27) 25) 24) 34) 32)~ 11,(((((26) 25) 24) 14) 12) 11)+ 11,(((((23,((21,22)~ 20,(22) 20)+ 20)~ 19,(17,18)~ 16)~ 15) 14) 12) 11)+ 11,((13) 12) 11)+ 11,((13,(((23,(22,21)~ 20)~ 19) 15) 14)~ 12) 11)+ 11,((((((((28) 27) 25) 24) 14) 12,(((((28,(30,31)~ 29)~ 27) 25) 24) 34) 32)~ 11,(((((26) 25) 24) 14) 12) 11)+ 11,((((36,37)~ 35) 34) 32) 11)+ 11)+ 11) 10) 8)~ 6,((9) 8) 6)+ 6,(((5,4)~ 3,(5,4)~ 3)+ 3,2)~ 1)~ 0
&t ((2,((4,5)~ 3,((5,4)~ 3,(5,4)~ 3)+ 3)+ 3)~ 1,(((((((13) 12,(((36,(37,37)+ 37)~ 35) 34) 32)~ 11,(((((((((((31) 29) 27) 25) 24) 14) 12,((((((30) 29,28)~ 27) 25) 24) 34) 32)~ 11,(((((((30) 29) 27) 25) 24) 14) 12,(((((28,(31) 29)~ 27) 25) 24) 34) 32)~ 11)+ 11,(((((26) 25) 24) 14) 12) 11)+ 11,((((((22,21)~ 20,23)~ 19,(17,18)~ 16)~ 15) 14) 12) 11)+ 11,(((33,33)+ 33) 32) 11)+ 11)+ 11,(((((((28,(30,31)~ 29)~ 27) 25) 24) 14) 12,((((((30,31)~ 29) 27) 25) 24) 34) 32)~ 11,(((((26) 25) 24) 14) 12) 11)+ 11)+ 11) 10,9)~ 8,7)~ 6)~ 0
&t ((2) 1,(7,((((39,40)~ 38,((((((26) 25) 24) 14) 12,(((36,37)~ 35) 34) 32)~ 11,((33) 32) 11)+ 11)~ 10,((((((((((28,(30,31)~ 29)~ 27) 25) 24) 14) 12,(((((28,(30,31)~ 29)~ 27) 25) 24) 34) 32)~ 11,(((((26) 25) 24) 14) 12) 11)+ 11,((((((22,21)~ 20,23)~ 19) 15) 14) 12) 11)+ 11,((13) 12) 11)+ 11) 10)+ 10,9)~ 8)~ 6)~ 0
&t (((9,((40,(39,39)+ 39)~ 38,((((((((((26) 25) 24) 14) 12,((((26) 25) 24) 34) 32)~ 11,((((((28,(30) 29)~ 27) 25) 24) 14) 12,(((((28,(31,30)~ 29)~ 27) 25) 24) 34) 32)~ 11)+ 11,((((37,36)~ 35) 34) 32) 11)+ 11,(((((((((28,(31,30)~ 29)~ 27) 25) 24) 14) 12,(((((28,(31,30)~ 29)~ 27) 25) 24) 34) 32)~ 11,(((((26) 25) 24) 14) 12) 11)+ 11,(((((17) 16,(23,(22,21)~ 20)~ 19)~ 15) 14) 12) 11)+ 11,((13) 12) 11)+ 11)+ 11,((33) 32) 11)+ 11,((((((((28,(31,30)~ 29)~ 27) 25) 24) 14) 12,(((((28,(30,31)~ 29)~ 27) 25) 24) 34) 32)~ 11,(((((26) 25) 24) 14) 12) 11)+ 11,((((((((((28,(30,31)~ 29)~ 27) 25) 24) 14) 12,(((((28,(30,31)~ 29)~ 27) 25) 24) 34) 32)~ 11,(((((26) 25) 24) 14) 12) 11)+ 11,(((((18,17)~ 16,(23,(21,22)~ 20)~ 19)~ 15) 14) 12) 11)+ 11,((13) 12) 11)+ 11,((33) 32) 11)+ 11)+ 11)+ 11)~ 10)~ 8) 6,(((2,2)+ 2,((4,5)~ 3,(4,5)~ 3)+ 3)~ 1,(2,((5,4)~ 3,(4) 3)+ 3)~ 1)+ 1)~ 0
&t ((((4,5)~ 3,(4,5)~ 3)+ 3) 1,(((((((((((((28,(31,30)~ 29)~ 27) 25) 24) 14) 12,(((((28,(30,31)~ 29)~ 27) 25) 24) 34) 32)~ 11,(((((26) 25) 24) 14) 12) 11)+ 11,(((((((28,(30,31)~ 29)~ 27) 25) 24) 14) 12,(((((28,(31,30)~ 29)~ 27) 25) 24) 34) 32)~ 11,(((((26) 25) 24) 14) 12) 11)+ 11)+ 11,((((37,(36,36)+ 36)~ 35) 34) 32) 11)+ 11,(39,40)~ 38)~ 10,(((((((((28,(30,31)~ 29)~ 27) 25) 24) 14) 12,(((((28,(31,30)~ 29)~ 27) 25) 24) 34) 32)~ 11,(((((23,(22,21)~ 20)~ 19,(17,18)~ 16)~ 15) 14) 12) 11)+ 11,((13) 12) 11)+ 11) 10)+ 10,(((9,9)+ 9,9)+ 9,9)+ 9)~ 8) 6)~ 0
&t (((7,7)+ 7,((((((9,9)+ 9,((((((18,17)~ 16) 15) 14) 12) 11) 10)~ 8,((((((((((28,(30,31)~ 29)~ 27) 25) 24) 14) 12,(((((28,(30,31)~ 29)~ 27) 25) 24) 34) 32)~ 11,(((((26) 25) 24) 14) 12) 11)+ 11,(((((23,(22,21)~ 20)~ 19) 15) 14) 12) 11)+ 11) 10) 8)+ 8,((((((((((((28) 27) 25) 24) 14) 12,((((((31,30)~ 29) 27) 25) 24) 34) 32)~ 11,(((((((((30) 29) 27) 25) 24) 14) 12,((((((30) 29) 27) 25) 24) 34) 32)~ 11,(((((((31) 29) 27) 25) 24) 14) 12) 11)+ 11,((((((28) 27) 25) 24) 14) 12) 11)+ 11)+ 11,(((((26) 25) 24) 14) 12) 11)+ 11,(((((((28,(31,30)~ 29)~ 27) 25) 24) 14) 12,(((((28,(30,31)~ 29)~ 27) 25) 24) 34) 32)~ 11,(((((26) 25) 24) 14) 12) 11)+ 11)+ 11,((((36,37)~ 35) 34) 32) 11)+ 11) 10) 8)+ 8,((((13) 12,(33) 32)~ 11) 10) 8)+ 8,(((40,39)~ 38) 10) 8)+ 8)~ 6) 0
&t ((2,((4,5)~ 3,(4) 3)+ 3)~ 1,(((((((((40,39)~ 38,((((((((((((28,(31,30)~ 29)~ 27) 25) 24) 14) 12,(((((28,(30,31)~ 29)~ 27) 25) 24) 34) 32)~ 11,(((((26) 25) 24) 14) 12) 11)+ 11,((((((((((31,30)~ 29) 27) 25) 24) 14) 12,((((((31,30)~ 29) 27) 25) 24) 34) 32)~ 11,((((((28) 27) 25) 24) 14) 12) 11)+ 11,((((((28) 27) 25) 24) 14) 12,((((((30,31)~ 29) 27) 25) 24) 34) 32)~ 11)+ 11,(((((26) 25) 24) 14) 12,((((26) 25) 24) 34) 32)~ 11)+ 11)+ 11,(((((17,18)~ 16,(23,(21,22)~ 20)~ 19)~ 15) 14) 12) 11)+ 11,((13) 12) 11)+ 11,((((37) 35) 34) 32) 11)+ 11,((33) 32) 11)+ 11)~ 10,(((((((28,(31,30)~ 29)~ 27) 25) 24) 14) 12,(((((28,(30,31)~ 29)~ 27) 25) 24) 34) 32)~ 11) 10)+ 10) 8,(7,(7,7)+ 7)+ 7)~ 6,((9) 8) 6)+ 6,((((((((((28,(30,31)~ 29)~ 27) 25) 24) 14) 12,(((((28,(30,31)~ 29)~ 27) 25) 24) 34) 32)~ 11,((33,((36,37)~ 35) 34)~ 32,(13,((((23) 19,((17,18)~ 16,(18,17)~ 16)+ 16)~ 15,(((21,22)~ 20) 19) 15)+ 15) 14)~ 12)~ 11)+ 11) 10) 8) 6)+ 6,((((((((((((((((31) 29) 27) 25) 24) 14) 12,((((((30) 29) 27) 25) 24) 34) 32)~ 11,((((((28) 27) 25) 24) 14) 12,(((((28,(30,31)~ 29)~ 27) 25) 24) 34) 32)~ 11)+ 11,(((((26) 25) 24) 14) 12) 11)+ 11,((13) 12) 11)+ 11,(((((18,17)~ 16,(23,(22,21)~ 20)~ 19)~ 15) 14) 12) 11)+ 11,((33) 32) 11)+ 11,((((((((28,(31,30)~ 29)~ 27) 25) 24) 14) 12,(((((28,(31,30)~ 29)~ 27) 25) 24) 34) 32)~ 11,(((((26) 25) 24) 14) 12) 11)+ 11,((((37,36)~ 35) 34) 32) 11)+ 11)+ 11,(40,39)~ 38)~ 10) 8) 6)+ 6,((9) 8) 6)+ 6)~ 0
&t (((9,((40,39)~ 38,((((((((22,21)~ 20) 19,(17,18)~ 16)~ 15) 14) 12,((((26) 25) 24) 34) 32)~ 11,((13) 12) 11)+ 11,((((((((28,(31,30)~ 29)~ 27) 25) 24) 14) 12,(((((28,(30,31)~ 29)~ 27) 25) 24) 34) 32)~ 11,(((((26) 25) 24) 14) 12) 11)+ 11,((33) 32) 11)+ 11)+ 11)~ 10)~ 8) 6) 0
&t ((7,(9,((40,39)~ 38,((((((26) 25) 24) 34) 32,((13,13)+ 13,(((18,(17,17)+ 17)~ 16,(23,(21,22)~ 20)~ 19)~ 15) 14)~ 12)~ 11,(((((((((28,(30,31)~ 29)~ 27) 25) 24) 14) 12,(((((28,(30,31)~ 29)~ 27) 25) 24) 34) 32)~ 11,((((((28) 27) 25) 24) 14) 12,((((((30,31)~ 29) 27) 25) 24) 34) 32)~ 11)+ 11,(((((26) 25) 24) 14) 12) 11)+ 11,((33,((36,37)~ 35) 34)~ 32) 11)+ 11)+ 11)~ 10)~ 8)~ 6,(((4,5)~ 3,(4,5)~ 3)+ 3,2)~ 1)~ 0
&t ((2,((4,5)~ 3,(4,5)~ 3)+ 3)~ 1,(((9,9)+ 9,((((((((((((28,(31,30)~ 29)~ 27) 25) 24) 14) 12,(((((28,(30,31)~ 29)~ 27) 25) 24) 34) 32)~ 11,(((((26) 25) 24) 14) 12) 11)+ 11,((13) 12) 11)+ 11,(((((17,18)~ 16,((22) 20,23)~ 19)~ 15) 14) 12) 11)+ 11,((33) 32) 11)+ 11,((((((((28,(31,30)~ 29)~ 27) 25) 24) 14) 12,(((((28,(31,30)~ 29)~ 27) 25) 24) 34) 32)~ 11,(((((((28,(30,31)~ 29)~ 27) 25) 24) 14) 12,(((((28,(30,31)~ 29)~ 27) 25) 24) 34) 32)~ 11,(((((26) 25) 24) 14) 12) 11)+ 11)+ 11,((((37,36)~ 35) 34) 32) 11)+ 11)+ 11,(39,40)~ 38)~ 10)~ 8,7)~ 6)~ 0
&t ((2,((5,4)~ 3,(4) 3)+ 3)~ 1,(7,((9,9)+ 9,(((((40,39)~ 38,((((((((28,(31,30)~ 29)~ 27) 25) 24) 14) 12,(((((28,(30,31)~ 29)~ 27) 25) 24) 34) 32)~ 11,(((((26) 25) 24) 14) 12) 11)+ 11,((((37,36)~ 35) 34) 32) 11)+ 11)~ 10,((((((((((28,(31,30)~ 29)~ 27) 25) 24) 14) 12,(((((28,(30,31)~ 29)~ 27) 25) 24) 34) 32)~ 11,(((((26) 25) 24) 14) 12) 11)+ 11,((((36,37)~ 35) 34) 32) 11)+ 11,((33) 32) 11)+ 11) 10)+ 10,(((((((((28,(30,31)~ 29)~ 27) 25) 24) 14) 12,(((((28,(30,31)~ 29)~ 27) 25) 24) 34) 32)~ 11,(((((26) 25) 24) 14) 12) 11)+ 11,(((((18,17)~ 16,(23,(22,21)~ 20)~ 19)~ 15) 14) 12) 11)+ 11) 10)+ 10,(((13) 12) 11) 10)+ 10)~ 8)~ 6)~ 0
&t (((5,4)~ 3) 1,(((((((39) 38) 10,9)~ 8,((((((((((((28,(31,30)~ 29)~ 27) 25) 24) 14) 12,(((((28,(31,30)~ 29)~ 27) 25) 24) 34) 32)~ 11,(((((26) 25) 24) 14) 12) 11)+ 11,(((((23,(21,22)~ 20)~ 19) 15) 14) 12) 11)+ 11,((13) 12) 11)+ 11,((((((((((28,(31,30)~ 29)~ 27) 25) 24) 14) 12,(((((28,(31,30)~ 29)~ 27) 25) 24) 34) 32)~ 11,(((((26) 25) 24) 14) 12) 11)+ 11,((((((22,21)~ 20) 19) 15) 14) 12) 11)+ 11,(((((23) 19,(18,17)~ 16)~ 15) 14) 12) 11)+ 11,(((((26) 25) 24) 14) 12) 11)+ 11)+ 11) 10) 8)+ 8,((((33) 32) 11) 10) 8)+ 8,(((((((37,36)~ 35,(36,37)~ 35)+ 35) 34) 32,((((26,(28,(30,31)~ 29)~ 27)~ 25) 24) 14) 12)~ 11) 10) 8)+ 8) 6)~ 0
&t (((9,((39,(40,40)+ 40)~ 38,(((((((((((28,(31,30)~ 29)~ 27) 25) 24) 14) 12,(((((28,(31,30)~ 29)~ 27) 25) 24) 34) 32)~ 11,(((((26) 25) 24) 14) 12) 11)+ 11,(((((17,18)~ 16,((21,22)~ 20,(23,23)+ 23)~ 19)~ 15) 14) 12) 11)+ 11,((13) 12) 11)+ 11,((33) 32) 11)+ 11,(((((((((28) 27) 25) 24) 14) 12,(((((28,(30,31)~ 29)~ 27) 25) 24) 34) 32)~ 11,(((((26) 25) 24) 14) 12) 11)+ 11,((((37,36)~ 35) 34) 32) 11)+ 11,(((((26) 25) 24) 14) 12) 11)+ 11)+ 11)~ 10)~ 8) 6,(((5,4)~ 3,(4) 3)+ 3,2)~ 1)~ 0
&t ((2,((4,5)~ 3,(5,4)~ 3)+ 3)~ 1,((((((((((((28) 27) 25) 24) 14) 12,((((((31,30)~ 29) 27) 25) 24) 34) 32)~ 11,(((((((31) 29) 27) 25) 24) 14) 12,(((((28,(30) 29)~ 27) 25) 24) 34) 32)~ 11)+ 11,(((33) 32,(13) 12)~ 11,(((((18,17)~ 16,(23,(21,22)~ 20)~ 19)~ 15) 14) 12) 11)+ 11)+ 11,(((((((((28,(30,31)~ 29)~ 27) 25) 24) 14) 12,(((((28,(30,31)~ 29)~ 27) 25) 24) 34) 32)~ 11,(((((26) 25) 24) 14) 12) 11)+ 11,((((37,36)~ 35) 34) 32) 11)+ 11,(((((26) 25) 24) 14) 12,((((26) 25) 24) 34) 32)~ 11)+ 11)+ 11) 10) 8,7)~ 6)~ 0
&t (((((((9,9)+ 9,((((((((((((28,(30,31)~ 29)~ 27) 25) 24) 14) 12,(((((28,(31,30)~ 29)~ 27) 25) 24) 34) 32)~ 11,(((((26) 25) 24) 14) 12) 11)+ 11,(((((23) 19,(18) 16)~ 15) 14) 12) 11)+ 11,((13) 12) 11)+ 11,((13) 12) 11)+ 11,((33) 32) 11)+ 11) 10)~ 8,(((((((((((((28,(31,30)~ 29)~ 27) 25) 24) 14) 12,(((((28,(30,31)~ 29)~ 27) 25) 24) 34) 32)~ 11,(((((26) 25) 24) 14) 12) 11)+ 11,(((((17,18)~ 16,(23,(22,21)~ 20)~ 19)~ 15) 14) 12) 11)+ 11,(((13,13)+ 13) 12) 11)+ 11,(((((((((28,(31,30)~ 29)~ 27) 25) 24) 14) 12,(((((28,(31,30)~ 29)~ 27) 25) 24) 34) 32)~ 11,(((((26) 25) 24) 14) 12) 11)+ 11,((((((28,(31,30)~ 29)~ 27) 25) 24) 14) 12,(((((28,(31,30)~ 29)~ 27) 25) 24) 34) 32)~ 11)+ 11,((((37) 35) 34) 32) 11)+ 11)+ 11,((33) 32) 11)+ 11) 10) 8)+ 8,((((39,40)~ 38,(39,40)~ 38)+ 38) 10) 8)+ 8,(((40,39)~ 38) 10) 8)+ 8) 6,((((4,4)+ 4,5)~ 3,(5,4)~ 3)+ 3,2)~ 1)~ 0
&t ((2,(((4,5)~ 3,(4) 3)+ 3,(5) 3)+ 3)~ 1) 0
&t (((7,(7,7)+ 7)+ 7,(9,(((((((((((28,(31,30)~ 29)~ 27) 25) 24) 14) 12,(((((28,(30,31)~ 29)~ 27) 25) 24) 34) 32)~ 11,(((((26) 25) 24) 14) 12) 11)+ 11,(((((17,18)~ 16,(23,(22,21)~ 20)~ 19)~ 15) 14) 12) 11)+ 11,(((((((((((31,30)~ 29) 27) 25) 24) 14) 12,((((((31,30)~ 29) 27) 25) 24) 34) 32)~ 11,((((((28) 27) 25) 24) 14) 12) 11)+ 11,((((((28) 27) 25) 24) 14) 12,((((((30,31)~ 29) 27) 25) 24) 34) 32)~ 11)+ 11,(((((26) 25) 24) 14) 12) 11)+ 11,((33,((37,36)~ 35) 34)~ 32) 11)+ 11)+ 11,((13) 12) 11)+ 11) 10)~ 8)~ 6,((((5,4)~ 3,(4,5)~ 3)+ 3,2)~ 1,((2,2)+ 2,(((4,5)~ 3,(5,4)~ 3)+ 3,(4,5)~ 3)+ 3)~ 1)+ 1)~ 0
&t ((2) 1,(((9,9)+ 9,((((((((((((28,(31,30)~ 29)~ 27) 25) 24) 14) 12,(((((28,(30,31)~ 29)~ 27) 25) 24) 34) 32)~ 11,((((((28) 27) 25) 24) 14) 12,((((((31,30)~ 29) 27) 25) 24) 34) 32)~ 11)+ 11,(((((26) 25) 24) 14) 12) 11)+ 11,((((37,36)~ 35) 34) 32) 11)+ 11,((33) 32) 11)+ 11,((((((((30,31)~ 29,28)~ 27,26)~ 25) 24) 34) 32,(13) 12)~ 11,((((((23) 19,((18,17)~ 16,((18,(17,17)+ 17)~ 16,(17,18)~ 16)+ 16)+ 16)~ 15,(((21,22)~ 20) 19) 15)+ 15) 14) 12) 11)+ 11)+ 11,(39,40)~ 38)~ 10)~ 8) 6)~ 0
&t ((2,((4,5)~ 3,(5,4)~ 3)+ 3)~ 1,((7,(9) 8)~ 6,(((((40,39)~ 38,(((33,33)+ 33) 32) 11)~ 10,(((((((((28,(31,30)~ 29)~ 27) 25) 24) 14) 12,(((((28,(30,31)~ 29)~ 27) 25) 24) 34) 32)~ 11,(((((26) 25) 24) 14) 12) 11)+ 11,(((((((((((31,30)~ 29,28)~ 27) 25) 24) 14) 12,(((((28,(31,30)~ 29)~ 27) 25) 24) 34) 32)~ 11,(((((26) 25) 24) 14) 12) 11)+ 11,(((((((22,21)~ 20,(21,22)~ 20)+ 20) 19) 15) 14) 12) 11)+ 11,(((((18,17)~ 16) 15) 14) 12) 11)+ 11,((13) 12) 11)+ 11)+ 11) 10)+ 10) 8) 6)+ 6)~ 0
&t (((((39,40)~ 38) 10,9)~ 8,7)~ 6,(2,((4,5)~ 3,(5,4)~ 3)+ 3)~ 1)~ 0
&t (((9) 8) 6,((2,((4,5)~ 3,(4,5)~ 3)+ 3)~ 1,(2) 1)+ 1)~ 0
&t ((2,((5,4)~ 3,(5,4)~ 3)+ 3)~ 1,(((((40,39)~ 38,(((((((((28) 27) 25) 24) 14) 12,(((((28) 27) 25) 24) 34) 32)~ 11,(((((26) 25) 24) 14) 12) 11)+ 11,((((36,37)~ 35) 34) 32) 11)+ 11,(((((((((((30) 29,28)~ 27) 25) 24) 14) 12,((((((31) 29) 27) 25) 24) 34) 32)~ 11,(((((26) 25) 24) 14) 12) 11)+ 11,(((((23,(22,21)~ 20)~ 19,((18,17)~ 16,(18) 16)+ 16)~ 15) 14) 12) 11)+ 11,(((13,13)+ 13) 12) 11)+ 11,((33) 32) 11)+ 11)+ 11)~ 10,((40,(39,39)+ 39)~ 38) 10)+ 10) 8,7)~ 6)~ 0
&t ((2,(((4,5)~ 3,(5) 3)+ 3,(4) 3)+ 3)~ 1) 0
&t (((((((((40,39)~ 38,(40,39)~ 38)+ 38,(39,40)~ 38)+ 38,(40,39)~ 38)+ 38) 10,9)~ 8,(((((((((((((28,(31,30)~ 29)~ 27) 25) 24) 14) 12,(((((28,(30,31)~ 29)~ 27) 25) 24) 34) 32)~ 11,(((((26) 25) 24) 14) 12) 11)+ 11,(((((23,(22,21)~ 20)~ 19) 15) 14) 12) 11)+ 11,((13) 12) 11)+ 11,(((((17) 16) 15) 14) 12) 11)+ 11,(((((((((28) 27) 25) 24) 14) 12,(((((28) 27) 25) 24) 34) 32)~ 11,((((((28,(30,31)~ 29)~ 27) 25) 24) 14) 12,((((26,(28,(31,30)~ 29)~ 27)~ 25) 24) 34) 32)~ 11)+ 11,(((((((31) 29) 27) 25) 24) 14) 12,((((((30) 29) 27) 25) 24) 34) 32)~ 11)+ 11,((((37,36)~ 35) 34) 32) 11)+ 11)+ 11) 10) 8)+ 8) 6,(((5,4)~ 3,2)~ 1,((4,5)~ 3) 1)+ 1)~ 0
&t (((9,((40,(39,39)+ 39)~ 38,((((((((((26) 25) 24) 14) 12,((((26) 25) 24) 34) 32)~ 11,((((((((31) 29) 27) 25) 24) 14) 12,((((((30) 29,28)~ 27) 25) 24) 34) 32)~ 11,((((((28) 27) 25) 24) 14) 12,((((((30,31)~ 29) 27) 25) 24) 34) 32)~ 11)+ 11)+ 11,(((((((28,(31,30)~ 29)~ 27) 25) 24) 14) 12,(((((28,(31,30)~ 29)~ 27) 25) 24) 34) 32)~ 11,(((((26) 25) 24) 14) 12) 11)+ 11)+ 11,((((36,37)~ 35) 34) 32) 11)+ 11,((33) 32) 11)+ 11,(((((((((28,(30,31)~ 29)~ 27) 25) 24) 14) 12,(((((28,(30,31)~ 29)~ 27) 25) 24) 34) 32)~ 11,(((((26) 25) 24) 14) 12) 11)+ 11,(((((18,17)~ 16,(23,(21,22)~ 20)~ 19)~ 15) 14) 12) 11)+ 11,((13) 12) 11)+ 11)+ 11)~ 10)~ 8) 6,(((4,5)~ 3,(5,4)~ 3)+ 3) 1)~ 0
&t (((((7,(((((((((((((28) 27) 25) 24) 14) 12,(((((28,(31,30)~ 29)~ 27) 25) 24) 34) 32)~ 11,((((((28) 27) 25) 24) 14) 12,((((((31,30)~ 29) 27) 25) 24) 34) 32)~ 11)+ 11,(((((26) 25) 24) 14) 12,((((26) 25) 24) 34) 32)~ 11)+ 11,(((33,33)+ 33) 32) 11)+ 11,((((37,36)~ 35) 34) 32) 11)+ 11,(((((((((28,(31,30)~ 29)~ 27) 25) 24) 14) 12,(((((28,(31,30)~ 29)~ 27) 25) 24) 34) 32)~ 11,(((((26) 25) 24) 14) 12) 11)+ 11,((((((21) 20) 19) 15) 14) 12) 11)+ 11,(((13,13)+ 13) 12) 11)+ 11)+ 11) 10) 8)~ 6,((((39,40)~ 38) 10) 8) 6)+ 6,((((((((((26) 25) 24) 14) 12,((((26) 25) 24) 34) 32)~ 11,((((36) 35) 34) 32) 11)+ 11,((((((((((28,(31,30)~ 29)~ 27) 25) 24) 14) 12,(((((28,(31,30)~ 29)~ 27) 25) 24) 34) 32)~ 11,(((((26) 25) 24) 14) 12) 11)+ 11,(((((17,18)~ 16,(23,(22,21)~ 20)~ 19)~ 15) 14) 12) 11)+ 11,((13) 12) 11)+ 11,((33) 32) 11)+ 11)+ 11) 10) 8) 6)+ 6,((9) 8) 6)+ 6,((((4,5)~ 3,(5,4)~ 3)+ 3,2)~ 1,(((5,4)~ 3,(5,4)~ 3)+ 3) 1)+ 1)~ 0
&t ((2,((5,4)~ 3,(4,5)~ 3)+ 3)~ 1,(((7,(((((((((((28,(31,30)~ 29)~ 27) 25) 24) 14) 12,(((((28,(30,31)~ 29)~ 27) 25) 24) 34) 32)~ 11,(((((26) 25) 24) 14) 12) 11)+ 11,(((((((((30) 29) 27) 25) 24) 14) 12,((((((31) 29,28)~ 27) 25) 24) 34) 32)~ 11,((((((28) 27) 25) 24) 14) 12,((((((31,30)~ 29) 27) 25) 24) 34) 32)~ 11)+ 11,(((((26) 25) 24) 14) 12) 11)+ 11)+ 11,((((36,37)~ 35) 34) 32) 11)+ 11) 10) 8)~ 6,(((9,((((((((((((31) 29) 27) 25) 24) 14) 12,(((((28,(30) 29)~ 27) 25) 24) 34) 32)~ 11,((((((28) 27) 25) 24) 14) 12,((((((31,30)~ 29) 27) 25) 24) 34) 32)~ 11)+ 11,(((((26) 25) 24) 14) 12) 11)+ 11,(((((18) 16,((22,21)~ 20) 19)~ 15) 14) 12) 11)+ 11,((13) 12) 11)+ 11) 10)~ 8,(((((33,33)+ 33) 32) 11) 10) 8)+ 8) 6)+ 6,((((39,40)~ 38) 10) 8) 6)+ 6)~ 0
&t ((7,(9,(((((40,39)~ 38,((40,39)~ 38,(40) 38)+ 38)+ 38,(((((((26) 25) 24) 14) 12,((((26) 25) 24) 34) 32)~ 11,((((((28) 27) 25) 24) 14) 12,((((((31,30)~ 29) 27) 25) 24) 34) 32)~ 11)+ 11,((((37,36)~ 35) 34) 32) 11)+ 11)~ 10,((((((((28,(30,31)~ 29)~ 27) 25) 24) 14) 12,(((((28,(30,31)~ 29)~ 27) 25) 24) 34) 32)~ 11,(((((26) 25) 24) 14) 12) 11)+ 11) 10)+ 10,((((((23) 19,(18,17)~ 16)~ 15) 14) 12) 11) 10)+ 10)~ 8)~ 6) 0
&t ((7,(((((((((((((28) 27) 25) 24) 14) 12,((((((30,31)~ 29) 27) 25) 24) 34) 32)~ 11,((((((((30) 29) 27) 25) 24) 14) 12,((((((31) 29) 27) 25) 24) 34) 32)~ 11,((((((28) 27) 25) 24) 14) 12,(((((28) 27) 25) 24) 34) 32)~ 11)+ 11)+ 11,(((((26) 25) 24) 14) 12) 11)+ 11,((((36,37)~ 35) 34) 32) 11)+ 11,((((((((28,(31,30)~ 29)~ 27) 25) 24) 14) 12,(((((28,(31,30)~ 29)~ 27) 25) 24) 34) 32)~ 11,(((((23,(21,22)~ 20)~ 19,(18,17)~ 16)~ 15) 14) 12) 11)+ 11,((13) 12) 11)+ 11)+ 11,(((33,33)+ 33) 32) 11)+ 11,(39,40)~ 38)~ 10) 8)~ 6) 0
&t ((2,((5,4)~ 3,(5,4)~ 3)+ 3)~ 1,((7,7)+ 7,(((9,((((((((28,(30,31)~ 29)~ 27) 25) 24) 14) 12,(((((28,(30,31)~ 29)~ 27) 25) 24) 34) 32)~ 11,(((((26) 25) 24) 14) 12) 11)+ 11) 10)~ 8,((((((((18,17)~ 16) 15) 14) 12,((((26,(28,(31,30)~ 29)~ 27)~ 25) 24) 34) 32)~ 11,((13) 12) 11)+ 11) 10) 8)+ 8,(((((33,33)+ 33) 32) 11) 10) 8)+ 8)~ 6)~ 0
&t ((2) 1,(7,((((((13) 12,(33,(((26,(28,(31,30)~ 29)~ 27)~ 25) 24) 34)~ 32)~ 11,((((37,36)~ 35) 34) 32) 11)+ 11,((((((((28,(30,31)~ 29)~ 27) 25) 24) 14) 12,(((((28,(30,31)~ 29)~ 27) 25) 24) 34) 32)~ 11,(((((26) 25) 24) 14) 12) 11)+ 11,(((((18,17)~ 16,(23,(22,21)~ 20)~ 19)~ 15) 14) 12) 11)+ 11)+ 11,(39,40)~ 38)~ 10) 8)~ 6)~ 0
&t ((7,(((40,39)~ 38) 10) 8)~ 6) 0
&t ((7,(9,(((39,40)~ 38,((((((((28,(30,31)~ 29)~ 27) 25) 24) 14) 12,(((((28,(30,31)~ 29)~ 27) 25) 24) 34) 32)~ 11,(((((26) 25) 24) 14) 12) 11)+ 11,(((((17,(18,18)+ 18)~ 16,(23,((22,21)~ 20,(21,22)~ 20)+ 20)~ 19)~ 15) 14) 12) 11)+ 11)~ 10,(((((((((((((31) 29) 27) 25) 24) 14) 12,((((((30) 29) 27) 25) 24) 34) 32)~ 11,(((((((28) 27) 25) 24) 14) 12,((((((31,30)~ 29) 27) 25) 24) 34) 32)~ 11,((((((((28) 27) 25) 24) 14) 12,(((((28) 27) 25) 24) 34) 32)~ 11,(((((((30) 29) 27) 25) 24) 14) 12,((((((31) 29) 27) 25) 24) 34) 32)~ 11)+ 11,((((((((31) 29) 27) 25) 24) 14) 12,((((((30) 29) 27) 25) 24) 34) 32)~ 11,((((((28) 27) 25) 24) 14) 12,(((((28) 27) 25) 24) 34) 32)~ 11)+ 11)+ 11)+ 11)+ 11,(((((26) 25) 24) 14) 12) 11)+ 11,((33) 32) 11)+ 11,((((37,36)~ 35) 34) 32) 11)+ 11,((((36) 35) 34) 32) 11)+ 11) 10)+ 10)~ 8)~ 6,(((5,4)~ 3,(5) 3)+ 3,2)~ 1)~ 0
&t ((((9,(((40,39)~ 38,(((((((((((28,(30,31)~ 29)~ 27) 25) 24) 14) 12,(((((28,(31,30)~ 29)~ 27) 25) 24) 34) 32)~ 11,(((((((30,31)~ 29) 27) 25) 24) 14) 12,(((((28,(30,31)~ 29)~ 27) 25) 24) 34) 32)~ 11)+ 11,((((((28,(30,31)~ 29)~ 27) 25) 24) 14) 12,((((((31) 29,28)~ 27) 25) 24) 34) 32)~ 11)+ 11,(((((26) 25) 24) 14) 12) 11)+ 11,((((((17,18)~ 16,(18,17)~ 16)+ 16,(23,(21,22)~ 20)~ 19)~ 15) 14) 12) 11)+ 11,(((((((((28,(30,31)~ 29)~ 27) 25) 24) 14) 12,((((((30) 29,28)~ 27) 25) 24) 34) 32)~ 11,(((((26) 25) 24) 14) 12) 11)+ 11,((((37,36)~ 35) 34) 32) 11)+ 11,((33) 32) 11)+ 11)+ 11)~ 10,((((((((((28,(30,31)~ 29)~ 27) 25) 24) 14) 12,(((((28,(31,30)~ 29)~ 27) 25) 24) 34) 32)~ 11,(((((((21,22)~ 20) 19,(17,18)~ 16)~ 15,((23) 19) 15)+ 15) 14) 12) 11)+ 11,(((((((((28,(30,31)~ 29)~ 27) 25) 24) 14) 12,(((((28,(30,31)~ 29)~ 27) 25) 24) 34) 32)~ 11,(((((26) 25) 24) 14) 12) 11)+ 11,(((((((28,(31,30)~ 29)~ 27) 25) 24) 14) 12,(((((28,(30,31)~ 29)~ 27) 25) 24) 34) 32)~ 11,(((((26) 25) 24) 14) 12) 11)+ 11)+ 11,(((((26) 25) 24) 14) 12) 11)+ 11)+ 11,(((((((((28,(31,30)~ 29)~ 27) 25) 24) 14) 12,(((((28,(31,30)~ 29)~ 27) 25) 24) 34) 32)~ 11,((((36,37)~ 35) 34) 32) 11)+ 11,(((((26) 25) 24) 14) 12) 11)+ 11,((33) 32) 11)+ 11)+ 11) 10)+ 10)~ 8,(7,7)+ 7)~ 6,(7) 6)+ 6,((((5,(4,4)+ 4)~ 3,(5,4)~ 3)+ 3,2)~ 1,(2,((5,4)~ 3,(4,5)~ 3)+ 3)~ 1)+ 1)~ 0
&t (((2,(4,5)~ 3)~ 1,((4,5)~ 3) 1)+ 1,((((39,40)~ 38,((((33) 32,((((18,17)~ 16,(23,(21,22)~ 20)~ 19)~ 15) 14) 12)~ 11,((13) 12) 11)+ 11,(((((26,(28,(30,31)~ 29)~ 27)~ 25) 24) 14) 12,(((37,36)~ 35) 34) 32)~ 11)+ 11)~ 10,9)~ 8,7)~ 6)~ 0
&t ((2,((5,4)~ 3,(5,4)~ 3)+ 3)~ 1,(((((((((((((28,(31,30)~ 29)~ 27) 25) 24) 14) 12,(((((28,(30,31)~ 29)~ 27) 25) 24) 34) 32)~ 11,(((((26) 25) 24) 14) 12) 11)+ 11,(((((23,(21,22)~ 20)~ 19,(17,18)~ 16)~ 15) 14) 12) 11)+ 11,((13) 12) 11)+ 11,(((((((((28,(31,30)~ 29)~ 27) 25) 24) 14) 12,(((((28,(31,30)~ 29)~ 27) 25) 24) 34) 32)~ 11,((((36,37)~ 35) 34) 32) 11)+ 11,(((((26) 25) 24) 14) 12) 11)+ 11,((33) 32) 11)+ 11)+ 11,(40,39)~ 38)~ 10) 8,7)~ 6)~ 0
&t (((9,((39,40)~ 38,((33) 32,(13,(((26,(28,(30,31)~ 29)~ 27)~ 25) 24,((18,17)~ 16,(23,(22) 20)~ 19)~ 15)~ 14)~ 12)~ 11)~ 10)~ 8) 6,(((5,4)~ 3,(5,4)~ 3)+ 3,2)~ 1)~ 0
&t ((7,(9,((((((((((((28) 27) 25) 24) 14) 12,((((((31,30)~ 29) 27) 25) 24) 34) 32)~ 11,((((((((30,31)~ 29) 27) 25) 24) 14) 12,((((((30,31)~ 29) 27) 25) 24) 34) 32)~ 11,((((((28) 27) 25) 24) 14) 12) 11)+ 11)+ 11,(((((26) 25) 24) 14) 12) 11)+ 11,(((((((((28,(30,31)~ 29)~ 27) 25) 24) 14) 12,(((((28,(31,30)~ 29)~ 27) 25) 24) 34) 32)~ 11,(((((26) 25) 24) 14) 12) 11)+ 11,(((((23,(22,21)~ 20)~ 19,((17,18)~ 16,(18,17)~ 16)+ 16)~ 15) 14) 12) 11)+ 11,((13) 12) 11)+ 11)+ 11,((33) 32) 11)+ 11,((((36,37)~ 35) 34) 32) 11)+ 11) 10)~ 8)~ 6) 0
&t ((2,((4,5)~ 3,((5,4)~ 3,(5) 3)+ 3)+ 3)~ 1,(((((7,((((39,39)+ 39) 38) 10) 8)~ 6,((((((((17,18)~ 16,(23,(21,22)~ 20)~ 19)~ 15) 14) 12) 11) 10) 8) 6)+ 6,((((((((26) 25) 24) 14) 12,(((((28,(31,30)~ 29)~ 27) 25) 24) 34) 32)~ 11) 10) 8) 6)+ 6,((((((((((((31,30)~ 29) 27) 25) 24) 14) 12,(((((28,(30,31)~ 29)~ 27) 25) 24) 34) 32)~ 11,(((((26) 25) 24) 14) 12) 11)+ 11,((((37) 35) 34) 32) 11)+ 11) 10) 8) 6)+ 6,(((9,(9,9)+ 9)+ 9) 8) 6)+ 6)~ 0
&t (((((((((((((28,(31,30)~ 29)~ 27) 25) 24) 14) 12,(((((28,(30,31)~ 29)~ 27) 25) 24) 34) 32)~ 11,(((((26) 25) 24) 14) 12) 11)+ 11,((((36,37)~ 35) 34) 32) 11)+ 11,((40,39)~ 38,(40) 38)+ 38)~ 10,(((((((((28,(30,31)~ 29)~ 27) 25) 24) 14) 12,(((((28,(31,30)~ 29)~ 27) 25) 24) 34) 32)~ 11,((13) 12) 11)+ 11,((((((((22,21)~ 20) 19,(18,17)~ 16)~ 15,((23) 19) 15)+ 15,((18,17)~ 16) 15)+ 15) 14) 12) 11)+ 11) 10)+ 10,(9,9)+ 9)~ 8) 6,((((5,5)+ 5,4)~ 3,(4,5)~ 3)+ 3) 1)~ 0
&t (((9,(((((39,40)~ 38,((((((((26) 25) 24) 14) 12,((((26) 25) 24) 34) 32)~ 11,(((((((28,(31,30)~ 29)~ 27) 25) 24) 14) 12,(((((28,(30,31)~ 29)~ 27) 25) 24) 34) 32)~ 11,((((((28,(31,30)~ 29)~ 27) 25) 24) 14) 12,(((((28,(31,30)~ 29)~ 27) 25) 24) 34) 32)~ 11)+ 11)+ 11,((13,(((23,(22,21)~ 20)~ 19) 15) 14)~ 12) 11)+ 11,((33) 32) 11)+ 11)~ 10,(((((36,37)~ 35) 34) 32) 11) 10)+ 10,((((((26) 25) 24) 14) 12,(((((28,(30,31)~ 29)~ 27) 25) 24) 34) 32)~ 11) 10)+ 10,(((((36,37)~ 35) 34) 32) 11) 10)+ 10)~ 8) 6,(((5,4)~ 3,(4,5)~ 3)+ 3,2)~ 1)~ 0
&t ((2,((5,4)~ 3,(5,4)~ 3)+ 3)~ 1,(((((39,40)~ 38,((33) 32) 11)~ 10,(((((((((28,(31,30)~ 29)~ 27) 25) 24) 14) 12,(((((28,(30,31)~ 29)~ 27) 25) 24) 34) 32)~ 11,(((((26) 25) 24) 14) 12) 11)+ 11,((((36,(37,37)+ 37)~ 35) 34) 32) 11)+ 11) 10)+ 10,(9,9)+ 9)~ 8,7)~ 6)~ 0
&t ((7,(((((((((((((28,(31,30)~ 29)~ 27) 25) 24) 14) 12,(((((28,(31,30)~ 29)~ 27) 25) 24) 34) 32)~ 11,(((((26) 25) 24) 14) 12) 11)+ 11,((((37,36)~ 35) 34) 32) 11)+ 11,((((((((28,(30,31)~ 29)~ 27) 25) 24) 14) 12,(((((28,(30,31)~ 29)~ 27) 25) 24) 34) 32)~ 11,(((((26) 25) 24) 14) 12) 11)+ 11,((13,(((18,17)~ 16,(23,(21,22)~ 20)~ 19)~ 15) 14)~ 12) 11)+ 11)+ 11,((33) 32) 11)+ 11) 10,9)~ 8,(9) 8)+ 8)~ 6) 0
&t ((7,((9,(((((((((28,(31,30)~ 29)~ 27) 25) 24) 14) 12,(((((28,(31,30)~ 29)~ 27) 25) 24) 34) 32)~ 11,(((((((28) 27) 25) 24) 14) 12,((((((30,31)~ 29) 27) 25) 24) 34) 32)~ 11,((((((28,(30,31)~ 29)~ 27) 25) 24) 14) 12,(((((28,(30,31)~ 29)~ 27) 25) 24) 34) 32)~ 11)+ 11)+ 11,(((((26) 25) 24) 14) 12) 11)+ 11) 10)~ 8,(((39,(40,40)+ 40)~ 38,((((((((28,(31,30)~ 29)~ 27) 25) 24) 14) 12,(((((28,(31,30)~ 29)~ 27) 25) 24) 34) 32)~ 11,(((((26) 25) 24) 14) 12) 11)+ 11,((13,(((23,(21,22)~ 20)~ 19,(18,17)~ 16)~ 15) 14)~ 12) 11)+ 11)~ 10) 8)+ 8)~ 6,(((4,5)~ 3,2)~ 1,((5,4)~ 3) 1)+ 1)~ 0
&t ((7,((((9,((((((((28) 27) 25) 24) 14) 12,((((((31,30)~ 29) 27) 25) 24) 34) 32)~ 11,((((((28) 27) 25) 24) 14) 12,(((((28,(31,30)~ 29)~ 27) 25) 24) 34) 32)~ 11)+ 11) 10)~ 8,((((13) 12) 11) 10) 8)+ 8,((((33) 32) 11) 10) 8)+ 8,((((((((((28,(31,30)~ 29)~ 27) 25) 24) 14) 12,(((((28,(31,30)~ 29)~ 27) 25) 24) 34) 32)~ 11,(((((26) 25) 24) 14) 12) 11)+ 11,(((((23,(22,21)~ 20)~ 19) 15) 14) 12) 11)+ 11) 10) 8)+ 8)~ 6,(((5,4)~ 3,(5,4)~ 3)+ 3,2)~ 1)~ 0
&t (((7,7)+ 7,(9,((39,40)~ 38,(((((((((28,(30,31)~ 29)~ 27) 25) 24) 14) 12,(((((28,(31,30)~ 29)~ 27) 25) 24) 34) 32)~ 11,(((((26) 25) 24) 14) 12) 11)+ 11,((((36,37)~ 35) 34) 32) 11)+ 11,((((((((((28,(30,31)~ 29)~ 27) 25) 24) 14) 12,(((((28,(30,31)~ 29)~ 27) 25) 24) 34) 32)~ 11,(((((26) 25) 24) 14) 12) 11)+ 11,(((((17,18)~ 16,(23,(22,21)~ 20)~ 19)~ 15) 14) 12) 11)+ 11,((13) 12) 11)+ 11,((33) 32) 11)+ 11)+ 11)~ 10)~ 8)~ 6,(((5,4)~ 3,(5,4)~ 3)+ 3,2)~ 1)~ 0
&t ((2,((4,5)~ 3,(5,4)~ 3)+ 3)~ 1) 0
&t (((((39,40)~ 38) 10) 8,7)~ 6,(2,((4,5)~ 3,(5,4)~ 3)+ 3)~ 1)~ 0
&t ((2,((4,5)~ 3,(4,5)~ 3)+ 3)~ 1,(((((((((((((((28,(31,30)~ 29)~ 27) 25) 24) 14) 12,(((((28,(30,31)~ 29)~ 27) 25) 24) 34) 32)~ 11,(((((26) 25) 24) 14) 12) 11)+ 11,(((((((17,18)~ 16,(17) 16)+ 16,(18) 16)+ 16) 15) 14) 12) 11)+ 11,(((13,13)+ 13) 12) 11)+ 11) 10) 8,7)~ 6,((((39) 38) 10) 8) 6)+ 6,(((((((((((28,(30,31)~ 29)~ 27) 25) 24) 14) 12,(((((28,(31,30)~ 29)~ 27) 25) 24) 34) 32)~ 11,(((((26) 25) 24) 14) 12) 11)+ 11,((((36,37)~ 35) 34) 32) 11)+ 11) 10) 8) 6)+ 6,(((((33) 32) 11) 10) 8) 6)+ 6)~ 0
&t (((9,((((40,39)~ 38,((((((28,(30,31)~ 29)~ 27) 25) 24) 14) 12,((((37,36)~ 35,(37,36)~ 35)+ 35) 34) 32)~ 11)~ 10,(((((((((((28) 27) 25) 24) 14) 12,((((((31,30)~ 29) 27) 25) 24) 34) 32)~ 11,((((((28,(31,30)~ 29)~ 27) 25) 24) 14) 12,(((((28,(31,30)~ 29)~ 27) 25) 24) 34) 32)~ 11)+ 11,(((((26) 25) 24) 14) 12) 11)+ 11,((13) 12,(33) 32)~ 11)+ 11,(((((23,(22,21)~ 20)~ 19,(17,18)~ 16)~ 15) 14) 12) 11)+ 11) 10)+ 10,(((33) 32) 11) 10)+ 10)~ 8) 6,((2,((5,4)~ 3,(5,4)~ 3)+ 3)~ 1,((2,((5,4)~ 3,(4) 3)+ 3)~ 1,(((4,5)~ 3,(5,4)~ 3)+ 3,2)~ 1)+ 1)+ 1)~ 0
&t ((7,((((((((((((((((30) 29) 27) 25) 24) 14) 12,((((((30) 29) 27) 25) 24) 34) 32)~ 11,(((((((31) 29) 27) 25) 24) 14) 12) 11)+ 11,((((((28) 27) 25) 24) 14) 12) 11)+ 11,((((((28) 27) 25) 24) 14) 12,((((((30,31)~ 29) 27) 25) 24) 34) 32)~ 11)+ 11,(((((26) 25) 24) 14) 12) 11)+ 11,((13,(((17) 16,((23,(23,23)+ 23)+ 23) 19)~ 15) 14)~ 12) 11)+ 11,((33) 32) 11)+ 11,(((((36,37)~ 35,(37,36)~ 35)+ 35) 34) 32) 11)+ 11) 10,(9,(9,9)+ 9)+ 9)~ 8)~ 6,(((5,4)~ 3,(5,4)~ 3)+ 3,2)~ 1)~ 0
&t ((2,((5,4)~ 3,((((4,(5,5)+ 5)~ 3,(5) 3)+ 3,(4) 3)+ 3,(4) 3)+ 3)+ 3)~ 1,((((((7,((((((((((28) 27) 25) 24) 14) 12,((((((31,30)~ 29) 27) 25) 24) 34) 32)~ 11,(((((((31) 29) 27) 25) 24) 14) 12,((((((30) 29,28)~ 27) 25) 24) 34) 32)~ 11)+ 11,(((((26) 25) 24) 14) 12) 11)+ 11) 10) 8)~ 6,(((((((37,36)~ 35) 34) 32) 11) 10) 8) 6)+ 6,(((((33) 32) 11) 10) 8) 6)+ 6,(((((((((((28,(30,31)~ 29)~ 27) 25) 24) 14) 12,(((((28,(30,31)~ 29)~ 27) 25) 24) 34) 32)~ 11,(((((26) 25) 24) 14) 12) 11)+ 11,((((((17,18)~ 16,(((22,21)~ 20,(21) 20)+ 20) 19)~ 15,((23) 19) 15)+ 15) 14) 12) 11)+ 11) 10) 8) 6)+ 6,((((39,40)~ 38) 10) 8) 6)+ 6,((9) 8) 6)+ 6)~ 0
&t ((7) 6,((((4,5)~ 3,(4) 3)+ 3,(5) 3)+ 3) 1)~ 0
&t ((7,(((40,39)~ 38,((((((22,21)~ 20,23)~ 19,(18,17)~ 16)~ 15,((26) 25) 24)~ 14,13)~ 12,(33,((((37,(36,36)+ 36)~ 35,(37,36)~ 35)+ 35,(37,36)~ 35)+ 35) 34)~ 32)~ 11)~ 10) 8)~ 6) 0
&t ((2,((5,4)~ 3,(4,5)~ 3)+ 3)~ 1,(((7,7)+ 7,((9,9)+ 9) 8)~ 6,((((39,40)~ 38,((((((((((28,(30,31)~ 29)~ 27) 25) 24) 14) 12,(((((28,(30,31)~ 29)~ 27) 25) 24) 34) 32)~ 11,(((((26) 25) 24) 14) 12) 11)+ 11,((((37,36)~ 35) 34) 32) 11)+ 11,((33) 32) 11)+ 11,(((((((((28,(30,31)~ 29)~ 27) 25) 24) 14) 12,(((((28,(31,30)~ 29)~ 27) 25) 24) 34) 32)~ 11,(((((26) 25) 24) 14) 12) 11)+ 11,(((((23,(22,21)~ 20)~ 19,((18,17)~ 16,(17,18)~ 16)+ 16)~ 15) 14) 12) 11)+ 11,((13) 12) 11)+ 11)+ 11)~ 10) 8) 6)+ 6)~ 0
&t (((7,(7,7)+ 7)+ 7,((((((9,((((((18,17)~ 16) 15) 14) 12) 11) 10)~ 8,((((((((22,21)~ 20) 19) 15) 14) 12) 11) 10) 8)+ 8,(((((((23) 19) 15) 14) 12) 11) 10) 8)+ 8,(((((((((28,(31,30)~ 29)~ 27) 25) 24) 14) 12,(((((28,(31,30)~ 29)~ 27) 25) 24) 34) 32)~ 11,(((((26) 25) 24) 14) 12) 11)+ 11) 10) 8)+ 8,((((13) 12) 11) 10) 8)+ 8,((((39,39)+ 39) 38) 10) 8)+ 8)~ 6,(((5,4)~ 3,(5) 3)+ 3,(2,2)+ 2)~ 1)~ 0
&t ((2,((4,5)~ 3,(5,4)~ 3)+ 3)~ 1,(((((((((((((28,(31,30)~ 29)~ 27) 25) 24) 14) 12,(((((28,(30,31)~ 29)~ 27) 25) 24) 34) 32)~ 11,(((((26) 25) 24) 14) 12) 11)+ 11,((13,(((17,18)~ 16,(23,(22,(21,21)+ 21)~ 20)~ 19)~ 15) 14)~ 12) 11)+ 11,((33) 32) 11)+ 11,(39) 38)~ 10) 8,7)~ 6,(((9,(9,9)+ 9)+ 9) 8) 6)+ 6)~ 0
&t ((7,((((39,40)~ 38,((((((((28,(31,30)~ 29)~ 27) 25) 24) 14) 12,(((((28,(30,31)~ 29)~ 27) 25) 24) 34) 32)~ 11,(((((26) 25) 24) 14) 12) 11)+ 11,((((((17) 16,(23) 19)~ 15,(((21,22)~ 20) 19) 15)+ 15) 14) 12) 11)+ 11)~ 10,(((((37,36)~ 35) 34) 32) 11) 10)+ 10,(9,(9,9)+ 9)+ 9)~ 8)~ 6,(2,((4,5)~ 3,(4,5)~ 3)+ 3)~ 1)~ 0
&t ((7,((9,(((33) 32) 11,((39,39)+ 39) 38)~ 10)~ 8,((((((((((((28) 27) 25) 24) 14) 12,((((((31,30)~ 29) 27) 25) 24) 34) 32)~ 11,((((((28,(30,31)~ 29)~ 27) 25) 24) 14) 12,(((((28,(30,31)~ 29)~ 27) 25) 24) 34) 32)~ 11)+ 11,(((((26) 25) 24) 14) 12) 11)+ 11,(((((18,17)~ 16,(23,(21,22)~ 20)~ 19)~ 15) 14) 12) 11)+ 11,((13) 12) 11)+ 11) 10) 8)+ 8)~ 6,((((4,4)+ 4,5)~ 3,2)~ 1,((5,4)~ 3) 1)+ 1)~ 0
&t (((7,(((39,40)~ 38,((((((((((28,(30,31)~ 29)~ 27) 25) 24) 14) 12,((((((31,30)~ 29) 27) 25) 24) 34) 32)~ 11,(((((26) 25) 24) 14) 12) 11)+ 11,(((((36,37)~ 35,(36,(37,37)+ 37)~ 35)+ 35) 34) 32) 11)+ 11,((33) 32) 11)+ 11,(((((26,(28,(30,31)~ 29)~ 27)~ 25) 24) 34) 32,(((((23) 19,(18,17)~ 16)~ 15,(((21,22)~ 20) 19) 15)+ 15) 14) 12)~ 11)+ 11)~ 10) 8)~ 6,(7) 6)+ 6,(((((5,4)~ 3,(4) 3)+ 3,(5) 3)+ 3,(4) 3)+ 3,2)~ 1)~ 0
&t (((9,(((40) 38,(((((((((28,(31,30)~ 29)~ 27) 25) 24) 14) 12,(((((28,(30,31)~ 29)~ 27) 25) 24) 34) 32)~ 11,(((((26) 25) 24) 14) 12) 11)+ 11,(((((18,17)~ 16) 15) 14) 12) 11)+ 11,((13) 12) 11)+ 11)~ 10,((((((((((28,(31,30)~ 29)~ 27) 25) 24) 14) 12,(((((28,(30,31)~ 29)~ 27) 25) 24) 34) 32)~ 11,(((((26) 25) 24) 14) 12) 11)+ 11,((((36,37)~ 35) 34) 32) 11)+ 11,((33) 32) 11)+ 11) 10)+ 10)~ 8) 6,((((4,(5,5)+ 5)~ 3,(4,5)~ 3)+ 3,(5,4)~ 3)+ 3,2)~ 1)~ 0
&t (((((((39) 38,(((((((((28) 27) 25) 24) 14) 12,((((((31,30)~ 29) 27) 25) 24) 34) 32)~ 11,(((((((((30) 29) 27) 25) 24) 14) 12,((((((31,30)~ 29) 27) 25) 24) 34) 32)~ 11,(((((((31) 29) 27) 25) 24) 14) 12) 11)+ 11,((((((28) 27) 25) 24) 14) 12) 11)+ 11)+ 11,(((((26) 25) 24) 14) 12) 11)+ 11,((((36,(37,37)+ 37)~ 35) 34) 32) 11)+ 11)~ 10,(((33) 32) 11) 10)+ 10,(((((((26) 25) 24) 34) 32,(((((21,22)~ 20) 19) 15) 14) 12)~ 11,(((((23) 19,(18,17)~ 16)~ 15) 14) 12) 11)+ 11) 10)+ 10) 8) 6,(((5,4)~ 3,(5,4)~ 3)+ 3,2)~ 1)~ 0
&t ((((9,9)+ 9,(((40,39)~ 38,(((((((((((28,(30,31)~ 29)~ 27) 25) 24) 14) 12,(((((28,(30,31)~ 29)~ 27) 25) 24) 34) 32)~ 11,(((((26) 25) 24) 14) 12) 11)+ 11,(((((17,18)~ 16,(23,((21,22)~ 20,(22) 20)+ 20)~ 19)~ 15) 14) 12) 11)+ 11,(((13,13)+ 13) 12) 11)+ 11,((((((((28,(31,30)~ 29)~ 27) 25) 24) 14) 12,(((((28,(31,30)~ 29)~ 27) 25) 24) 34) 32)~ 11,(((((26) 25) 24) 14) 12) 11)+ 11,((33) 32) 11)+ 11)+ 11,((((37,36)~ 35) 34) 32) 11)+ 11)~ 10,((39,40)~ 38,(((((((((((26) 25) 24) 14) 12,((((26) 25) 24) 34) 32)~ 11,((((((((31) 29) 27) 25) 24) 14) 12,((((((30) 29,28)~ 27) 25) 24) 34) 32)~ 11,((((((28) 27) 25) 24) 14) 12,((((((30,31)~ 29) 27) 25) 24) 34) 32)~ 11)+ 11)+ 11,(((((18,17)~ 16) 15) 14) 12) 11)+ 11,(((((23,(22,21)~ 20)~ 19) 15) 14) 12) 11)+ 11,((13) 12) 11)+ 11,((((((((28,(30,31)~ 29)~ 27) 25) 24) 14) 12,(((((28,(30,31)~ 29)~ 27) 25) 24) 34) 32)~ 11,(((((26) 25) 24) 14) 12) 11)+ 11,(((((37,37)+ 37) 35) 34) 32) 11)+ 11)+ 11,((33) 32) 11)+ 11)~ 10)+ 10)~ 8) 6) 0
&t ((2,(((4,(5,5)+ 5)~ 3,(4,5)~ 3)+ 3,(5) 3)+ 3)~ 1,((7,(((((((((((26) 25) 24) 14) 12,((((26) 25) 24) 34) 32)~ 11,((((((((30) 29) 27) 25) 24) 14) 12,((((((31) 29) 27) 25) 24) 34) 32)~ 11,((((((((30) 29) 27) 25) 24) 14) 12,((((((31) 29) 27) 25) 24) 34) 32)~ 11,((((((28) 27) 25) 24) 14) 12,(((((28) 27) 25) 24) 34) 32)~ 11)+ 11)+ 11)+ 11,((33) 32) 11)+ 11,((((36,37)~ 35) 34) 32) 11)+ 11,((13,(((23,(22,21)~ 20)~ 19,(17,18)~ 16)~ 15) 14)~ 12) 11)+ 11,(39,(40,40)+ 40)~ 38)~ 10) 8)~ 6,((((((((((((28) 27) 25) 24) 14) 12,((((((31,30)~ 29) 27) 25) 24) 34) 32)~ 11,(((((26) 25) 24) 14) 12,((((26) 25) 24) 34) 32)~ 11)+ 11,(((((17,18)~ 16) 15) 14) 12) 11)+ 11,((((((((((28,(30,31)~ 29)~ 27) 25) 24) 14) 12,(((((28,(30,31)~ 29)~ 27) 25) 24) 34) 32)~ 11,(((((26) 25) 24) 14) 12) 11)+ 11,((((((((28) 27) 25) 24) 14) 12,((((((30,31)~ 29) 27) 25) 24) 34) 32)~ 11,(((((((28) 27) 25) 24) 14) 12,((((((31,30)~ 29) 27) 25) 24) 34) 32)~ 11,((((((((30) 29) 27) 25) 24) 14) 12,((((((31,30)~ 29) 27) 25) 24) 34) 32)~ 11,((((((28) 27) 25) 24) 14) 12) 11)+ 11)+ 11)+ 11,(((((26) 25) 24) 14) 12) 11)+ 11)+ 11,((((((36,37)~ 35,(37) 35)+ 35,(37,36)~ 35)+ 35) 34) 32) 11)+ 11,((((((26) 25) 24) 14) 12,(((37,36)~ 35) 34) 32)~ 11,((33) 32) 11)+ 11)+ 11)+ 11,(39,40)~ 38)~ 10) 8) 6)+ 6)~ 0
&t (((9,(((39,(40,40)+ 40)~ 38,((((((((28,(31,30)~ 29)~ 27) 25) 24) 14) 12,(((((28,(31,30)~ 29)~ 27) 25) 24) 34) 32)~ 11,(((((26) 25) 24) 14) 12) 11)+ 11,((((37) 35) 34) 32) 11)+ 11)~ 10,((((((((((((30) 29) 27) 25) 24) 14) 12,(((((28) 27) 25) 24) 34) 32)~ 11,(((((((28) 27) 25) 24) 14) 12,(((((28) 27) 25) 24) 34) 32)~ 11,(((((((30) 29) 27) 25) 24) 14) 12,((((((31) 29) 27) 25) 24) 34) 32)~ 11)+ 11)+ 11,(((((26) 25) 24) 14) 12) 11)+ 11,((33) 32,((((17,18)~ 16,(23,((22,21)~ 20,(22,21)~ 20)+ 20)~ 19)~ 15) 14) 12)~ 11)+ 11,((13) 12) 11)+ 11) 10)+ 10)~ 8) 6,((((5,5)+ 5,4)~ 3,(4,(5,5)+ 5)~ 3)+ 3,(2,2)+ 2)~ 1)~ 0
&t ((((((((((((((((28) 27) 25) 24) 14) 12,((((((30,31)~ 29) 27) 25) 24) 34) 32)~ 11,((((((28,(31,30)~ 29)~ 27) 25) 24) 14) 12,(((((28,(31,30)~ 29)~ 27) 25) 24) 34) 32)~ 11)+ 11,(((((26) 25) 24) 14) 12) 11)+ 11,(((((26) 25) 24) 14) 12) 11)+ 11,((((36,37)~ 35) 34) 32) 11)+ 11,(((33,33)+ 33) 32) 11)+ 11,((((((((28,(30,31)~ 29)~ 27) 25) 24) 14) 12,(((((28,(30,31)~ 29)~ 27) 25) 24) 34) 32)~ 11,(((((26) 25) 24) 14) 12) 11)+ 11,((13,((((18,17)~ 16,((21,22)~ 20) 19)~ 15,((23) 19) 15)+ 15) 14)~ 12) 11)+ 11)+ 11) 10) 8) 6,(((5,4)~ 3,(4,5)~ 3)+ 3,2)~ 1)~ 0
&t ((7,(((((9,(((((((((((30) 29) 27) 25) 24) 14) 12,((((((31) 29) 27) 25) 24) 34) 32)~ 11,((((((28) 27) 25) 24) 14) 12,(((((28,(30,31)~ 29)~ 27) 25) 24) 34) 32)~ 11)+ 11,(((((26) 25) 24) 14) 12) 11)+ 11,((((((((((28,(31,30)~ 29)~ 27) 25) 24) 14) 12,(((((28,(30,31)~ 29)~ 27) 25) 24) 34) 32)~ 11,(((((26) 25) 24) 14) 12) 11)+ 11,(((((23,(22,21)~ 20)~ 19) 15) 14) 12) 11)+ 11,((13) 12) 11)+ 11,((33,((36,37)~ 35) 34)~ 32) 11)+ 11)+ 11) 10)~ 8,((((40,39)~ 38,(((39,40)~ 38,(40) 38)+ 38,(39) 38)+ 38)+ 38) 10) 8)+ 8,((((((((((28,(30,31)~ 29)~ 27) 25) 24) 14) 12,(((((28,(31,30)~ 29)~ 27) 25) 24) 34) 32)~ 11,(((((26) 25) 24) 14) 12) 11)+ 11,((((36) 35) 34) 32) 11)+ 11) 10) 8)+ 8,(((((((((((((31,30)~ 29) 27) 25) 24) 14) 12,(((((28,(31,30)~ 29)~ 27) 25) 24) 34) 32)~ 11,(((((26) 25) 24) 14) 12) 11)+ 11,(((((23) 19,(17,(18,18)+ 18)~ 16)~ 15) 14) 12) 11)+ 11,((13) 12) 11)+ 11,((((((((28,(31,30)~ 29)~ 27) 25) 24) 14) 12,(((((28,(30,31)~ 29)~ 27) 25) 24) 34) 32)~ 11,(((((26) 25) 24) 14) 12) 11)+ 11,((13,(((23,(22,21)~ 20)~ 19,(17,18)~ 16)~ 15) 14)~ 12) 11)+ 11)+ 11) 10) 8)+ 8,((((((37,(36,36)+ 36)~ 35) 34) 32) 11) 10) 8)+ 8)~ 6) 0
&t ((7,((((((((((28,(30,31)~ 29)~ 27) 25) 24) 14) 12,(((((28,(30,31)~ 29)~ 27) 25) 24) 34) 32)~ 11,(((((26) 25) 24) 14) 12) 11)+ 11,((33) 32) 11)+ 11,(39,40)~ 38)~ 10) 8)~ 6) 0
&t (((((4,5)~ 3,(4) 3)+ 3,(5) 3)+ 3) 1,(((((((40,40)+ 40,(39,39)+ 39)~ 38,((33) 32) 11)~ 10,((((13,13)+ 13,(((18,17)~ 16,(23,(21,22)~ 20)~ 19)~ 15) 14)~ 12) 11) 10)+ 10,((((((((((28,(30,31)~ 29)~ 27) 25) 24) 14) 12,(((((28,(31,30)~ 29)~ 27) 25) 24) 34) 32)~ 11,(((((26) 25) 24) 14) 12) 11)+ 11,(((((26) 25) 24) 14) 12) 11)+ 11,((((36,37)~ 35) 34) 32) 11)+ 11) 10)+ 10,9)~ 8) 6)~ 0
&t ((2,((4,5)~ 3,(4,5)~ 3)+ 3)~ 1) 0
&t ((2,((5,4)~ 3,(5) 3)+ 3)~ 1,(((((((((((((28,(30,31)~ 29)~ 27) 25) 24) 14) 12,(((((28,(31,30)~ 29)~ 27) 25) 24) 34) 32)~ 11,(((((26) 25) 24) 14) 12) 11)+ 11,(((((18,17)~ 16,(23,(22,21)~ 20)~ 19)~ 15) 14) 12) 11)+ 11,((13) 12) 11)+ 11,(((((26) 25) 24) 14) 12) 11)+ 11,(39,40)~ 38)~ 10,9)~ 8,7)~ 6)~ 0
&t ((7,(9,(((((((((((((28,(30,31)~ 29)~ 27) 25) 24) 14) 12,(((((28,(30,31)~ 29)~ 27) 25) 24) 34) 32)~ 11,(((((26) 25) 24) 14) 12) 11)+ 11,(((((((17,18)~ 16,(18) 16)+ 16,(17) 16)+ 16,((21,22)~ 20,(23,23)+ 23)~ 19)~ 15) 14) 12) 11)+ 11,((13) 12) 11)+ 11,(((13,13)+ 13) 12) 11)+ 11,((33,((36,(37,37)+ 37)~ 35) 34)~ 32) 11)+ 11,(40,39)~ 38)~ 10,((((((((((28,(31,30)~ 29)~ 27) 25) 24) 14) 12,(((((28,(31,30)~ 29)~ 27) 25) 24) 34) 32)~ 11,(((((17,18)~ 16,(23,(22,21)~ 20)~ 19)~ 15) 14) 12) 11)+ 11,((13) 12) 11)+ 11,(((((((((28,(31,30)~ 29)~ 27) 25) 24) 14) 12,(((((28,(30,31)~ 29)~ 27) 25) 24) 34) 32)~ 11,(((((26) 25) 24) 14) 12) 11)+ 11,((((((37,36)~ 35,(36) 35)+ 35,(37) 35)+ 35) 34) 32) 11)+ 11,(((33,33)+ 33) 32) 11)+ 11)+ 11) 10)+ 10)~ 8)~ 6) 0
&t ((((9) 8,7)~ 6,((((40,39)~ 38,((((((((((28,(30,31)~ 29)~ 27) 25) 24) 14) 12,(((((28,(30,31)~ 29)~ 27) 25) 24) 34) 32)~ 11,(((((26) 25) 24) 14) 12) 11)+ 11,((((37,36)~ 35) 34) 32) 11)+ 11,((33) 32) 11)+ 11,((((((((26) 25) 24) 14) 12,((((26) 25) 24) 34) 32)~ 11,((((((28,(30,31)~ 29)~ 27) 25) 24) 14) 12,(((((28,(30,31)~ 29)~ 27) 25) 24) 34) 32)~ 11)+ 11,(((((((17,18)~ 16,(18,17)~ 16)+ 16,((22,21)~ 20) 19)~ 15,((23) 19) 15)+ 15) 14) 12) 11)+ 11,((13) 12) 11)+ 11)+ 11)~ 10) 8) 6)+ 6,(((4,5)~ 3,((2,2)+ 2,2)+ 2)~ 1,(2,((5,4)~ 3,(5,4)~ 3)+ 3)~ 1)+ 1)~ 0
&t ((2,((5,(4,4)+ 4)~ 3,(5,4)~ 3)+ 3)~ 1,((7,7)+ 7,((9,(((((((((((28) 27) 25) 24) 14) 12,((((((30,31)~ 29) 27) 25) 24) 34) 32)~ 11,(((((((31) 29) 27) 25) 24) 14) 12,((((((30) 29,28)~ 27) 25) 24) 34) 32)~ 11)+ 11,(((((26) 25) 24) 14) 12,((((26) 25) 24) 34) 32)~ 11)+ 11,((((37) 35) 34) 32) 11)+ 11,((((((26) 25) 24) 34) 32,(((((18) 16,((21,22)~ 20,(23,23)+ 23)~ 19)~ 15,((((23,(21,22)~ 20)~ 19,(23) 19)+ 19,(((22,21)~ 20,(21,22)~ 20)+ 20) 19)+ 19) 15)+ 15) 14) 12)~ 11,((13) 12) 11)+ 11)+ 11) 10)~ 8,((((33) 32) 11) 10) 8)+ 8)~ 6)~ 0
&t (((((40,39)~ 38,((((((((((30) 29) 27) 25) 24) 14) 12,(((((28,(31) 29)~ 27) 25) 24) 34) 32)~ 11,(((((((30,31)~ 29) 27) 25) 24) 14) 12,(((36,37)~ 35) 34) 32)~ 11)+ 11,((((((((28,(31,30)~ 29)~ 27) 25) 24) 14) 12,(((((28,(31,30)~ 29)~ 27) 25) 24) 34) 32)~ 11,(((((26) 25) 24) 14) 12) 11)+ 11,((((((23,23)+ 23,(21,22)~ 20)~ 19,(18,17)~ 16)~ 15) 14) 12) 11)+ 11)+ 11,((33) 32) 11)+ 11)~ 10) 8) 6,(((((4,(5,5)+ 5)~ 3,2)~ 1,((5,4)~ 3) 1)+ 1,(2,((4,5)~ 3,(4) 3)+ 3)~ 1)+ 1,(((2,(((5,4)~ 3,(5) 3)+ 3,((5,4)~ 3,(5) 3)+ 3)+ 3)~ 1,((4) 3) 1)+ 1,((((5,4)~ 3,(4) 3)+ 3,(5) 3)+ 3) 1)+ 1)+ 1)~ 0
&t (((7,7)+ 7,(9,((39,40)~ 38,(((((((((26) 25) 24) 14) 12,((((26) 25) 24) 34) 32)~ 11,((((((28,(31,30)~ 29)~ 27) 25) 24) 14) 12,(((((28,(31,30)~ 29)~ 27) 25) 24) 34) 32)~ 11)+ 11,((((37,36)~ 35) 34) 32) 11)+ 11,((33) 32) 11)+ 11,(((13) 12,((((26) 25) 24) 34) 32)~ 11,(((((18,17)~ 16,((21,22)~ 20) 19)~ 15) 14) 12) 11)+ 11)+ 11)~ 10)~ 8)~ 6,(((4,5)~ 3,(5,4)~ 3)+ 3,2)~ 1)~ 0
&t (((2,((5,4)~ 3,(5,4)~ 3)+ 3)~ 1,((2,((5,4)~ 3,(5,4)~ 3)+ 3)~ 1,(2) 1)+ 1)+ 1,(((((40,(39,39)+ 39)~ 38,((((((((((28,(30,31)~ 29)~ 27) 25) 24) 14) 12,(((((28,(31,30)~ 29)~ 27) 25) 24) 34) 32)~ 11,(((((26) 25) 24) 14) 12) 11)+ 11,((((37,36)~ 35) 34) 32) 11)+ 11,((((((((28,(31,30)~ 29)~ 27) 25) 24) 14) 12,(((((28,(31) 29)~ 27) 25) 24) 34) 32)~ 11,(((((26) 25) 24) 14) 12) 11)+ 11,((13,(((18,17)~ 16,((21,22)~ 20,(23,23)+ 23)~ 19)~ 15) 14)~ 12) 11)+ 11)+ 11,((33) 32) 11)+ 11)~ 10,9)~ 8,(((40,39)~ 38,((((((((((((31,30)~ 29) 27) 25) 24) 14) 12,(((((28,(30,31)~ 29)~ 27) 25) 24) 34) 32)~ 11,(((((26) 25) 24) 14) 12) 11)+ 11,(((((17,18)~ 16,(23,(22) 20)~ 19)~ 15) 14) 12) 11)+ 11,((13) 12) 11)+ 11,((((36) 35) 34) 32) 11)+ 11,(((((((((((28,(30,31)~ 29)~ 27) 25) 24) 14) 12,(((((28,(30,31)~ 29)~ 27) 25) 24) 34) 32)~ 11,((((((28,(30,31)~ 29)~ 27) 25) 24) 14) 12,(((((28,(31,30)~ 29)~ 27) 25) 24) 34) 32)~ 11)+ 11,(((((26) 25) 24) 14) 12) 11)+ 11,((((((22,21)~ 20) 19,(17,18)~ 16)~ 15) 14) 12) 11)+ 11,(((((((((28,(31,30)~ 29)~ 27) 25) 24) 14) 12,(((((28,(30,31)~ 29)~ 27) 25) 24) 34) 32)~ 11,(((((26) 25) 24) 14) 12) 11)+ 11,((((((26) 25) 24) 14) 12,((((26) 25) 24) 34) 32)~ 11,((((((28,(30,31)~ 29)~ 27) 25) 24) 14) 12,((((((30,31)~ 29) 27) 25) 24) 34) 32)~ 11)+ 11)+ 11,((33) 32) 11)+ 11)+ 11,((((36) 35) 34) 32) 11)+ 11)+ 11)~ 10) 8)+ 8) 6)~ 0
&t (((7,7)+ 7) 6,(((4) 3,2)~ 1,((4,5)~ 3) 1)+ 1)~ 0
&t ((2,((4,5)~ 3,(5,4)~ 3)+ 3)~ 1,((7,7)+ 7,((9,9)+ 9,(((((((((((28) 27) 25) 24) 14) 12,((((((31,30)~ 29) 27) 25) 24) 34) 32)~ 11,(((((((30) 29) 27) 25) 24) 14) 12,((((((31) 29,28)~ 27) 25) 24) 34) 32)~ 11)+ 11,(((((26) 25) 24) 14) 12) 11)+ 11,(((((((((31) 29) 27) 25) 24) 14) 12,((((((30) 29,28)~ 27) 25) 24) 34) 32)~ 11,((((((28) 27) 25) 24) 14) 12,((((((30,31)~ 29) 27) 25) 24) 34) 32)~ 11)+ 11,(((((26) 25) 24) 14) 12) 11)+ 11)+ 11,(((((((((28,(30,31)~ 29)~ 27) 25) 24) 14) 12,(((((28,(30,31)~ 29)~ 27) 25) 24) 34) 32)~ 11,(((((26) 25) 24) 14) 12) 11)+ 11,((13,(((17,18)~ 16,(23,(21,22)~ 20)~ 19)~ 15) 14)~ 12) 11)+ 11,((33) 32) 11)+ 11)+ 11,((39,40)~ 38,(40,39)~ 38)+ 38)~ 10)~ 8)~ 6)~ 0
&t (((2,((4,5)~ 3,(4,5)~ 3)+ 3)~ 1,((9,(((((((((((28,(31,30)~ 29)~ 27) 25) 24) 14) 12,(((((28,(30,31)~ 29)~ 27) 25) 24) 34) 32)~ 11,((33) 32) 11)+ 11,((((((((((30) 29,28)~ 27) 25) 24) 14) 12,(((((28,(30,31)~ 29)~ 27) 25) 24) 34) 32)~ 11,(((((26) 25) 24) 14) 12) 11)+ 11,(((((17,18)~ 16,(23,((22,21)~ 20,(21,22)~ 20)+ 20)~ 19)~ 15) 14) 12) 11)+ 11,((13) 12) 11)+ 11)+ 11,(((((37,36)~ 35,(37,36)~ 35)+ 35) 34) 32) 11)+ 11,((((((((((28,(31,30)~ 29)~ 27) 25) 24) 14) 12,(((((28,(30,31)~ 29)~ 27) 25) 24) 34) 32)~ 11,(((((26) 25) 24) 14) 12) 11)+ 11,((((((21,22)~ 20,23)~ 19,(18,17)~ 16)~ 15) 14) 12) 11)+ 11,((13) 12) 11)+ 11,(((((((((28,(31,30)~ 29)~ 27) 25) 24) 14) 12,(((((28,(30,31)~ 29)~ 27) 25) 24) 34) 32)~ 11,(((((26) 25) 24) 14) 12) 11)+ 11,((((37) 35) 34) 32) 11)+ 11,((33) 32) 11)+ 11)+ 11)+ 11) 10)~ 8) 6)~ 0,((((((5,4)~ 3,(5,4)~ 3)+ 3,((4,4)+ 4,5)~ 3)+ 3,((5,4)~ 3,(5,4)~ 3)+ 3)+ 3) 1,(7) 6)~ 0)+ 0
&t ((((5,(4,4)+ 4)~ 3,(4,5)~ 3)+ 3) 1,(7,(((((((((((((28) 27) 25) 24) 14) 12,((((((31) 29) 27) 25) 24) 34) 32)~ 11,(((((((((31) 29) 27) 25) 24) 14) 12,((((((31,30)~ 29) 27) 25) 24) 34) 32)~ 11,(((((((30) 29) 27) 25) 24) 14) 12) 11)+ 11,((((((28) 27) 25) 24) 14) 12) 11)+ 11)+ 11,(((((26) 25) 24) 14) 12) 11)+ 11,((((((18,17)~ 16,(23,(21,22)~ 20)~ 19)~ 15,((18,(17,17)+ 17)~ 16) 15)+ 15) 14) 12) 11)+ 11,((((((21,22)~ 20,23)~ 19) 15) 14) 12) 11)+ 11) 10,9)~ 8,(((((((36) 35) 34) 32) 11,(40,39)~ 38)~ 10,(((((((((31,30)~ 29) 27) 25) 24) 14) 12,(((((28,(30,31)~ 29)~ 27) 25) 24) 34) 32)~ 11,(((((26) 25) 24) 14) 12) 11)+ 11) 10)+ 10) 8)+ 8)~ 6)~ 0
&t ((7,(((((((((((((28,(31,30)~ 29)~ 27) 25) 24) 14) 12,(((((28,(31,30)~ 29)~ 27) 25) 24) 34) 32)~ 11,(((((26) 25) 24) 14) 12) 11)+ 11,((13) 12) 11)+ 11,(((((23,((22,21)~ 20,(22,21)~ 20)+ 20)~ 19) 15) 14) 12) 11)+ 11,((((((((28,(31,30)~ 29)~ 27) 25) 24) 14) 12,(((((28,(31,30)~ 29)~ 27) 25) 24) 34) 32)~ 11,(((((26) 25) 24) 14) 12,((((26) 25) 24) 34) 32)~ 11)+ 11,(((((36,37)~ 35,(((37,36)~ 35,(36,37)~ 35)+ 35,(36,37)~ 35)+ 35)+ 35) 34) 32) 11)+ 11)+ 11,((33) 32) 11)+ 11) 10) 8)~ 6,(((4,5)~ 3,(4,5)~ 3)+ 3,2)~ 1)~ 0
&t ((((9,9)+ 9,((39) 38,((((((((((((28,(31,30)~ 29)~ 27) 25) 24) 14) 12,(((((28,(31,30)~ 29)~ 27) 25) 24) 34) 32)~ 11,((((((28) 27) 25) 24) 14) 12,((((((30,31)~ 29) 27) 25) 24) 34) 32)~ 11)+ 11,(((((26) 25) 24) 14) 12) 11)+ 11,(((((17,18)~ 16,(23,(22,21)~ 20)~ 19)~ 15) 14) 12) 11)+ 11,((13) 12) 11)+ 11,((33) 32) 11)+ 11,((((((((28,(31,30)~ 29)~ 27) 25) 24) 14) 12,(((((28,(31,30)~ 29)~ 27) 25) 24) 34) 32)~ 11,(((((26) 25) 24) 14) 12) 11)+ 11,((((36,37)~ 35) 34) 32) 11)+ 11)+ 11)~ 10)~ 8) 6,(((5,4)~ 3,(4,5)~ 3)+ 3,2)~ 1)~ 0
&t ((((7) 6,((5,4)~ 3) 1)~ 0,((2,(4,5)~ 3)~ 1,(((9,(9,9)+ 9)+ 9,((((((((((((28,(31,30)~ 29)~ 27) 25) 24) 14) 12,(((((28,(31,30)~ 29)~ 27) 25) 24) 34) 32)~ 11,((((((21,22)~ 20) 19) 15) 14) 12) 11)+ 11,(((((26) 25) 24) 14) 12) 11)+ 11,(((((23) 19) 15) 14) 12) 11)+ 11,(40,39)~ 38)~ 10,(((((((((((((((30) 29) 27) 25) 24) 14) 12,((((((30) 29) 27) 25) 24) 34) 32)~ 11,(((((((31) 29) 27) 25) 24) 14) 12) 11)+ 11,((((((28) 27) 25) 24) 14) 12) 11)+ 11,((((((((30) 29) 27) 25) 24) 14) 12,((((((31) 29) 27) 25) 24) 34) 32)~ 11,((((((28) 27) 25) 24) 14) 12,(((((28) 27) 25) 24) 34) 32)~ 11)+ 11)+ 11,((((((28,(30,31)~ 29)~ 27) 25) 24) 14) 12,(((((28,(31,30)~ 29)~ 27) 25) 24) 34) 32)~ 11)+ 11,(((((26) 25) 24) 14) 12) 11)+ 11,((((37) 35) 34) 32) 11)+ 11,((((36) 35) 34) 32) 11)+ 11) 10)+ 10,((((33,33)+ 33) 32) 11) 10)+ 10)~ 8) 6)~ 0)+ 0,((2) 1) 0)+ 0
&t ((2,((5,4)~ 3,(4,5)~ 3)+ 3)~ 1,(((9) 8,7)~ 6,(((((((((((((28,(30,31)~ 29)~ 27) 25) 24) 14) 12,(((((28,(31,30)~ 29)~ 27) 25) 24) 34) 32)~ 11,(((((26) 25) 24) 14) 12) 11)+ 11,((((37,36)~ 35) 34) 32) 11)+ 11,((33) 32) 11)+ 11,(((((((((28,(31,30)~ 29)~ 27) 25) 24) 14) 12,(((((28,(30,31)~ 29)~ 27) 25) 24) 34) 32)~ 11,(((((26) 25) 24) 14) 12) 11)+ 11,(((((23,(22,21)~ 20)~ 19) 15) 14) 12) 11)+ 11,((13) 12) 11)+ 11)+ 11,(40,39)~ 38)~ 10) 8) 6)+ 6)~ 0
&t (((7,(9) 8)~ 6,(((((((13) 12,((((26) 25) 24) 34) 32)~ 11,(((((17,18)~ 16,(23,(21,22)~ 20)~ 19)~ 15) 14) 12) 11)+ 11,((((37,36)~ 35) 34) 32) 11)+ 11) 10) 8) 6)+ 6,((((4,5)~ 3,2)~ 1,((5,(4,4)+ 4)~ 3) 1)+ 1,(((5,4)~ 3,(5,4)~ 3)+ 3) 1)+ 1)~ 0
&t ((7,(((40,39)~ 38,(((((((((((28,(31,30)~ 29)~ 27) 25) 24) 14) 12,(((((28,(30,31)~ 29)~ 27) 25) 24) 34) 32)~ 11,(((((26) 25) 24) 14) 12) 11)+ 11,(((((18,17)~ 16,(23,(22,21)~ 20)~ 19)~ 15) 14) 12) 11)+ 11,((13) 12) 11)+ 11,((33) 32) 11)+ 11,(((((((28,(30,31)~ 29)~ 27) 25) 24) 14) 12,(((((28,(30,31)~ 29)~ 27) 25) 24) 34) 32)~ 11,((((36,(37,37)+ 37)~ 35) 34) 32) 11)+ 11)+ 11)~ 10) 8)~ 6,((((5,4)~ 3,(5,4)~ 3)+ 3,2)~ 1,((2,((5,4)~ 3,(4,5)~ 3)+ 3)~ 1,(2) 1)+ 1)+ 1)~ 0
&t ((((4,5)~ 3,(5) 3)+ 3) 1,((((7,(((((((23,(22,21)~ 20)~ 19) 15) 14) 12) 11) 10) 8)~ 6,((((((((((((((30) 29) 27) 25) 24) 14) 12,((((((31) 29) 27) 25) 24) 34) 32)~ 11,((((((28) 27) 25) 24) 14) 12,(((((28) 27) 25) 24) 34) 32)~ 11)+ 11,((((((28) 27) 25) 24) 14) 12,((((((30,31)~ 29) 27) 25) 24) 34) 32)~ 11)+ 11,(((((26) 25) 24) 14) 12) 11)+ 11,(((((18,17)~ 16) 15) 14) 12) 11)+ 11) 10) 8) 6)+ 6,(((((13) 12) 11) 10) 8) 6)+ 6,((((((33) 32) 11,(39,(40,(40,40)+ 40)+ 40)~ 38)~ 10,(((((((((28,(31,30)~ 29)~ 27) 25) 24) 14) 12,(((((28,(31,30)~ 29)~ 27) 25) 24) 34) 32)~ 11,(((((26) 25) 24) 14) 12) 11)+ 11,((((37,36)~ 35) 34) 32) 11)+ 11) 10)+ 10,(9,9)+ 9)~ 8) 6)+ 6)~ 0
&t ((7,(((((9,9)+ 9,9)+ 9,((39) 38) 10)~ 8,(9) 8)+ 8,((((((((((((((30) 29) 27) 25) 24) 14) 12,((((((31) 29,28)~ 27) 25) 24) 34) 32)~ 11,((((((28) 27) 25) 24) 14) 12,((((((31,30)~ 29) 27) 25) 24) 34) 32)~ 11)+ 11,(((((26) 25) 24) 14) 12) 11)+ 11,((((((36,37)~ 35,(36) 35)+ 35,(37) 35)+ 35) 34) 32) 11)+ 11,((33) 32) 11)+ 11,((13,(((18,17)~ 16,(23,(22,21)~ 20)~ 19)~ 15) 14)~ 12) 11)+ 11) 10) 8)+ 8)~ 6) 0
&t ((2,((5,4)~ 3,(5,4)~ 3)+ 3)~ 1) 0
&t ((2,((5,4)~ 3,(4,5)~ 3)+ 3)~ 1) 0
&t (((((7,7)+ 7,((((39,40)~ 38,((((((((((28,(30,31)~ 29)~ 27) 25) 24) 14) 12,(((((28,(30,31)~ 29)~ 27) 25) 24) 34) 32)~ 11,(((((26) 25) 24) 14) 12) 11)+ 11,((((37) 35) 34) 32) 11)+ 11,((33) 32) 11)+ 11,((((((((28,(30,31)~ 29)~ 27) 25) 24) 14) 12,(((((28,(31,30)~ 29)~ 27) 25) 24) 34) 32)~ 11,(((((26) 25) 24) 14) 12) 11)+ 11,(((((((21,22)~ 20) 19,(18,17)~ 16)~ 15,((23) 19) 15)+ 15) 14) 12) 11)+ 11)+ 11)~ 10,((40,39)~ 38,(((((((((((28,(30,31)~ 29)~ 27) 25) 24) 14) 12,(((((28,(31,30)~ 29)~ 27) 25) 24) 34) 32)~ 11,(((((26) 25) 24) 14) 12) 11)+ 11,(((((18) 16,(23,(21,22)~ 20)~ 19)~ 15) 14) 12) 11)+ 11,((13) 12) 11)+ 11,(((((((28,(30,31)~ 29)~ 27) 25) 24) 14) 12,(((((28,(31,30)~ 29)~ 27) 25) 24) 34) 32)~ 11,(((((26) 25) 24) 14) 12) 11)+ 11)+ 11,((33) 32) 11)+ 11)~ 10)+ 10) 8)~ 6,((9) 8) 6)+ 6,((7,(9,(((40,39)~ 38,(((((((((30,31)~ 29) 27) 25) 24) 14) 12,(((((28,(31,30)~ 29)~ 27) 25) 24) 34) 32)~ 11,(((((26) 25) 24) 14) 12) 11)+ 11,(((((((((((28,(31,30)~ 29)~ 27) 25) 24) 14) 12,(((((28,(31,30)~ 29)~ 27) 25) 24) 34) 32)~ 11,(((((26) 25) 24) 14) 12) 11)+ 11,(((((18,17)~ 16,(23,(21,22)~ 20)~ 19)~ 15) 14) 12) 11)+ 11,((13) 12) 11)+ 11,((((36,37)~ 35) 34) 32) 11)+ 11,((33) 32) 11)+ 11)+ 11)~ 10,((((((((((28,(31,30)~ 29)~ 27) 25) 24) 14) 12,(((((28,(31,30)~ 29)~ 27) 25) 24) 34) 32)~ 11,(((((26) 25) 24) 14) 12) 11)+ 11,((((36,37)~ 35) 34) 32) 11)+ 11,((((((((((28,(30,31)~ 29)~ 27) 25) 24) 14) 12,(((((28,(31,30)~ 29)~ 27) 25) 24) 34) 32)~ 11,(((((26) 25) 24) 14) 12) 11)+ 11,(((((18,17)~ 16,(23,(22,21)~ 20)~ 19)~ 15) 14) 12) 11)+ 11,((13) 12) 11)+ 11,(((33,(33,33)+ 33)+ 33) 32) 11)+ 11)+ 11,(39,40)~ 38)~ 10)+ 10)~ 8)~ 6,((7,7)+ 7) 6)+ 6)+ 6) 0
&t (((7,7)+ 7,(((((40) 38,(((((((((28) 27) 25) 24) 14) 12,((((((31,30)~ 29) 27) 25) 24) 34) 32)~ 11,(((((((28) 27) 25) 24) 14) 12,((((((30,31)~ 29) 27) 25) 24) 34) 32)~ 11,((((((28,(30,31)~ 29)~ 27) 25) 24) 14) 12,(((((28,(30,31)~ 29)~ 27) 25) 24) 34) 32)~ 11)+ 11)+ 11,(((((26) 25) 24) 14) 12) 11)+ 11,((((37,36)~ 35) 34) 32) 11)+ 11)~ 10,(((33) 32) 11) 10)+ 10,((((((((((31,30)~ 29) 27) 25) 24) 14) 12,(((((28,(31,30)~ 29)~ 27) 25) 24) 34) 32)~ 11,(((((26) 25) 24) 14) 12,((((26) 25) 24) 34) 32)~ 11)+ 11,(((((17,18)~ 16,((22,21)~ 20) 19)~ 15) 14) 12) 11)+ 11) 10)+ 10) 8)~ 6) 0
&t ((7,(9,((((((40,39)~ 38,(((13,13)+ 13) 12) 11)~ 10,((((((((((((30) 29) 27) 25) 24) 14) 12,((((((31) 29) 27) 25) 24) 34) 32)~ 11,((((((28) 27) 25) 24) 14) 12,(((((28) 27) 25) 24) 34) 32)~ 11)+ 11,((((((28) 27) 25) 24) 14) 12,((((((30,31)~ 29) 27) 25) 24) 34) 32)~ 11)+ 11,(((((26) 25) 24) 14) 12) 11)+ 11,((((36,37)~ 35) 34) 32) 11)+ 11) 10)+ 10,((((33,33)+ 33) 32) 11) 10)+ 10,(((((((((((28,(30,31)~ 29)~ 27) 25) 24) 14) 12,(((((28,(30,31)~ 29)~ 27) 25) 24) 34) 32)~ 11,((((((28,(31,30)~ 29)~ 27) 25) 24) 14) 12,(((((28,(30,31)~ 29)~ 27) 25) 24) 34) 32)~ 11)+ 11,(((((26) 25) 24) 14) 12) 11)+ 11,(((13,13)+ 13) 12) 11)+ 11,(((((17,18)~ 16,(23,(21,22)~ 20)~ 19)~ 15) 14) 12) 11)+ 11) 10)+ 10,(((((((((28,(30,31)~ 29)~ 27) 25) 24) 14) 12,(((((28,(30,31)~ 29)~ 27) 25) 24) 34) 32)~ 11,(((((26) 25) 24) 14) 12) 11)+ 11,(((((17,18)~ 16,(23,(22) 20)~ 19)~ 15) 14) 12) 11)+ 11) 10)+ 10)~ 8)~ 6) 0
&t (((7,7)+ 7,(((40,39)~ 38,(((((((((28,(31,30)~ 29)~ 27) 25) 24) 14) 12,(((((28,(31,30)~ 29)~ 27) 25) 24) 34) 32)~ 11,(((((26) 25) 24) 14) 12) 11)+ 11,((((37,36)~ 35) 34) 32) 11)+ 11,(((((((((28,(30,31)~ 29)~ 27) 25) 24) 14) 12,(((((28,(31,30)~ 29)~ 27) 25) 24) 34) 32)~ 11,(((((26) 25) 24) 14) 12) 11)+ 11,(((((18,17)~ 16,((22,21)~ 20,(23,23)+ 23)~ 19)~ 15) 14) 12) 11)+ 11,((13) 12) 11)+ 11)+ 11)~ 10) 8)~ 6,(((5,4)~ 3,(4,5)~ 3)+ 3,(2,2)+ 2)~ 1)~ 0
&t ((2,((5,4)~ 3,(4,5)~ 3)+ 3)~ 1,(((((40,39)~ 38,(((13) 12,(((37,(36,(36,36)+ 36)+ 36)~ 35) 34) 32)~ 11,((33) 32) 11)+ 11)~ 10) 8,7)~ 6,((9) 8) 6)+ 6)~ 0
&t ((2,((4,5)~ 3,((5,4)~ 3,(4,(5,5)+ 5)~ 3)+ 3)+ 3)~ 1,(((((((7,7)+ 7,((((((((((28) 27) 25) 24) 14) 12,((((((30,31)~ 29) 27) 25) 24) 34) 32)~ 11,((((((((28,(31,30)~ 29)~ 27) 25) 24) 14) 12,(((((28,(30,31)~ 29)~ 27) 25) 24) 34) 32)~ 11,(((((26) 25) 24) 14) 12) 11)+ 11,(((((26) 25) 24) 14) 12) 11)+ 11)+ 11,((((33) 32,((((18,17)~ 16,((23,(23,23)+ 23)+ 23) 19)~ 15) 14) 12)~ 11,((((((((((28) 27) 25) 24) 14) 12,((((((30,31)~ 29) 27) 25) 24) 34) 32)~ 11,(((((((31) 29) 27) 25) 24) 14) 12,((((((30) 29,28)~ 27) 25) 24) 34) 32)~ 11)+ 11,((((((28,(31,30)~ 29)~ 27) 25) 24) 14) 12,(((((28,(30,31)~ 29)~ 27) 25) 24) 34) 32)~ 11)+ 11,(((((26) 25) 24) 14) 12) 11)+ 11,((((36,37)~ 35) 34) 32) 11)+ 11)+ 11,((13) 12) 11)+ 11)+ 11) 10) 8)~ 6,((((39,40)~ 38) 10) 8) 6)+ 6,((((40,39)~ 38) 10) 8) 6)+ 6,((((((((((((28) 27) 25) 24) 14) 12,(((((28,(30,31)~ 29)~ 27) 25) 24) 34) 32)~ 11,(((((26) 25) 24) 14) 12) 11)+ 11,((13,(((23,(22,21)~ 20)~ 19,(17,18)~ 16)~ 15) 14)~ 12) 11)+ 11,(((33,33)+ 33) 32) 11)+ 11) 10) 8) 6)+ 6,((9) 8) 6)+ 6,(7) 6)+ 6)~ 0
&t ((((2,((4,5)~ 3,(4,5)~ 3)+ 3)~ 1,(2) 1)+ 1,((9,(((39,(40,40)+ 40)~ 38,(40) 38)+ 38,(((((((((((30) 29) 27) 25) 24) 14) 12,(((((28,(31) 29)~ 27) 25) 24) 34) 32)~ 11,((((((28) 27) 25) 24) 14) 12,((((((30,31)~ 29) 27) 25) 24) 34) 32)~ 11)+ 11,(((((26) 25) 24) 14) 12,((((26) 25) 24) 34) 32)~ 11)+ 11,((((37,36)~ 35) 34) 32) 11)+ 11,(((((((((((28) 27) 25) 24) 14) 12,((((((30,31)~ 29) 27) 25) 24) 34) 32)~ 11,((((((((28) 27) 25) 24) 14) 12,(((((28,(30,31)~ 29)~ 27) 25) 24) 34) 32)~ 11,(((((((30) 29) 27) 25) 24) 14) 12) 11)+ 11,(((((((31) 29) 27) 25) 24) 14) 12) 11)+ 11)+ 11,(((((26) 25) 24) 14) 12) 11)+ 11,((((((21,22)~ 20) 19,((17,18)~ 16,(18,17)~ 16)+ 16)~ 15) 14) 12) 11)+ 11,((13) 12) 11)+ 11,((13) 12) 11)+ 11)+ 11)~ 10)~ 8) 6)~ 0,((((((7,7)+ 7,(((39,40)~ 38) 10) 8)~ 6,((((((((26) 25) 24) 14) 12) 11) 10) 8) 6)+ 6,((((((((((((((28,(30,31)~ 29)~ 27) 25) 24) 14) 12,(((((28,(30,31)~ 29)~ 27) 25) 24) 34) 32)~ 11,((((((28) 27) 25) 24) 14) 12,(((((28,(30,31)~ 29)~ 27) 25) 24) 34) 32)~ 11)+ 11,((((((17,17)+ 17) 16) 15) 14) 12) 11)+ 11,((13) 12) 11)+ 11,((33) 32) 11)+ 11,(((((((((28) 27) 25) 24) 14) 12,((((((30,31)~ 29) 27) 25) 24) 34) 32)~ 11,(((((((30) 29) 27) 25) 24) 14) 12,(((((28,(31) 29)~ 27) 25) 24) 34) 32)~ 11)+ 11,(((((26) 25) 24) 14) 12) 11)+ 11,(((((37,(36,36)+ 36)~ 35,(36,(37,37)+ 37)~ 35)+ 35) 34) 32) 11)+ 11)+ 11) 10) 8) 6)+ 6,(7) 6)+ 6,((2,((4,5)~ 3,(4,5)~ 3)+ 3)~ 1,(2,((4,5)~ 3,(5) 3)+ 3)~ 1)+ 1)~ 0)+ 0
&t ((2,((4,5)~ 3,(5,4)~ 3)+ 3)~ 1,(((9,((39,40)~ 38) 10)~ 8,(((((((((((28,(31,30)~ 29)~ 27) 25) 24) 14) 12,(((((28,(30,31)~ 29)~ 27) 25) 24) 34) 32)~ 11,(((((26) 25) 24) 14) 12) 11)+ 11,(((((18,17)~ 16,(23,(22,21)~ 20)~ 19)~ 15) 14) 12) 11)+ 11,(((((((28,(30,31)~ 29)~ 27) 25) 24) 14) 12,(((((28,(30,31)~ 29)~ 27) 25) 24) 34) 32)~ 11,((((37,36)~ 35) 34) 32) 11)+ 11)+ 11) 10) 8)+ 8,(7,7)+ 7)~ 6)~ 0
&t ((((9,9)+ 9,(((((((((((28,(31,30)~ 29)~ 27) 25) 24) 14) 12,(((((28,(31,30)~ 29)~ 27) 25) 24) 34) 32)~ 11,(((((26) 25) 24) 14) 12) 11)+ 11,(((((17,18)~ 16,(23,(21,22)~ 20)~ 19)~ 15) 14) 12) 11)+ 11,(40,39)~ 38)~ 10,(((13) 12) 11) 10)+ 10,((((((((((28,(31,30)~ 29)~ 27) 25) 24) 14) 12,(((((28,(31,30)~ 29)~ 27) 25) 24) 34) 32)~ 11,(((((((28) 27) 25) 24) 14) 12,((((((31,30)~ 29) 27) 25) 24) 34) 32)~ 11,((((((28,(31,30)~ 29)~ 27) 25) 24) 14) 12,(((((28,(31,30)~ 29)~ 27) 25) 24) 34) 32)~ 11)+ 11)+ 11,(((((26) 25) 24) 14) 12) 11)+ 11,((((37,36)~ 35) 34) 32) 11)+ 11) 10)+ 10)~ 8) 6) 0
&t ((((2,((4,5)~ 3,(4,5)~ 3)+ 3)~ 1,(2) 1)+ 1,(((5,4)~ 3,(5,4)~ 3)+ 3) 1)+ 1,(((((((39,40)~ 38) 10,9)~ 8,(((((((((((28,(30,31)~ 29)~ 27) 25) 24) 14) 12,(((((28,(31,30)~ 29)~ 27) 25) 24) 34) 32)~ 11,(((((26) 25) 24) 14) 12) 11)+ 11,((((36,37)~ 35) 34) 32) 11)+ 11,((33) 32) 11)+ 11) 10) 8)+ 8,7)~ 6,(((((((((23) 19,(17,18)~ 16)~ 15,(((21,22)~ 20) 19) 15)+ 15) 14) 12) 11) 10) 8) 6)+ 6,((((((((26) 25) 24) 14) 12,(((((28,(30,31)~ 29)~ 27) 25) 24) 34) 32)~ 11) 10) 8) 6)+ 6)~ 0
&t ((2,((4,(5,5)+ 5)~ 3,((5,4)~ 3,(5,4)~ 3)+ 3)+ 3)~ 1,((9,((((40,39)~ 38,((((((((((28) 27) 25) 24) 14) 12,((((((30,31)~ 29) 27) 25) 24) 34) 32)~ 11,((((((28,(30,31)~ 29)~ 27) 25) 24) 14) 12,(((((28,(31,30)~ 29)~ 27) 25) 24) 34) 32)~ 11)+ 11,(((((26) 25) 24) 14) 12) 11)+ 11,(((((((28,(30,31)~ 29)~ 27) 25) 24) 14) 12,(((((28,(30,31)~ 29)~ 27) 25) 24) 34) 32)~ 11,(((((26) 25) 24) 14) 12) 11)+ 11)+ 11,((((37,36)~ 35) 34) 32) 11)+ 11)~ 10,((((((((28,(30,31)~ 29)~ 27) 25) 24) 14) 12,(((((28,(31,30)~ 29)~ 27) 25) 24) 34) 32)~ 11,(((((23,((21,22)~ 20,(21,22)~ 20)+ 20)~ 19,(18,17)~ 16)~ 15) 14) 12) 11)+ 11) 10)+ 10,(((33) 32) 11) 10)+ 10)~ 8,((7,7)+ 7,7)+ 7)~ 6)~ 0
&t ((((7,(7,7)+ 7)+ 7,((((((40,39)~ 38,(40,39)~ 38)+ 38,(((((((((28,(31,30)~ 29)~ 27) 25) 24) 14) 12,(((((28,(30,31)~ 29)~ 27) 25) 24) 34) 32)~ 11,(((((26) 25) 24) 14) 12) 11)+ 11,((13) 12) 11)+ 11,(((((17,18)~ 16,(23,(22) 20)~ 19)~ 15) 14) 12) 11)+ 11)~ 10,(((((((((28,(31,30)~ 29)~ 27) 25) 24) 14) 12,(((((28,(31,30)~ 29)~ 27) 25) 24) 34) 32)~ 11,(((((26) 25) 24) 14) 12) 11)+ 11,((((36,37)~ 35) 34) 32) 11)+ 11) 10)+ 10,((40,39)~ 38) 10)+ 10) 8)~ 6,((9) 8) 6)+ 6,(((5,4)~ 3,(5) 3)+ 3,2)~ 1)~ 0
&t (((2,(4) 3)~ 1,((4) 3) 1)+ 1,((((9,((((((((((((28) 27) 25) 24) 14) 12,((((((30,31)~ 29) 27) 25) 24) 34) 32)~ 11,((((((28,(30,31)~ 29)~ 27) 25) 24) 14) 12,(((((28,(30,31)~ 29)~ 27) 25) 24) 34) 32)~ 11)+ 11,(((((26) 25) 24) 14) 12) 11)+ 11,((((36,37)~ 35) 34) 32) 11)+ 11,((33) 32) 11)+ 11,((((((((((((30) 29) 27) 25) 24) 14) 12,((((((30) 29) 27) 25) 24) 34) 32)~ 11,(((((((31) 29) 27) 25) 24) 14) 12) 11)+ 11,((((((28) 27) 25) 24) 14) 12) 11)+ 11,((((((28) 27) 25) 24) 14) 12,((((((30,31)~ 29) 27) 25) 24) 34) 32)~ 11)+ 11,(((((26) 25) 24) 14) 12) 11)+ 11,(((((18) 16,(23,(21,22)~ 20)~ 19)~ 15) 14) 12) 11)+ 11)+ 11) 10)~ 8,((((13) 12) 11) 10) 8)+ 8,(((39,40)~ 38) 10) 8)+ 8,(7,7)+ 7)~ 6)~ 0
&t ((2,((4,5)~ 3,(4) 3)+ 3)~ 1,(((9,9)+ 9,(((((((((26) 25) 24) 34) 32,((((17,18)~ 16) 15) 14) 12)~ 11,(((((23,(21,22)~ 20)~ 19) 15) 14) 12) 11)+ 11,((((((((28,(30,31)~ 29)~ 27) 25) 24) 14) 12,(((((28,(31,30)~ 29)~ 27) 25) 24) 34) 32)~ 11,(((((26) 25) 24) 14) 12) 11)+ 11,((((37,36)~ 35) 34) 32) 11)+ 11)+ 11,((33) 32) 11)+ 11,((39,40)~ 38,(40) 38)+ 38)~ 10)~ 8,(7,7)+ 7)~ 6)~ 0
&t ((2,((5,4)~ 3,(5,4)~ 3)+ 3)~ 1,((7,(((((((((((28,(31,30)~ 29)~ 27) 25) 24) 14) 12,(((((28,(30,31)~ 29)~ 27) 25) 24) 34) 32)~ 11,(((((26) 25) 24) 14) 12) 11)+ 11,((((36,37)~ 35) 34) 32) 11)+ 11,(((33,(33,33)+ 33)+ 33) 32,(13,((((18,17)~ 16,(23,(21,22)~ 20)~ 19)~ 15,(((23) 19,(18,(17,17)+ 17)~ 16)~ 15,(((22,21)~ 20) 19) 15)+ 15)+ 15,((26,(28,(30,31)~ 29)~ 27)~ 25) 24)~ 14)~ 12)~ 11)+ 11,((39,(40,40)+ 40)~ 38,((39,(40,40)+ 40)~ 38,(((40,39)~ 38,(40) 38)+ 38,(39) 38)+ 38)+ 38)+ 38)~ 10) 8)~ 6,((((9,9)+ 9,9)+ 9) 8) 6)+ 6)~ 0
&t (((2,((4,5)~ 3,(5,4)~ 3)+ 3)~ 1,(2,((5,4)~ 3,(5,(4,4)+ 4)~ 3)+ 3)~ 1)+ 1,((9,((40,(39,39)+ 39)~ 38,((((((((((((28) 27) 25) 24) 14) 12,(((((28,(31,30)~ 29)~ 27) 25) 24) 34) 32)~ 11,((((((28) 27) 25) 24) 14) 12,((((((31,30)~ 29) 27) 25) 24) 34) 32)~ 11)+ 11,(((((26) 25) 24) 14) 12) 11)+ 11,(((((26) 25) 24) 14) 12) 11)+ 11,(((((23) 19,(18,17)~ 16)~ 15) 14) 12) 11)+ 11,((13) 12) 11)+ 11,((((((((((31,30)~ 29) 27) 25) 24) 14) 12,(((((28,(30,31)~ 29)~ 27) 25) 24) 34) 32)~ 11,(((((26) 25) 24) 14) 12) 11)+ 11,((((37,36)~ 35) 34) 32) 11)+ 11,((33) 32) 11)+ 11)+ 11)~ 10)~ 8,(7,7)+ 7)~ 6)~ 0
&t (((5,(4,4)+ 4)~ 3) 1,(((9,((40,39)~ 38,((((((((26) 25) 24) 14) 12,(((((28,(30,31)~ 29)~ 27) 25) 24) 34) 32)~ 11,(((13,(((23,(22,21)~ 20)~ 19) 15) 14)~ 12) 11,(((((18,17)~ 16) 15) 14) 12) 11)+ 11)+ 11,((33) 32) 11)+ 11,((((((((28,(31,30)~ 29)~ 27) 25) 24) 14) 12,(((((28,(31,30)~ 29)~ 27) 25) 24) 34) 32)~ 11,((((36,37)~ 35) 34) 32) 11)+ 11,(((((26) 25) 24) 14) 12) 11)+ 11)+ 11)~ 10)~ 8,(((39,40)~ 38,((((((((26) 25) 24) 14) 12,((((26) 25) 24) 34) 32)~ 11,((((((28,(31,30)~ 29)~ 27) 25) 24) 14) 12,(((((28,(31,30)~ 29)~ 27) 25) 24) 34) 32)~ 11)+ 11,((((36,37)~ 35) 34) 32) 11)+ 11,((((((((((((30) 29) 27) 25) 24) 14) 12,(((((28,(31) 29)~ 27) 25) 24) 34) 32)~ 11,(((((26) 25) 24) 14) 12) 11)+ 11,((((((((28) 27) 25) 24) 14) 12,((((((30,31)~ 29) 27) 25) 24) 34) 32)~ 11,((((((28,(30,31)~ 29)~ 27) 25) 24) 14) 12,(((((28,(30,31)~ 29)~ 27) 25) 24) 34) 32)~ 11)+ 11,(((((26) 25) 24) 14) 12,((((26) 25) 24) 34) 32)~ 11)+ 11)+ 11,(((((23) 19,(18,17)~ 16)~ 15) 14) 12) 11)+ 11,((13) 12) 11)+ 11,((33) 32) 11)+ 11)+ 11)~ 10) 8)+ 8,(7,7)+ 7)~ 6)~ 0
&t ((((5,4)~ 3,(5,4)~ 3)+ 3,2)~ 1,((7,(((((((((((28,(30,31)~ 29)~ 27) 25) 24) 14) 12,(((((28,(30,31)~ 29)~ 27) 25) 24) 34) 32)~ 11,(((((26) 25) 24) 14) 12) 11)+ 11,((13,(((18,17)~ 16,(23,(22) 20)~ 19)~ 15) 14)~ 12) 11)+ 11,(((((((28,(31,30)~ 29)~ 27) 25) 24) 14) 12,(((((28,(30,31)~ 29)~ 27) 25) 24) 34) 32)~ 11,((((36,37)~ 35) 34) 32) 11)+ 11)+ 11) 10) 8)~ 6,(((9,9)+ 9) 8) 6)+ 6)~ 0
&t ((2,((5,4)~ 3,(4,5)~ 3)+ 3)~ 1,(((9,((40) 38) 10)~ 8,((((((((((28,(31,30)~ 29)~ 27) 25) 24) 14) 12,(((((28,(30,31)~ 29)~ 27) 25) 24) 34) 32)~ 11,((((((23) 19) 15) 14,13)~ 12) 11,(((((17,18)~ 16) 15) 14) 12) 11)+ 11)+ 11,(((((((((((30,31)~ 29) 27) 25) 24) 14) 12,(((((28) 27) 25) 24) 34) 32)~ 11,((((((28,(31,30)~ 29)~ 27) 25) 24) 14) 12,(((((28,(31,30)~ 29)~ 27) 25) 24) 34) 32)~ 11)+ 11,(((((26) 25) 24) 14) 12) 11)+ 11,(((((36,37)~ 35,(37) 35)+ 35) 34) 32) 11)+ 11,((33) 32) 11)+ 11)+ 11) 10) 8)+ 8) 6)~ 0
&t (((2,((5,4)~ 3,(5,4)~ 3)+ 3)~ 1,((((4,5)~ 3,(4) 3)+ 3,(4) 3)+ 3) 1)+ 1,(((((((((((((((28,(30,31)~ 29)~ 27) 25) 24) 14) 12,(((((28,(31,30)~ 29)~ 27) 25) 24) 34) 32)~ 11,(((((26) 25) 24) 14) 12) 11)+ 11,((((36,37)~ 35) 34) 32) 11)+ 11,(((33,33)+ 33) 32) 11)+ 11,(40) 38)~ 10,((((((((28,(31,30)~ 29)~ 27) 25) 24) 14) 12,(((((28,(30,31)~ 29)~ 27) 25) 24) 34) 32)~ 11,(((((26) 25) 24) 14) 12) 11)+ 11) 10)+ 10,((((((17,(18,18)+ 18)~ 16,(23,(21,22)~ 20)~ 19)~ 15) 14) 12) 11) 10)+ 10,(((13) 12) 11) 10)+ 10) 8,7)~ 6)~ 0
&t (((9,((((((((((((28,(31,30)~ 29)~ 27) 25) 24) 14) 12,(((((28,(31,30)~ 29)~ 27) 25) 24) 34) 32)~ 11,(((((26) 25) 24) 14) 12) 11)+ 11,((((((21,22)~ 20,23)~ 19,(17,18)~ 16)~ 15) 14,13)~ 12) 11)+ 11,((((((((28,(30,31)~ 29)~ 27) 25) 24) 14) 12,(((((28,(31,30)~ 29)~ 27) 25) 24) 34) 32)~ 11,(((((26) 25) 24) 14) 12) 11)+ 11,((((37,36)~ 35) 34) 32) 11)+ 11)+ 11,((33) 32) 11)+ 11,(39) 38)~ 10,((40) 38) 10)+ 10)~ 8) 6) 0
&t ((2,(((4,5)~ 3,(4,5)~ 3)+ 3,((5,4)~ 3,(5,4)~ 3)+ 3)+ 3)~ 1,(((((39,40)~ 38,((((((((((28,(30,31)~ 29)~ 27) 25) 24) 14) 12,(((((28,(31,30)~ 29)~ 27) 25) 24) 34) 32)~ 11,(((((26) 25) 24) 14) 12) 11)+ 11,((((((23) 19,(18,17)~ 16)~ 15,(((21,22)~ 20) 19) 15)+ 15) 14) 12) 11)+ 11,((13) 12) 11)+ 11,((((36,37)~ 35) 34) 32) 11)+ 11)~ 10,(((((((((28,(30,31)~ 29)~ 27) 25) 24) 14) 12,(((((28,(31,30)~ 29)~ 27) 25) 24) 34) 32)~ 11,(((((26) 25) 24) 14) 12) 11)+ 11,(((33,33)+ 33) 32) 11)+ 11) 10)+ 10,9)~ 8) 6)~ 0
&t (((7,7)+ 7,((((9,9)+ 9,((((((((28) 27) 25) 24) 14) 12,((((((31,30)~ 29) 27) 25) 24) 34) 32)~ 11,(((((26) 25) 24) 14) 12,((((26) 25) 24) 34) 32)~ 11)+ 11) 10)~ 8,((((((((23,23)+ 23,(22,21)~ 20)~ 19) 15) 14) 12) 11) 10) 8)+ 8,(((((((((((((((30) 29) 27) 25) 24) 14) 12,((((((31) 29) 27) 25) 24) 34) 32)~ 11,((((((28) 27) 25) 24) 14) 12,(((((28) 27) 25) 24) 34) 32)~ 11)+ 11,(((((26) 25) 24) 14) 12) 11)+ 11,((((37) 35) 34) 32) 11)+ 11,((((37,36)~ 35) 34) 32) 11)+ 11,((33) 32) 11)+ 11,((13) 12) 11)+ 11) 10) 8)+ 8)~ 6) 0
&t ((7) 6,((2,(4,5)~ 3)~ 1,((5,4)~ 3) 1)+ 1)~ 0
&t (((2,2)+ 2) 1,((((((40,39)~ 38) 10,9)~ 8,(((((((((((28,(30,31)~ 29)~ 27) 25) 24) 14) 12,(((((28,(30,31)~ 29)~ 27) 25) 24) 34) 32)~ 11,(((((26) 25) 24) 14) 12) 11)+ 11,(((((23,(22,21)~ 20)~ 19,(17,18)~ 16)~ 15) 14) 12) 11)+ 11,((13) 12) 11)+ 11) 10) 8)+ 8,(((((((((((28) 27) 25) 24) 14) 12,(((((28,(30,31)~ 29)~ 27) 25) 24) 34) 32)~ 11,(((((26) 25) 24) 14) 12) 11)+ 11,((((36,37)~ 35) 34) 32) 11)+ 11,((33) 32) 11)+ 11) 10) 8)+ 8,7)~ 6)~ 0
&t ((7,((((((39,40)~ 38) 10,9)~ 8,((((((((((28,(30) 29)~ 27) 25) 24) 14) 12,(((((28,(30,31)~ 29)~ 27) 25) 24) 34) 32)~ 11,(((((26) 25) 24) 14) 12) 11)+ 11,((((36,37)~ 35) 34) 32) 11)+ 11) 10) 8)+ 8,((((33) 32) 11) 10) 8)+ 8,((((((((26) 25) 24) 34) 32,((((17,18)~ 16,(23,(22,21)~ 20)~ 19)~ 15) 14) 12)~ 11,((13) 12) 11)+ 11) 10) 8)+ 8)~ 6) 0
&t ((7,(9,((40,39)~ 38,((((((((((28,(31,30)~ 29)~ 27) 25) 24) 14) 12,(((((28,(31,30)~ 29)~ 27) 25) 24) 34) 32)~ 11,(((((17,18)~ 16,((21,22)~ 20,(23,23)+ 23)~ 19)~ 15) 14) 12) 11)+ 11,((((((((((31) 29) 27) 25) 24) 14) 12,((((((30) 29,28)~ 27) 25) 24) 34) 32)~ 11,((((((28) 27) 25) 24) 14) 12,((((((31,30)~ 29) 27) 25) 24) 34) 32)~ 11)+ 11,(((((26) 25) 24) 14) 12) 11)+ 11,(((((18) 16,(23,(22,21)~ 20)~ 19)~ 15) 14) 12) 11)+ 11)+ 11,((((((((28,(30,31)~ 29)~ 27) 25) 24) 14) 12,(((((28,(30,31)~ 29)~ 27) 25) 24) 34) 32)~ 11,(((((26) 25) 24) 14) 12) 11)+ 11,((((37,36)~ 35) 34) 32) 11)+ 11)+ 11,((33) 32) 11)+ 11)~ 10)~ 8)~ 6,(((5,4)~ 3,(5) 3)+ 3,2)~ 1)~ 0
&t (((((4,5)~ 3,(4) 3)+ 3,2)~ 1,(2,((4,5)~ 3,(5,4)~ 3)+ 3)~ 1)+ 1) 0
&t ((7,((9,((40,39)~ 38,((((((((((28,(31,30)~ 29)~ 27) 25) 24) 14) 12,(((((28,(30,31)~ 29)~ 27) 25) 24) 34) 32)~ 11,(((((26) 25) 24) 14) 12) 11)+ 11,(((((23,(21,22)~ 20)~ 19,(18,(17,17)+ 17)~ 16)~ 15) 14) 12) 11)+ 11,(((((((((28) 27) 25) 24) 14) 12,((((((30,31)~ 29) 27) 25) 24) 34) 32)~ 11,(((((((((30) 29) 27) 25) 24) 14) 12,((((((30) 29) 27) 25) 24) 34) 32)~ 11,(((((((31) 29) 27) 25) 24) 14) 12) 11)+ 11,((((((28) 27) 25) 24) 14) 12) 11)+ 11)+ 11,(((((26) 25) 24) 14) 12) 11)+ 11,(((((37,36)~ 35,(37,36)~ 35)+ 35) 34) 32) 11)+ 11)+ 11,((33) 32) 11)+ 11)~ 10)~ 8,((9,9)+ 9) 8)+ 8)~ 6,(((5,4)~ 3,(5,4)~ 3)+ 3,2)~ 1)~ 0
&t ((((9,9)+ 9) 8,7)~ 6,(2,((4,5)~ 3,(4,5)~ 3)+ 3)~ 1)~ 0
&t ((7,(9,(((((((((((28,(31,30)~ 29)~ 27) 25) 24) 14) 12,(((((28,(30,31)~ 29)~ 27) 25) 24) 34) 32)~ 11,(((((26) 25) 24) 14) 12) 11)+ 11,(((((18,17)~ 16,(23,(22,21)~ 20)~ 19)~ 15) 14) 12) 11)+ 11,(((13,(13,13)+ 13)+ 13) 12) 11)+ 11,(((((((((28,(31,30)~ 29)~ 27) 25) 24) 14) 12,(((((28,(31,30)~ 29)~ 27) 25) 24) 34) 32)~ 11,(((((26) 25) 24) 14) 12) 11)+ 11,((((36,37)~ 35) 34) 32) 11)+ 11,((33) 32) 11)+ 11)+ 11) 10)~ 8)~ 6,((((4,5)~ 3,2)~ 1,((4,5)~ 3) 1)+ 1,((4,5)~ 3) 1)+ 1)~ 0
&t ((2,((5,4)~ 3,(5,4)~ 3)+ 3)~ 1,((((9,((((((((((((28) 27) 25) 24) 14) 12,((((((30,31)~ 29) 27) 25) 24) 34) 32)~ 11,(((((((28) 27) 25) 24) 14) 12,(((((28) 27) 25) 24) 34) 32)~ 11,(((((((31) 29) 27) 25) 24) 14) 12,((((((30) 29) 27) 25) 24) 34) 32)~ 11)+ 11)+ 11,((((((18,17)~ 16,(17,18)~ 16)+ 16,(23,(22,21)~ 20)~ 19)~ 15) 14) 12) 11)+ 11,(((13,13)+ 13) 12) 11)+ 11,((33) 32) 11)+ 11,(40,(39,39)+ 39)~ 38)~ 10,(((((37,36)~ 35) 34) 32) 11) 10)+ 10)~ 8,((9,9)+ 9) 8)+ 8,(((40,39)~ 38,(((((((((28,(31,30)~ 29)~ 27) 25) 24) 14) 12,(((((28,(30,31)~ 29)~ 27) 25) 24) 34) 32)~ 11,(((((26) 25) 24) 14) 12) 11)+ 11,((((37,36)~ 35) 34) 32) 11)+ 11,(((((18,17)~ 16,(23,(21,22)~ 20)~ 19)~ 15) 14) 12) 11)+ 11)~ 10) 8)+ 8) 6)~ 0
&t (((4) 3,2)~ 1,((((39,40)~ 38,(((((((((28,(30,31)~ 29)~ 27) 25) 24) 14) 12,(((((28,(30,31)~ 29)~ 27) 25) 24) 34) 32)~ 11,(((((17,18)~ 16,(23,(21) 20)~ 19)~ 15) 14) 12) 11)+ 11,((13) 12) 11)+ 11,(((((((((28,(30,31)~ 29)~ 27) 25) 24) 14) 12,(((((28,(30,31)~ 29)~ 27) 25) 24) 34) 32)~ 11,((((((28) 27) 25) 24) 14) 12,((((((31,30)~ 29) 27) 25) 24) 34) 32)~ 11)+ 11,(((((26) 25) 24) 14) 12) 11)+ 11,((33) 32) 11)+ 11)+ 11)~ 10) 8,7)~ 6)~ 0
&t (((2,((4,(5,5)+ 5)~ 3,(4,5)~ 3)+ 3)~ 1,((2,2)+ 2,((4,5)~ 3,(((4,5)~ 3,(5) 3)+ 3,(4) 3)+ 3)+ 3)~ 1)+ 1,(((7,7)+ 7,(((9,9)+ 9,9)+ 9) 8)~ 6,(7) 6)+ 6)~ 0
&t ((((((40,39)~ 38,(((((((((28,(31,30)~ 29)~ 27) 25) 24) 14) 12,(((((28,(30,31)~ 29)~ 27) 25) 24) 34) 32)~ 11,(((((26) 25) 24) 14) 12) 11)+ 11,(((((18,17)~ 16,(23,(22,21)~ 20)~ 19)~ 15) 14) 12) 11)+ 11,((13) 12) 11)+ 11)~ 10,(((((((((26) 25) 24) 14) 12,((((26) 25) 24) 34) 32)~ 11,(((((((28) 27) 25) 24) 14) 12,((((((30,31)~ 29) 27) 25) 24) 34) 32)~ 11,((((((28,(31,30)~ 29)~ 27) 25) 24) 14) 12,(((((28,(31,30)~ 29)~ 27) 25) 24) 34) 32)~ 11)+ 11)+ 11,(((((37,36)~ 35,(37,36)~ 35)+ 35) 34) 32) 11)+ 11,((33) 32) 11)+ 11) 10)+ 10,(9,9)+ 9)~ 8,(7,7)+ 7)~ 6,(((5,4)~ 3,(5,4)~ 3)+ 3) 1)~ 0
&t ((((9,((40) 38,((((((((((((30) 29) 27) 25) 24) 14) 12,(((((28,(31) 29)~ 27) 25) 24) 34) 32)~ 11,((((((28) 27) 25) 24) 14) 12,((((((31,30)~ 29) 27) 25) 24) 34) 32)~ 11)+ 11,(((((26) 25) 24) 14) 12) 11)+ 11,(((((18,17)~ 16) 15) 14) 12) 11)+ 11,((13,((((22,21)~ 20) 19) 15) 14)~ 12) 11)+ 11,(((((37,36)~ 35) 34) 32,((((23) 19) 15) 14) 12)~ 11,(((((((28,(30,31)~ 29)~ 27) 25) 24) 14) 12,(((((28,(30,31)~ 29)~ 27) 25) 24) 34) 32)~ 11,(((((26) 25) 24) 14) 12) 11)+ 11)+ 11)+ 11)~ 10)~ 8,((((33) 32) 11) 10) 8)+ 8) 6,(((5,4)~ 3,(5,4)~ 3)+ 3) 1)~ 0
&t ((7,((9,(((39,40)~ 38,((39,(40,40)+ 40)~ 38,(39) 38)+ 38)+ 38) 10)~ 8,(((((((((((28,(31,30)~ 29)~ 27) 25) 24) 14) 12,(((((28,(31,30)~ 29)~ 27) 25) 24) 34) 32)~ 11,(((((26) 25) 24) 14) 12) 11)+ 11,((((((23,23)+ 23,(22,21)~ 20)~ 19) 15) 14) 12) 11)+ 11,((((((((26) 25) 24) 14) 12,((((26) 25) 24) 34) 32)~ 11,((((((28) 27) 25) 24) 14) 12,(((((28,(31,30)~ 29)~ 27) 25) 24) 34) 32)~ 11)+ 11,((((37,36)~ 35) 34) 32) 11)+ 11,((33) 32) 11)+ 11)+ 11) 10) 8)+ 8)~ 6,(((4,5)~ 3,2)~ 1,((5,4)~ 3) 1)+ 1)~ 0
&t ((2,(5,4)~ 3)~ 1,((((9,(((((40,39)~ 38,((((((((28,(30,31)~ 29)~ 27) 25) 24) 14) 12,(((((28,(30,31)~ 29)~ 27) 25) 24) 34) 32)~ 11,(((((26) 25) 24) 14) 12) 11)+ 11,((((36,37)~ 35) 34) 32) 11)+ 11)~ 10,((((((((28,(31,30)~ 29)~ 27) 25) 24) 14) 12,(((((28,(30,31)~ 29)~ 27) 25) 24) 34) 32)~ 11,(((((26) 25) 24) 14) 12) 11)+ 11) 10)+ 10,(((33) 32,(((((18,17)~ 16,((22,21)~ 20,(23,(23,23)+ 23)+ 23)~ 19)~ 15,((17,18)~ 16) 15)+ 15) 14) 12)~ 11) 10)+ 10,(((13) 12) 11) 10)+ 10)~ 8,((((39,40)~ 38,(((((((((28,(31,30)~ 29)~ 27) 25) 24) 14) 12,(((((28,(31,30)~ 29)~ 27) 25) 24) 34) 32)~ 11,(((((26) 25) 24) 14) 12) 11)+ 11,(((((17,18)~ 16,(23,(22,21)~ 20)~ 19)~ 15) 14) 12) 11)+ 11,((13) 12) 11)+ 11)~ 10,(((((((((28,(31,30)~ 29)~ 27) 25) 24) 14) 12,(((((28,(30,31)~ 29)~ 27) 25) 24) 34) 32)~ 11,(((((26) 25) 24) 14) 12) 11)+ 11,((((36,37)~ 35) 34) 32) 11)+ 11) 10)+ 10) 8)+ 8,((((33) 32) 11) 10) 8)+ 8) 6)~ 0
&t (((2,((5,4)~ 3,(4,5)~ 3)+ 3)~ 1,(2,((4,(5,5)+ 5)~ 3,(5,4)~ 3)+ 3)~ 1)+ 1,((((((((((((((28) 27) 25) 24) 14) 12,((((((31,30)~ 29) 27) 25) 24) 34) 32)~ 11,(((((((((30) 29) 27) 25) 24) 14) 12,((((((30) 29) 27) 25) 24) 34) 32)~ 11,(((((((31) 29) 27) 25) 24) 14) 12) 11)+ 11,((((((28) 27) 25) 24) 14) 12) 11)+ 11)+ 11,(((((26) 25) 24) 14) 12) 11)+ 11,(((((18,17)~ 16,(23,(21,22)~ 20)~ 19)~ 15) 14) 12) 11)+ 11,((13) 12) 11)+ 11,(((((((((28,(30,31)~ 29)~ 27) 25) 24) 14) 12,(((((28,(30,31)~ 29)~ 27) 25) 24) 34) 32)~ 11,(((((26) 25) 24) 14) 12) 11)+ 11,((((37,(36,(36,36)+ 36)+ 36)~ 35) 34) 32) 11)+ 11,(((33,33)+ 33) 32) 11)+ 11)+ 11,(40,39)~ 38)~ 10,9)~ 8) 6)~ 0
&t ((((9) 8,(7,(7,(7,7)+ 7)+ 7)+ 7)~ 6,((9,((((((((((28,(30,31)~ 29)~ 27) 25) 24) 14) 12,(((((28,(30,31)~ 29)~ 27) 25) 24) 34) 32)~ 11,(((((((28,(31,30)~ 29)~ 27) 25) 24) 14) 12,(((((28,(30,31)~ 29)~ 27) 25) 24) 34) 32)~ 11,(((((26) 25) 24) 14) 12) 11)+ 11)+ 11,(((((36,(37,37)+ 37)~ 35,(36) 35)+ 35) 34) 32) 11)+ 11,(((33,33)+ 33) 32) 11)+ 11) 10)~ 8) 6)+ 6,(((5,4)~ 3,(4,5)~ 3)+ 3,2)~ 1)~ 0
&t ((7,(((((40,39)~ 38,((((((((((((((30) 29) 27) 25) 24) 14) 12,((((((31) 29,28)~ 27) 25) 24) 34) 32)~ 11,((((((28) 27) 25) 24) 14) 12,((((((30,31)~ 29) 27) 25) 24) 34) 32)~ 11)+ 11,(((((26) 25) 24) 14) 12) 11)+ 11,(((((17,18)~ 16) 15) 14) 12) 11)+ 11,((13) 12) 11)+ 11,((((((22,21)~ 20) 19) 15) 14) 12) 11)+ 11,(((((23) 19) 15) 14) 12) 11)+ 11,(((((((((28,(30,31)~ 29)~ 27) 25) 24) 14) 12,(((((28,(31,30)~ 29)~ 27) 25) 24) 34) 32)~ 11,(((((26) 25) 24) 14) 12) 11)+ 11,((((36,37)~ 35) 34) 32) 11)+ 11,(((33,33)+ 33) 32) 11)+ 11)+ 11)~ 10,((40,39)~ 38,((((((((((28,(30,31)~ 29)~ 27) 25) 24) 14) 12,(((((28,(31,30)~ 29)~ 27) 25) 24) 34) 32)~ 11,(((((26) 25) 24) 14) 12) 11)+ 11,((((36,37)~ 35) 34) 32) 11)+ 11,((33) 32) 11)+ 11,(((((((28,(31,30)~ 29)~ 27) 25) 24) 14) 12,((((26,(28,(30,31)~ 29)~ 27)~ 25) 24) 34) 32)~ 11,(((((17,18)~ 16,(23,(21,22)~ 20)~ 19)~ 15) 14) 12) 11)+ 11)+ 11)~ 10)+ 10,(((((((((28,(30,31)~ 29)~ 27) 25) 24) 14) 12,(((((28,(30,31)~ 29)~ 27) 25) 24) 34) 32)~ 11,(((((26) 25) 24) 14) 12) 11)+ 11,((((((((((28,(31,30)~ 29)~ 27) 25) 24) 14) 12,(((((28,(31,30)~ 29)~ 27) 25) 24) 34) 32)~ 11,(((((((28,(30,31)~ 29)~ 27) 25) 24) 14) 12,(((((28,(30,31)~ 29)~ 27) 25) 24) 34) 32)~ 11,(((((26) 25) 24) 14) 12) 11)+ 11)+ 11,((((37,(36,36)+ 36)~ 35) 34) 32) 11)+ 11,((33) 32) 11)+ 11,(((((((((28,(31,30)~ 29)~ 27) 25) 24) 14) 12,(((((28,(31,30)~ 29)~ 27) 25) 24) 34) 32)~ 11,(((((26) 25) 24) 14) 12) 11)+ 11,(((((18,17)~ 16,(23,(22,21)~ 20)~ 19)~ 15) 14) 12) 11)+ 11,((13) 12) 11)+ 11)+ 11)+ 11) 10)+ 10) 8)~ 6) 0
&t ((((4,5)~ 3,(4,5)~ 3)+ 3,2)~ 1,(((((((39,40)~ 38,((((((28,(30,31)~ 29)~ 27) 25) 24) 14) 12,(((((28,(31,30)~ 29)~ 27) 25) 24) 34) 32)~ 11)~ 10,((((((((((((((31,30)~ 29) 27) 25) 24) 14) 12,((((((31,30)~ 29) 27) 25) 24) 34) 32)~ 11,((((((28) 27) 25) 24) 14) 12) 11)+ 11,((((((28) 27) 25) 24) 14) 12,((((((30,31)~ 29) 27) 25) 24) 34) 32)~ 11)+ 11,(((((26) 25) 24) 14) 12) 11)+ 11,((13) 12) 11)+ 11,(((((18,(17,17)+ 17)~ 16,((21,22)~ 20,(23,23)+ 23)~ 19)~ 15) 14) 12) 11)+ 11,((((36,37)~ 35) 34) 32) 11)+ 11) 10)+ 10,(((33) 32) 11) 10)+ 10,((((((((((28,(31,30)~ 29)~ 27) 25) 24) 14) 12,(((((28,(30,31)~ 29)~ 27) 25) 24) 34) 32)~ 11,(((((26) 25) 24) 14) 12) 11)+ 11,((((37,36)~ 35) 34) 32) 11)+ 11,(((((((((28,(31,30)~ 29)~ 27) 25) 24) 14) 12,(((((28,(30,31)~ 29)~ 27) 25) 24) 34) 32)~ 11,(((((26) 25) 24) 14) 12) 11)+ 11,(((((18,17)~ 16) 15) 14) 12) 11)+ 11,((13) 12,(33) 32)~ 11)+ 11)+ 11) 10)+ 10,9)~ 8,7)~ 6)~ 0
&t (((7,7)+ 7,(((((39,40)~ 38,(40) 38)+ 38,(39,40)~ 38)+ 38,(((((((((((((31) 29) 27) 25) 24) 14) 12,((((((30) 29,28)~ 27) 25) 24) 34) 32)~ 11,((((((28) 27) 25) 24) 14) 12,((((((31,30)~ 29) 27) 25) 24) 34) 32)~ 11)+ 11,(((((26) 25) 24) 14) 12) 11)+ 11,((13) 12) 11)+ 11,(((((23) 19,(18) 16)~ 15) 14) 12) 11)+ 11,(((((26) 25) 24) 34) 32,((13,13)+ 13,(((23) 19,(18,17)~ 16)~ 15) 14)~ 12)~ 11)+ 11,(((((((((28,(30,31)~ 29)~ 27) 25) 24) 14) 12,(((((28,(31,30)~ 29)~ 27) 25) 24) 34) 32)~ 11,(((((26) 25) 24) 14) 12,(((37,36)~ 35) 34) 32)~ 11)+ 11,((((37,36)~ 35) 34) 32) 11)+ 11,((33) 32) 11)+ 11)+ 11)~ 10,9)~ 8)~ 6) 0
&t ((7,(9,((((((((((28,(31,30)~ 29)~ 27) 25) 24) 14) 12,(((((28,(30,31)~ 29)~ 27) 25) 24) 34) 32)~ 11,(((((26) 25) 24) 14) 12) 11)+ 11,((13) 12) 11)+ 11,((((((((28,(31,30)~ 29)~ 27) 25) 24) 14) 12,(((((28,(30,31)~ 29)~ 27) 25) 24) 34) 32)~ 11,(((((26) 25) 24) 14) 12) 11)+ 11,((33) 32) 11)+ 11)+ 11,((39,40)~ 38,((40,40)+ 40) 38)+ 38)~ 10)~ 8)~ 6,((2,((5,4)~ 3,(5,4)~ 3)+ 3)~ 1,(((4,5)~ 3,(5,4)~ 3)+ 3,2)~ 1)+ 1)~ 0
&t ((((9,(((((39,40)~ 38,(40) 38)+ 38,(39) 38)+ 38,((13,((((23) 19,(17,(18,18)+ 18)~ 16)~ 15,(((21,22)~ 20) 19) 15)+ 15) 14)~ 12) 11)~ 10,(((((((((((28) 27) 25) 24) 14) 12,((((((30,31)~ 29) 27) 25) 24) 34) 32)~ 11,(((((((30) 29) 27) 25) 24) 14) 12,((((((31) 29,28)~ 27) 25) 24) 34) 32)~ 11)+ 11,(((((26) 25) 24) 14) 12) 11)+ 11,((33) 32) 11)+ 11,((((36,37)~ 35) 34) 32) 11)+ 11) 10)+ 10)~ 8,(((9,9)+ 9,(9,9)+ 9)+ 9) 8)+ 8) 6,((((4,5)~ 3,(5,4)~ 3)+ 3,((5,4)~ 3,(4) 3)+ 3)+ 3,2)~ 1)~ 0
&t (((7,7)+ 7,(9,(((((33) 32) 11,(40,39)~ 38)~ 10,(((((36) 35) 34) 32) 11) 10)+ 10,(((((((((28,(31,30)~ 29)~ 27) 25) 24) 14) 12,(((((28,(30,31)~ 29)~ 27) 25) 24) 34) 32)~ 11,(((((26) 25) 24) 14) 12) 11)+ 11,((13,(((17,18)~ 16,(23,(21,22)~ 20)~ 19)~ 15) 14)~ 12) 11)+ 11) 10)+ 10)~ 8)~ 6,((2,((4,5)~ 3,(4) 3)+ 3)~ 1,(2,((4,5)~ 3,(4,5)~ 3)+ 3)~ 1)+ 1)~ 0
&t (((7,7)+ 7,((((33) 32) 11,(39,40)~ 38)~ 10,((9,9)+ 9,9)+ 9)~ 8)~ 6) 0
&t ((2,((4,5)~ 3,(4,5)~ 3)+ 3)~ 1,((((((((((((28,(30,31)~ 29)~ 27) 25) 24) 14) 12,((((((30,31)~ 29) 27) 25) 24) 34) 32)~ 11,(((((26) 25) 24) 14) 12) 11)+ 11,((33) 32) 11)+ 11,((((((((((28,(31,30)~ 29)~ 27) 25) 24) 14) 12,(((((28,(31,30)~ 29)~ 27) 25) 24) 34) 32)~ 11,(((((((26) 25) 24) 14) 12,((((26) 25) 24) 34) 32)~ 11,((((((28,(31,30)~ 29)~ 27) 25) 24) 14) 12,(((((28,(31,30)~ 29)~ 27) 25) 24) 34) 32)~ 11)+ 11,(((((26) 25) 24) 14) 12) 11)+ 11)+ 11,((((((22,21)~ 20,(23,23)+ 23)~ 19,(17,18)~ 16)~ 15) 14) 12) 11)+ 11,((13) 12) 11)+ 11,((((36,37)~ 35) 34) 32) 11)+ 11)+ 11,(40,39)~ 38)~ 10,(9,(9,(9,9)+ 9)+ 9)+ 9)~ 8,7)~ 6)~ 0
&t ((((((9,((39,40)~ 38) 10)~ 8,((((((((((28,(31,30)~ 29)~ 27) 25) 24) 14) 12,(((((28,(31,30)~ 29)~ 27) 25) 24) 34) 32)~ 11,(((((26) 25) 24) 14) 12) 11)+ 11,((((36,(37,37)+ 37)~ 35) 34) 32) 11)+ 11) 10) 8)+ 8,((((33) 32) 11) 10) 8)+ 8,((((((((((((28) 27) 25) 24) 14) 12,((((((31,30)~ 29) 27) 25) 24) 34) 32)~ 11,((((((28,(30,31)~ 29)~ 27) 25) 24) 14) 12,(((((28,(31,30)~ 29)~ 27) 25) 24) 34) 32)~ 11)+ 11,(((((26) 25) 24) 14) 12) 11)+ 11,(((((18) 16,(23,(21,22)~ 20)~ 19)~ 15) 14) 12) 11)+ 11,(((13,13)+ 13) 12) 11)+ 11) 10) 8)+ 8) 6,(((4,5)~ 3,(4,5)~ 3)+ 3,2)~ 1)~ 0
&t (((2) 1,(((9,9)+ 9) 8) 6)~ 0,((((((((40,39)~ 38,((((37,36)~ 35) 34) 32) 11)~ 10,((((((((((((30) 29) 27) 25) 24) 14) 12,((((((30) 29) 27) 25) 24) 34) 32)~ 11,(((((((31) 29) 27) 25) 24) 14) 12) 11)+ 11,((((((28) 27) 25) 24) 14) 12) 11)+ 11,((((((28) 27) 25) 24) 14) 12,((((((30,31)~ 29) 27) 25) 24) 34) 32)~ 11)+ 11,(((((26) 25) 24) 14) 12) 11)+ 11) 10)+ 10,((((33,33)+ 33) 32) 11) 10)+ 10,(((((((((((((30) 29) 27) 25) 24) 14) 12,(((((28,(31) 29)~ 27) 25) 24) 34) 32)~ 11,(((((((30) 29) 27) 25) 24) 14) 12,((((((31) 29) 27) 25) 24) 34) 32)~ 11)+ 11,((((((28) 27) 25) 24) 14) 12) 11)+ 11,(((((26) 25) 24) 14) 12) 11)+ 11,((13,(((23,(21,22)~ 20)~ 19) 15) 14)~ 12) 11)+ 11,((33) 32) 11)+ 11) 10)+ 10) 8) 6,(((5,4)~ 3,(5) 3)+ 3) 1)~ 0)+ 0
&t ((((9) 8,(7,(7,7)+ 7)+ 7)~ 6,(((((40,39)~ 38,((((((((((28,(30,31)~ 29)~ 27) 25) 24) 14) 12,(((((28,(30,31)~ 29)~ 27) 25) 24) 34) 32)~ 11,(((((26) 25) 24) 14) 12) 11)+ 11,((((37,36)~ 35) 34) 32) 11)+ 11,((13,(((18,17)~ 16,(23,(21,22)~ 20)~ 19)~ 15) 14)~ 12,((((26,(28,(30,31)~ 29)~ 27)~ 25) 24) 34) 32)~ 11)+ 11,((33) 32) 11)+ 11)~ 10,((40,39)~ 38) 10)+ 10) 8) 6)+ 6,((2,((5,4)~ 3,(5) 3)+ 3)~ 1,(2,(5,4)~ 3)~ 1)+ 1)~ 0
&t ((7,(((((((((18,17)~ 16,(23,(22,21)~ 20)~ 19)~ 15) 14) 12,(((((28,(30,31)~ 29)~ 27,26)~ 25) 24) 34) 32)~ 11,((13) 12) 11)+ 11,((((((((28,(31,30)~ 29)~ 27) 25) 24) 14) 12,(((((28,(30,31)~ 29)~ 27) 25) 24) 34) 32)~ 11,(((((26) 25) 24) 14) 12) 11)+ 11,((33,((36,37)~ 35) 34)~ 32) 11)+ 11)+ 11) 10,9)~ 8)~ 6) 0
&t ((((4,5)~ 3,(5,4)~ 3)+ 3,2)~ 1,(7,((9,((((((26) 25) 24) 14) 12) 11) 10)~ 8,(((((13,(((18,17)~ 16,(23,(21,22)~ 20)~ 19)~ 15) 14)~ 12) 11,(39,40)~ 38)~ 10,(((((((((26) 25) 24) 14) 12,((((26) 25) 24) 34) 32)~ 11,(((((26) 25) 24) 14) 12) 11)+ 11,(((((((28,(30,31)~ 29)~ 27) 25) 24) 14) 12,(((((28,(31,30)~ 29)~ 27) 25) 24) 34) 32)~ 11,((((((28,(30,31)~ 29)~ 27) 25) 24) 14) 12,(((((28,(30,31)~ 29)~ 27) 25) 24) 34) 32)~ 11)+ 11)+ 11,((((36,(37,37)+ 37)~ 35) 34) 32) 11)+ 11) 10)+ 10) 8)+ 8)~ 6)~ 0
&t (((((((((((((28,(30,31)~ 29)~ 27) 25) 24) 14) 12,(((((28,(30,31)~ 29)~ 27) 25) 24) 34) 32)~ 11,(((((26) 25) 24) 14) 12,((((26) 25) 24) 34) 32)~ 11)+ 11,((((37,36)~ 35) 34) 32) 11)+ 11,((((37,36)~ 35) 34) 32) 11)+ 11) 10,9)~ 8) 6,(2,(((4,5)~ 3,(4,5)~ 3)+ 3,((4,5)~ 3,(4,5)~ 3)+ 3)+ 3)~ 1)~ 0
&t ((((((7,(((((((((((((((30) 29) 27) 25) 24) 14) 12,((((((30) 29) 27) 25) 24) 34) 32)~ 11,(((((((31) 29) 27) 25) 24) 14) 12) 11)+ 11,((((((28) 27) 25) 24) 14) 12) 11)+ 11,((((((28) 27) 25) 24) 14) 12,((((((30,31)~ 29) 27) 25) 24) 34) 32)~ 11)+ 11,(((((26) 25) 24) 14) 12) 11)+ 11,((13) 12) 11)+ 11,((((((18,17)~ 16,(17,18)~ 16)+ 16,((21,22)~ 20) 19)~ 15) 14) 12) 11)+ 11) 10) 8)~ 6,(((((((((((28,(31,30)~ 29)~ 27) 25) 24) 14) 12,(((((28,(30,31)~ 29)~ 27) 25) 24) 34) 32)~ 11,(((((26) 25) 24) 14) 12) 11)+ 11,((((36) 35) 34) 32) 11)+ 11) 10) 8) 6)+ 6,((((40) 38) 10) 8) 6)+ 6,(((((33) 32) 11) 10) 8) 6)+ 6,((9) 8) 6)+ 6,(((5,4)~ 3,(5,4)~ 3)+ 3) 1)~ 0
&t ((7,((((((((((((28,(31,30)~ 29)~ 27) 25) 24) 14) 12,(((((28,(30,31)~ 29)~ 27) 25) 24) 34) 32)~ 11,(((((26) 25) 24) 14) 12) 11)+ 11,((((((23) 19,(18,17)~ 16)~ 15,(((21,22)~ 20) 19) 15)+ 15) 14) 12) 11)+ 11,((13) 12) 11)+ 11,(((((26) 25) 24) 14) 12,((((36,37)~ 35,(37) 35)+ 35) 34) 32)~ 11)+ 11,((40,40)+ 40) 38)~ 10) 8)~ 6) 0
&t (((9,(((((((((((28,(30,31)~ 29)~ 27) 25) 24) 14) 12,(((((28,(31,30)~ 29)~ 27) 25) 24) 34) 32)~ 11,(((((26) 25) 24) 14) 12) 11)+ 11,((((((((((28,(31,30)~ 29)~ 27) 25) 24) 14) 12,(((((28,(31,30)~ 29)~ 27) 25) 24) 34) 32)~ 11,(((((26) 25) 24) 14) 12) 11)+ 11,(((((17,(18,18)+ 18)~ 16,(23,(22,21)~ 20)~ 19)~ 15) 14) 12) 11)+ 11,((13) 12) 11)+ 11,((((36,37)~ 35) 34) 32) 11)+ 11)+ 11,((33) 32) 11)+ 11,((((((((((28,(31,30)~ 29)~ 27) 25) 24) 14) 12,(((((28,(30,31)~ 29)~ 27) 25) 24) 34) 32)~ 11,(((((26) 25) 24) 14) 12) 11)+ 11,(((((18,17)~ 16,(23,((21,22)~ 20,(22,21)~ 20)+ 20)~ 19)~ 15) 14) 12) 11)+ 11,((13) 12) 11)+ 11,((33) 32) 11)+ 11)+ 11) 10)~ 8) 6,(((5,4)~ 3,(4,5)~ 3)+ 3,2)~ 1)~ 0
&t ((2,(5,4)~ 3)~ 1,(((((((9,(((((36) 35) 34) 32) 11) 10)~ 8,((((((37) 35) 34) 32) 11) 10) 8)+ 8,(((((((((28,(31,30)~ 29)~ 27) 25) 24) 14) 12,(((((28,(31,30)~ 29)~ 27) 25) 24) 34) 32)~ 11,(((((26) 25) 24) 14) 12) 11)+ 11) 10) 8)+ 8,(((((33,(33,33)+ 33)+ 33) 32) 11) 10) 8)+ 8,(((((((((((28,(31,30)~ 29)~ 27) 25) 24) 14) 12,(((((28,(30,31)~ 29)~ 27) 25) 24) 34) 32)~ 11,(((((26) 25) 24) 14) 12) 11)+ 11,(((((18,17)~ 16,(23,(22,21)~ 20)~ 19)~ 15) 14) 12) 11)+ 11,((13) 12) 11)+ 11) 10) 8)+ 8,(((39,40)~ 38) 10) 8)+ 8) 6)~ 0
&t ((((4,5)~ 3,(4,5)~ 3)+ 3,2)~ 1,(7,(9,((((((((((((28,(30,31)~ 29)~ 27) 25) 24) 14) 12,(((((28,(30,31)~ 29)~ 27) 25) 24) 34) 32)~ 11,(((((26) 25) 24) 14) 12) 11)+ 11,(((((((28,(30,31)~ 29)~ 27) 25) 24) 14) 12,(((((28,(30,31)~ 29)~ 27) 25) 24) 34) 32)~ 11,(((((26) 25) 24) 14) 12) 11)+ 11)+ 11,((((37,36)~ 35) 34) 32) 11)+ 11,((((((((28,(30,31)~ 29)~ 27) 25) 24) 14) 12,(((((28,(30,31)~ 29)~ 27) 25) 24) 34) 32)~ 11,(((((26) 25) 24) 14) 12) 11)+ 11,((((((22,21)~ 20,23)~ 19,((18,(18,18)+ 18)+ 18) 16)~ 15) 14) 12) 11)+ 11)+ 11,(((33,33)+ 33) 32) 11)+ 11) 10)~ 8)~ 6)~ 0
&t ((2,((5,4)~ 3,(4,5)~ 3)+ 3)~ 1,(((((39,40)~ 38,((33) 32,(13,(((26) 25) 24,(((17,18)~ 16,((21,22)~ 20) 19)~ 15,((23) 19) 15)+ 15)~ 14)~ 12)~ 11)~ 10,(((((((((28,(31,30)~ 29)~ 27) 25) 24) 14) 12,(((((28,(30,31)~ 29)~ 27) 25) 24) 34) 32)~ 11,(((((26) 25) 24) 14) 12) 11)+ 11,((((37) 35) 34) 32) 11)+ 11) 10)+ 10,9)~ 8,7)~ 6)~ 0
&t ((7,(9,((((((((((28,(30,31)~ 29)~ 27) 25) 24) 14) 12,(((((28,(31,30)~ 29)~ 27) 25) 24) 34) 32)~ 11,(((((26) 25) 24) 14) 12) 11)+ 11,((13,(((23) 19,(18,17)~ 16)~ 15) 14)~ 12) 11)+ 11,(((((37) 35) 34) 32,((((26,(28,(30,31)~ 29)~ 27)~ 25) 24) 14) 12)~ 11,((33) 32) 11)+ 11)+ 11,(39,40)~ 38)~ 10)~ 8)~ 6,(((((4,5)~ 3,(4,5)~ 3)+ 3,2)~ 1,((4) 3) 1)+ 1,((5) 3) 1)+ 1)~ 0
&t ((7,(((40,39)~ 38,(((((((((28,(30,31)~ 29)~ 27) 25) 24) 14) 12,(((((28,(31,30)~ 29)~ 27) 25) 24) 34) 32)~ 11,(((((26) 25) 24) 14) 12) 11)+ 11,((((37,36)~ 35) 34) 32) 11)+ 11,(((((((((((((31) 29) 27) 25) 24) 14) 12,((((((30) 29) 27) 25) 24) 34) 32)~ 11,((((((28,(30,31)~ 29)~ 27) 25) 24) 14) 12,(((((28,(31,30)~ 29)~ 27) 25) 24) 34) 32)~ 11)+ 11,((((((28) 27) 25) 24) 14) 12) 11)+ 11,(((((26) 25) 24) 14) 12) 11)+ 11,(((((23) 19,(18,17)~ 16)~ 15) 14) 12) 11)+ 11,((((((21,22)~ 20) 19) 15) 14) 12) 11)+ 11,((33) 32) 11)+ 11)+ 11)~ 10,9)~ 8)~ 6) 0
&t (((7,7)+ 7,(((((((((((((28,(30,31)~ 29)~ 27) 25) 24) 14) 12,(((((28,(30,31)~ 29)~ 27) 25) 24) 34) 32)~ 11,(((((26) 25) 24) 14) 12) 11)+ 11,((((37,36)~ 35) 34) 32) 11)+ 11,((33) 32) 11)+ 11,((((((((28) 27) 25) 24) 14) 12,(((((28,(30,31)~ 29)~ 27) 25) 24) 34) 32)~ 11,(((((26) 25) 24) 14) 12) 11)+ 11,(((((17,18)~ 16,(23,(22,21)~ 20)~ 19)~ 15) 14) 12) 11)+ 11)+ 11) 10,((9,9)+ 9,(9,(9,9)+ 9)+ 9)+ 9)~ 8,(((39,40)~ 38) 10) 8)+ 8)~ 6) 0
&t (((((9,(((((((((28,(30,31)~ 29)~ 27) 25) 24) 14) 12,(((((28,(30,31)~ 29)~ 27) 25) 24) 34) 32)~ 11,(((((26) 25) 24) 14) 12) 11)+ 11,((13,((((23,(22,21)~ 20)~ 19,(23) 19)+ 19,(17,18)~ 16)~ 15) 14)~ 12) 11)+ 11) 10)~ 8,((((((((((((31) 29) 27) 25) 24) 14) 12,((((((30) 29,28)~ 27) 25) 24) 34) 32)~ 11,(((((26) 25) 24) 14) 12) 11)+ 11,((((36,37)~ 35) 34) 32) 11)+ 11,((33) 32) 11)+ 11) 10) 8)+ 8,(((39,(40,40)+ 40)~ 38) 10) 8)+ 8) 6,(((5,4)~ 3,2)~ 1,((4,5)~ 3) 1)+ 1)~ 0
&t (((((((40,39)~ 38,((((((((((((28) 27) 25) 24) 14) 12,((((((30,31)~ 29) 27) 25) 24) 34) 32)~ 11,(((((((((31) 29) 27) 25) 24) 14) 12,((((((31) 29) 27) 25) 24) 34) 32)~ 11,(((((((30) 29) 27) 25) 24) 14) 12) 11)+ 11,((((((28) 27) 25) 24) 14) 12) 11)+ 11)+ 11,(((((26) 25) 24) 14) 12) 11)+ 11,((((((21,22)~ 20,23)~ 19,(17,18)~ 16)~ 15) 14) 12) 11)+ 11,((13) 12) 11)+ 11,(((33,33)+ 33) 32) 11)+ 11,(((((((((28) 27) 25) 24) 14) 12,((((((31,30)~ 29) 27) 25) 24) 34) 32)~ 11,((((((28,(31,30)~ 29)~ 27) 25) 24) 14) 12,(((((28,(30,31)~ 29)~ 27) 25) 24) 34) 32)~ 11)+ 11,(((((26) 25) 24) 14) 12) 11)+ 11,((((36,37)~ 35) 34) 32) 11)+ 11)+ 11)~ 10) 8,(7,7)+ 7)~ 6,((9) 8) 6)+ 6,((9) 8) 6)+ 6,(((4,5)~ 3,(4,5)~ 3)+ 3) 1)~ 0
&t ((((((((33) 32) 11,(40) 38)~ 10,((((((((((28,(30,31)~ 29)~ 27) 25) 24) 14) 12,(((((28,(30,31)~ 29)~ 27) 25) 24) 34) 32)~ 11,(((((26) 25) 24) 14) 12) 11)+ 11,(((((23,(21,22)~ 20)~ 19) 15) 14) 12) 11)+ 11,((13) 12) 11)+ 11) 10)+ 10,(((((((((28,(31,30)~ 29)~ 27) 25) 24) 14) 12,(((((28,(31,30)~ 29)~ 27) 25) 24) 34) 32)~ 11,(((((26) 25) 24) 14) 12,((((26) 25) 24) 34) 32)~ 11)+ 11,((((36,37)~ 35) 34) 32) 11)+ 11) 10)+ 10) 8,(7,7)+ 7)~ 6,(((5,4)~ 3,(4,5)~ 3)+ 3,2)~ 1)~ 0
&t ((((4,5)~ 3,(4,5)~ 3)+ 3,2)~ 1,((7,7)+ 7,(((40) 38,((((((((((28,(30,31)~ 29)~ 27) 25) 24) 14) 12,(((((28,(30,31)~ 29)~ 27) 25) 24) 34) 32)~ 11,(((((26) 25) 24) 14) 12) 11)+ 11,((((37,36)~ 35) 34) 32) 11)+ 11,((33) 32) 11)+ 11,((((((((28,(30,31)~ 29)~ 27) 25) 24) 14) 12,(((((28,(30,31)~ 29)~ 27) 25) 24) 34) 32)~ 11,((((((22,21)~ 20,23)~ 19,(17,18)~ 16)~ 15) 14) 12) 11)+ 11,((13) 12) 11)+ 11)+ 11)~ 10) 8)~ 6)~ 0
&t ((2,((4,5)~ 3,(4,5)~ 3)+ 3)~ 1,(7,(((((((((((28,(30,31)~ 29)~ 27) 25) 24) 14) 12,(((((28,(30,31)~ 29)~ 27) 25) 24) 34) 32)~ 11,(((((26) 25) 24) 14) 12) 11)+ 11,((39,40)~ 38,(40,39)~ 38)+ 38)~ 10,((((33,33)+ 33) 32) 11) 10)+ 10,(((((((((((28,(30,31)~ 29)~ 27) 25) 24) 14) 12,(((((28,(30,31)~ 29)~ 27) 25) 24) 34) 32)~ 11,(((((26) 25) 24) 14) 12) 11)+ 11,((((36,37)~ 35) 34) 32) 11)+ 11,(((13,13)+ 13) 12) 11)+ 11,(((((17,18)~ 16,(23,(21,22)~ 20)~ 19)~ 15) 14) 12) 11)+ 11) 10)+ 10) 8)~ 6)~ 0
&t ((7,(9,(((((((((((21,22)~ 20) 19) 15) 14) 12) 11,(((40,39)~ 38,(39) 38)+ 38,(40) 38)+ 38)~ 10,((((((23) 19) 15) 14) 12) 11) 10)+ 10,((((((17,18)~ 16) 15) 14) 12) 11) 10)+ 10,(((13) 12,((((26) 25) 24) 34) 32)~ 11) 10)+ 10,(((((((26) 25) 24) 14) 12,(((37,36)~ 35) 34) 32)~ 11,((33) 32) 11)+ 11) 10)+ 10)~ 8)~ 6) 0
&t ((7,((9,9)+ 9,(((((33) 32) 11,(39,40)~ 38)~ 10,((((((((((28) 27) 25) 24) 14) 12,((((((30,31)~ 29) 27) 25) 24) 34) 32)~ 11,((((((((30) 29) 27) 25) 24) 14) 12,((((((31) 29,28)~ 27) 25) 24) 34) 32)~ 11,((((((((31,30)~ 29) 27) 25) 24) 14) 12,(((((28,(31,30)~ 29)~ 27) 25) 24) 34) 32)~ 11,((((((28) 27) 25) 24) 14) 12,((((((30,31)~ 29) 27) 25) 24) 34) 32)~ 11)+ 11)+ 11)+ 11,(((((26) 25) 24) 14) 12) 11)+ 11,((13,(((((22,21)~ 20) 19,(18,(17,17)+ 17)~ 16)~ 15,((23) 19) 15)+ 15) 14)~ 12) 11)+ 11) 10)+ 10,((((((((28,(31,30)~ 29)~ 27) 25) 24) 14) 12,(((((28,(30,31)~ 29)~ 27) 25) 24) 34) 32)~ 11,((((37,(36,36)+ 36)~ 35) 34) 32) 11)+ 11) 10)+ 10)~ 8)~ 6,(((4,5)~ 3,(5,4)~ 3)+ 3,2)~ 1)~ 0
&t ((((2,(5,4)~ 3)~ 1,((4) 3) 1)+ 1,((5) 3) 1)+ 1,(((((((((((((((28,(31,30)~ 29)~ 27) 25) 24) 14) 12,(((((28,(30,31)~ 29)~ 27) 25) 24) 34) 32)~ 11,(((((26) 25) 24) 14) 12) 11)+ 11,((((37,36)~ 35) 34) 32) 11)+ 11,((33) 32) 11)+ 11,(((((((((28) 27) 25) 24) 14) 12,((((((31,30)~ 29) 27) 25) 24) 34) 32)~ 11,(((((26) 25) 24) 14) 12,((((26) 25) 24) 34) 32)~ 11)+ 11,((((((28,(30,31)~ 29)~ 27) 25) 24) 14) 12,(((((28,(31,30)~ 29)~ 27) 25) 24) 34) 32)~ 11)+ 11,((((((23) 19,(18,17)~ 16)~ 15,(((22,21)~ 20) 19) 15)+ 15) 14) 12) 11)+ 11)+ 11) 10) 8,(7,7)+ 7)~ 6,((9) 8) 6)+ 6,((((39,(40,40)+ 40)~ 38) 10) 8) 6)+ 6)~ 0
&t (((2,(5,4)~ 3)~ 1,((4,5)~ 3) 1)+ 1,((((((((40,39)~ 38,((((((((((((30) 29) 27) 25) 24) 14) 12,((((((31) 29) 27) 25) 24) 34) 32)~ 11,((((((28) 27) 25) 24) 14) 12,(((((28) 27) 25) 24) 34) 32)~ 11)+ 11,(((((((30) 29) 27) 25) 24) 14) 12,(((((28,(31) 29)~ 27) 25) 24) 34) 32)~ 11)+ 11,(((((26) 25) 24) 14) 12) 11)+ 11,(((((((21,22)~ 20) 19,(17,18)~ 16)~ 15,((23) 19) 15)+ 15) 14) 12) 11)+ 11,((13) 12) 11)+ 11)~ 10,9)~ 8,((((33) 32) 11) 10) 8)+ 8,((((((36) 35) 34) 32) 11) 10) 8)+ 8,((((33,((36) 35) 34)~ 32) 11) 10) 8)+ 8,((((((37) 35) 34) 32) 11) 10) 8)+ 8) 6)~ 0
&t ((2) 1,((((9,9)+ 9,9)+ 9) 8) 6)~ 0
&t ((2,((5,4)~ 3,(5,4)~ 3)+ 3)~ 1,((((((((((((28,(30,31)~ 29)~ 27) 25) 24) 14) 12,(((((28,(30,31)~ 29)~ 27) 25) 24) 34) 32)~ 11,((13) 12) 11)+ 11,(((((26) 25) 24) 14) 12) 11)+ 11,((33) 32,((((26,(28,(30,31)~ 29)~ 27)~ 25) 24) 14) 12)~ 11)+ 11,((39,40)~ 38,(40,39)~ 38)+ 38)~ 10) 8) 6)~ 0
&t ((7,(((9,((40,39)~ 38) 10)~ 8,((((((((((((((30) 29) 27) 25) 24) 14) 12,((((((31) 29) 27) 25) 24) 34) 32)~ 11,((((((((31) 29) 27) 25) 24) 14) 12,(((((28,(30) 29)~ 27) 25) 24) 34) 32)~ 11,((((((28) 27) 25) 24) 14) 12) 11)+ 11)+ 11,(((((26) 25) 24) 14) 12) 11)+ 11,((((36) 35) 34) 32) 11)+ 11,((33) 32) 11)+ 11,(((((((((28,(31,30)~ 29)~ 27) 25) 24) 14) 12,(((((28,(31,30)~ 29)~ 27) 25) 24) 34) 32)~ 11,(((((26) 25) 24) 14) 12) 11)+ 11,(((((23,(22,21)~ 20)~ 19,(18,17)~ 16)~ 15) 14) 12) 11)+ 11,((13) 12) 11)+ 11)+ 11) 10) 8)+ 8,(((39,40)~ 38,((((((((31,30)~ 29,28)~ 27) 25) 24) 14) 12,(33,((36,37)~ 35) 34)~ 32)~ 11,(((13,(((23,(22,21)~ 20)~ 19) 15) 14)~ 12) 11,(((((17,18)~ 16) 15) 14) 12) 11)+ 11)+ 11)~ 10) 8)+ 8)~ 6) 0
&t ((2,(((4,5)~ 3,(5) 3)+ 3,(5,4)~ 3)+ 3)~ 1,(((((7,7)+ 7,(((((((((28,(31,30)~ 29)~ 27) 25) 24) 14) 12,(((((28,(30,31)~ 29)~ 27) 25) 24) 34) 32)~ 11,(((((26) 25) 24) 14) 12) 11)+ 11) 10) 8)~ 6,(((((13) 12) 11) 10) 8) 6)+ 6,(((((40) 38,((33,(((37,36)~ 35,(37,36)~ 35)+ 35) 34)~ 32) 11)~ 10,(((((((((28) 27) 25) 24) 14) 12,((((((30,31)~ 29) 27) 25) 24) 34) 32)~ 11,(((((((30) 29) 27) 25) 24) 14) 12,((((((31) 29,28)~ 27) 25) 24) 34) 32)~ 11)+ 11,(((((26) 25) 24) 14) 12) 11)+ 11) 10)+ 10) 8) 6)+ 6,((((((((23,(21,22)~ 20)~ 19,(18,17)~ 16)~ 15) 14) 12) 11) 10) 8) 6)+ 6)~ 0
&t ((7,((9,((((((((((28) 27) 25) 24) 14) 12,((((((30,31)~ 29) 27) 25) 24) 34) 32)~ 11,((((((((30,31)~ 29) 27) 25) 24) 14) 12,((((((31,30)~ 29) 27) 25) 24) 34) 32)~ 11,((((((28) 27) 25) 24) 14) 12) 11)+ 11)+ 11,(((((26) 25) 24) 14) 12) 11)+ 11,(((((36,(37,37)+ 37)~ 35,(36,37)~ 35)+ 35) 34) 32) 11)+ 11) 10)~ 8,((((40,39)~ 38,((((13) 12,((((26,(28,(30,31)~ 29)~ 27)~ 25) 24) 34) 32)~ 11,(((((18) 16) 15) 14) 12) 11)+ 11,(((((23,(21,22)~ 20)~ 19) 15) 14) 12) 11)+ 11)~ 10,(((33) 32) 11) 10)+ 10) 8)+ 8)~ 6,(((4,5)~ 3,(4,5)~ 3)+ 3,2)~ 1)~ 0
&t ((((((5,4)~ 3,(4,5)~ 3)+ 3,(2,2)+ 2)~ 1,(2,((4,5)~ 3,(5,4)~ 3)+ 3)~ 1)+ 1,((((2,((5,4)~ 3,(4,5)~ 3)+ 3)~ 1,(2) 1)+ 1,(2,((5,4)~ 3,(5,4)~ 3)+ 3)~ 1)+ 1,(2,(((4,5)~ 3,(4,5)~ 3)+ 3,((5,4)~ 3,(4) 3)+ 3)+ 3)~ 1)+ 1)+ 1,(((((39,(40,40)+ 40)~ 38,(((((((((28,(31,30)~ 29)~ 27) 25) 24) 14) 12,(((((28,(30,31)~ 29)~ 27) 25) 24) 34) 32)~ 11,(((((26) 25) 24) 14) 12) 11)+ 11,((33) 32) 11)+ 11,(((((17,18)~ 16,(23,(21,22)~ 20)~ 19)~ 15) 14) 12) 11)+ 11)~ 10,(((((((28,(31,30)~ 29)~ 27) 25) 24) 14) 12,(((((28,(30,31)~ 29)~ 27) 25) 24) 34) 32)~ 11) 10)+ 10) 8,7)~ 6)~ 0
&t ((7,((((((33) 32) 11,(39,40)~ 38)~ 10,((((((((((28,(31,30)~ 29)~ 27) 25) 24) 14) 12,(((((28,(30,31)~ 29)~ 27) 25) 24) 34) 32)~ 11,(((((26) 25) 24) 14) 12) 11)+ 11,((13) 12) 11)+ 11,((((((18,17)~ 16,(23,(21,22)~ 20)~ 19)~ 15,((23,(21,22)~ 20)~ 19,(18,17)~ 16)~ 15)+ 15) 14) 12) 11)+ 11) 10)+ 10,((((((((((((30,31)~ 29) 27) 25) 24) 14) 12,((((((30,31)~ 29) 27) 25) 24) 34) 32)~ 11,((((((28) 27) 25) 24) 14) 12) 11)+ 11,((((((28) 27) 25) 24) 14) 12,((((((31,30)~ 29) 27) 25) 24) 34) 32)~ 11)+ 11,(((((26) 25) 24) 14) 12) 11)+ 11,((((37,36)~ 35) 34) 32) 11)+ 11) 10)+ 10) 8)~ 6) 0
&t ((7,(((((40,39)~ 38,((((((((28,(30,31)~ 29)~ 27) 25) 24) 14) 12,(((((28,(31,30)~ 29)~ 27) 25) 24) 34) 32)~ 11,(((((26) 25) 24) 14) 12) 11)+ 11,((33) 32) 11)+ 11)~ 10,((((((((((((30,31)~ 29) 27) 25) 24) 14) 12,(((((28,(30,31)~ 29)~ 27) 25) 24) 34) 32)~ 11,((((((28) 27) 25) 24) 14) 12,((((((31,30)~ 29) 27) 25) 24) 34) 32)~ 11)+ 11,(((((26) 25) 24) 14) 12) 11)+ 11,((((((18,17)~ 16,(17,18)~ 16)+ 16,(23,(22,21)~ 20)~ 19)~ 15) 14) 12) 11)+ 11,((13) 12) 11)+ 11) 10)+ 10,(((((37,36)~ 35) 34) 32) 11) 10)+ 10,(9,9)+ 9)~ 8)~ 6) 0
&t ((7,(((((((9,9)+ 9,((((((23) 19) 15) 14) 12) 11) 10)~ 8,((((((((22,21)~ 20) 19) 15) 14) 12) 11) 10) 8)+ 8,(((((((18,17)~ 16) 15) 14) 12) 11) 10) 8)+ 8,(((((((((((28) 27) 25) 24) 14) 12,((((((30,31)~ 29) 27) 25) 24) 34) 32)~ 11,(((((((30,31)~ 29) 27) 25) 24) 14) 12,(((((28,(31,30)~ 29)~ 27) 25) 24) 34) 32)~ 11)+ 11,(((((26) 25) 24) 14) 12,((((26) 25) 24) 34) 32)~ 11)+ 11,(((((26) 25) 24) 14) 12,(((((28,(31,30)~ 29)~ 27) 25) 24) 34) 32)~ 11)+ 11) 10) 8)+ 8,((((13) 12) 11) 10) 8)+ 8,((((((((26) 25) 24) 14) 12,(((37,36)~ 35) 34) 32)~ 11,((33) 32) 11)+ 11) 10) 8)+ 8)~ 6) 0
&t ((7,((9,((39,40)~ 38,(((((((((((28,(30,31)~ 29)~ 27) 25) 24) 14) 12,(((((28,(31,30)~ 29)~ 27) 25) 24) 34) 32)~ 11,(((((26) 25) 24) 14) 12) 11)+ 11,(((((((28,(31,30)~ 29)~ 27) 25) 24) 14) 12,(((((28,(31,30)~ 29)~ 27) 25) 24) 34) 32)~ 11,(((((26) 25) 24) 14) 12) 11)+ 11)+ 11,((((37,36)~ 35) 34) 32) 11)+ 11,((33) 32) 11)+ 11,(((((((28,(31,30)~ 29)~ 27) 25) 24) 14) 12,(((((28,(31,30)~ 29)~ 27) 25) 24) 34) 32)~ 11,((13,(((23,((21,22)~ 20,(21,22)~ 20)+ 20)~ 19,((17,18)~ 16,(17,18)~ 16)+ 16)~ 15) 14)~ 12) 11)+ 11)+ 11)~ 10)~ 8,((((39,40)~ 38,((((((((((28,(31,30)~ 29)~ 27) 25) 24) 14) 12,(((((28,(31,30)~ 29)~ 27) 25) 24) 34) 32)~ 11,(((((26) 25) 24) 14) 12) 11)+ 11,((((37,36)~ 35) 34) 32) 11)+ 11,(((((((((28) 27) 25) 24) 14) 12,((((((30,31)~ 29) 27) 25) 24) 34) 32)~ 11,((((((28,(30,31)~ 29)~ 27) 25) 24) 14) 12,(((((28,(30,31)~ 29)~ 27) 25) 24) 34) 32)~ 11)+ 11,(((((26) 25) 24) 14) 12) 11)+ 11,((((((21) 20,23)~ 19) 15) 14) 12) 11)+ 11)+ 11,((33) 32) 11)+ 11)~ 10,(((33) 32) 11) 10)+ 10,9)~ 8)+ 8)~ 6) 0
&t ((((7,(((((((((28,(31,30)~ 29)~ 27) 25) 24) 14) 12,(((((28,(30,31)~ 29)~ 27) 25) 24) 34) 32)~ 11,(((((26) 25) 24) 14) 12) 11)+ 11) 10) 8)~ 6,(((((33) 32) 11,(40,39)~ 38)~ 10) 8) 6)+ 6,((((((((((26) 25) 24) 14) 12) 11) 10,9)~ 8,((((((((28) 27) 25) 24) 14) 12,((((((30,31)~ 29) 27) 25) 24) 34) 32)~ 11) 10) 8)+ 8,(((((((17,18)~ 16) 15) 14) 12,(((36,37)~ 35) 34) 32)~ 11) 10) 8)+ 8) 6)+ 6,((((4,5)~ 3,(5) 3)+ 3,(4) 3)+ 3,2)~ 1)~ 0
&t (((9,((40,39)~ 38,((((((((((28,(30,31)~ 29)~ 27) 25) 24) 14) 12,(((((28,(30,31)~ 29)~ 27) 25) 24) 34) 32)~ 11,(((((26) 25) 24) 14) 12) 11)+ 11,((((37) 35) 34) 32) 11)+ 11,((((((((28,(31,30)~ 29)~ 27) 25) 24) 14) 12,(((((28,(31,30)~ 29)~ 27) 25) 24) 34) 32)~ 11,(((((26) 25) 24) 14) 12) 11)+ 11,((13,(((17,18)~ 16,(23,(22,21)~ 20)~ 19)~ 15) 14)~ 12) 11)+ 11)+ 11,((33) 32) 11)+ 11)~ 10)~ 8) 6,((((4,4)+ 4,5)~ 3,(5,4)~ 3)+ 3,2)~ 1)~ 0
&t ((2,(4,5)~ 3)~ 1,((((((33) 32) 11,(39) 38)~ 10,(((((((((28,(30,31)~ 29)~ 27) 25) 24) 14) 12,(((((28,(30,31)~ 29)~ 27) 25) 24) 34) 32)~ 11,(((((26) 25) 24) 14) 12) 11)+ 11,((13,(((17,18)~ 16,(23,(22,21)~ 20)~ 19)~ 15) 14)~ 12) 11)+ 11) 10)+ 10) 8) 6)~ 0
&t (((((4,5)~ 3,(5) 3)+ 3,(5,4)~ 3)+ 3) 1,(((((((33) 32) 11,(40,39)~ 38)~ 10,((((((((((28,(31,30)~ 29)~ 27) 25) 24) 14) 12,(((((28,(30,31)~ 29)~ 27) 25) 24) 34) 32)~ 11,(((((26) 25) 24) 14) 12) 11)+ 11,((((((23) 19,(17,18)~ 16)~ 15,(((22,21)~ 20) 19) 15)+ 15) 14) 12) 11)+ 11,((13) 12) 11)+ 11) 10)+ 10,(((((((((28,(31,30)~ 29)~ 27) 25) 24) 14) 12,(((((28,(30,31)~ 29)~ 27) 25) 24) 34) 32)~ 11,(((((26) 25) 24) 14) 12) 11)+ 11,((((36,37)~ 35) 34) 32) 11)+ 11) 10)+ 10) 8,7)~ 6)~ 0
&t ((7,(((40,39)~ 38,(((((((((28,(31,30)~ 29)~ 27) 25) 24) 14) 12,(((((28,(30,31)~ 29)~ 27) 25) 24) 34) 32)~ 11,(((((26) 25) 24) 14) 12) 11)+ 11,(((((((((28,(30,31)~ 29)~ 27) 25) 24) 14) 12,(((((28,(30,31)~ 29)~ 27) 25) 24) 34) 32)~ 11,((((((21,22)~ 20,23)~ 19) 15) 14) 12) 11)+ 11,(((((17,18)~ 16) 15) 14) 12) 11)+ 11,((13) 12) 11)+ 11)+ 11,((33) 32) 11)+ 11)~ 10) 8)~ 6) 0
&t ((2,((4,5)~ 3,(4,5)~ 3)+ 3)~ 1,((9,((((40) 38,(((33,33)+ 33) 32) 11)~ 10,(((((((((28,(30,31)~ 29)~ 27) 25) 24) 14) 12,(((((28,(30,31)~ 29)~ 27) 25) 24) 34) 32)~ 11,(((((26) 25) 24) 14) 12) 11)+ 11,((13,(((23,(22,21)~ 20)~ 19) 15) 14)~ 12) 11)+ 11) 10)+ 10,(((((((((28,(31,30)~ 29)~ 27) 25) 24) 14) 12,(((((28,(30,31)~ 29)~ 27) 25) 24) 34) 32)~ 11,(((((26) 25) 24) 14) 12) 11)+ 11,((((37,36)~ 35) 34) 32) 11)+ 11) 10)+ 10)~ 8,(7,7)+ 7)~ 6)~ 0
&t ((2,((4,5)~ 3,(4,5)~ 3)+ 3)~ 1,(((((((((((((26) 25) 24) 14) 12,((((26) 25) 24) 34) 32)~ 11,((((((28,(31,30)~ 29)~ 27) 25) 24) 14) 12,(((((28,(31,30)~ 29)~ 27) 25) 24) 34) 32)~ 11)+ 11,(((((((22,21)~ 20) 19,(18,17)~ 16)~ 15,((23) 19) 15)+ 15) 14) 12) 11)+ 11,(((((((((31,30)~ 29,28)~ 27) 25) 24) 14) 12,(((((28) 27) 25) 24) 34) 32)~ 11,(((((26) 25) 24) 14) 12) 11)+ 11,((33) 32) 11)+ 11)+ 11,(40,39)~ 38)~ 10) 8,7)~ 6,((((((((((((28,(30,31)~ 29)~ 27) 25) 24) 14) 12,(((((28,(31,30)~ 29)~ 27) 25) 24) 34) 32)~ 11,(((((26) 25) 24) 14) 12) 11)+ 11,((((36,37)~ 35) 34) 32) 11)+ 11,(((((((((28,(30,31)~ 29)~ 27) 25) 24) 14) 12,(((((28,(31,30)~ 29)~ 27) 25) 24) 34) 32)~ 11,(((((17,18)~ 16,(23,(21,22)~ 20)~ 19)~ 15) 14) 12) 11)+ 11,((13) 12) 11)+ 11,((33) 32) 11)+ 11)+ 11) 10) 8) 6)+ 6,((((40,39)~ 38) 10) 8) 6)+ 6)~ 0
&t ((2,((5,4)~ 3,((4,5)~ 3,(4,5)~ 3)+ 3)+ 3)~ 1,(((((39,40)~ 38,((((((((28) 27) 25) 24) 14) 12,((((26,(28,(31,30)~ 29)~ 27)~ 25) 24) 34) 32)~ 11,(((((((31) 29) 27) 25) 24) 14) 12) 11)+ 11,(((((((30) 29) 27) 25) 24) 14) 12) 11)+ 11)~ 10,(((33) 32) 11) 10)+ 10) 8,7)~ 6)~ 0
&t (((7) 6,((2,2)+ 2) 1)~ 0,(((((5) 3) 1,((9) 8) 6)~ 0,(((4) 3) 1) 0)+ 0,(((4) 3) 1) 0)+ 0)+ 0
&t (((2,(4,5)~ 3)~ 1,((5,4)~ 3) 1)+ 1,(((7,(((((40) 38,((((((((28,(30,31)~ 29)~ 27) 25) 24) 14) 12,(((((28,(30,31)~ 29)~ 27) 25) 24) 34) 32)~ 11,((13) 12,((((26) 25) 24) 34) 32)~ 11)+ 11,(((((18,17)~ 16,((23,23)+ 23) 19)~ 15) 14) 12) 11)+ 11)~ 10,(((((((((28,(30,31)~ 29)~ 27) 25) 24) 14) 12,(((((28,(31,30)~ 29)~ 27) 25) 24) 34) 32)~ 11,(((((26) 25) 24) 14) 12) 11)+ 11,((((36,37)~ 35) 34) 32) 11)+ 11) 10)+ 10,(((33) 32) 11) 10)+ 10) 8)~ 6,((9) 8) 6)+ 6,(((((((40,39)~ 38,(40,39)~ 38)+ 38,((((((((28,(30,31)~ 29)~ 27) 25) 24) 14) 12,(((((28,(30,31)~ 29)~ 27) 25) 24) 34) 32)~ 11,((((((22,21)~ 20,23)~ 19,(18,17)~ 16)~ 15) 14) 12) 11)+ 11,((((36,37)~ 35) 34) 32) 11)+ 11)~ 10,(((33) 32) 11) 10)+ 10,(((13) 12) 11) 10)+ 10) 8) 6)+ 6)~ 0
&t ((2,(4,5)~ 3)~ 1) 0
&t ((((4,5)~ 3,(4,5)~ 3)+ 3,2)~ 1,((9,((((((((37,36)~ 35) 34,(33,33)+ 33)~ 32,(13) 12)~ 11,(((((((((28) 27) 25) 24) 14) 12,((((((30,31)~ 29) 27) 25) 24) 34) 32)~ 11,(((((((28) 27) 25) 24) 14) 12,(((((28) 27) 25) 24) 34) 32)~ 11,(((((((30) 29) 27) 25) 24) 14) 12,((((((31) 29) 27) 25) 24) 34) 32)~ 11)+ 11)+ 11,((((((28) 27) 25) 24) 14) 12,((((((30,31)~ 29) 27) 25) 24) 34) 32)~ 11)+ 11,(((((26) 25) 24) 14) 12) 11)+ 11)+ 11,((((((22,21)~ 20,23)~ 19) 15) 14) 12) 11)+ 11,(((((17,18)~ 16) 15) 14) 12) 11)+ 11) 10)~ 8) 6)~ 0
&t ((2,((5,4)~ 3,(5,4)~ 3)+ 3)~ 1,((((((((((((26) 25) 24) 14) 12) 11) 10) 8,7)~ 6,(((((((((28,(30,31)~ 29)~ 27) 25) 24) 14) 12,(((((28,(31,30)~ 29)~ 27) 25) 24) 34) 32)~ 11) 10) 8) 6)+ 6,((((((((23,(22,21)~ 20)~ 19) 15) 14) 12) 11) 10) 8) 6)+ 6,((((40,39)~ 38,((33) 32) 11)~ 10) 8) 6)+ 6,((((((((((28,(31,30)~ 29)~ 27) 25) 24) 14) 12,(((((28,(30,31)~ 29)~ 27) 25) 24) 34) 32)~ 11,(((((26) 25) 24) 14) 12) 11)+ 11) 10) 8) 6)+ 6)~ 0
&t ((((((((((((((28,(30,31)~ 29)~ 27) 25) 24) 14) 12,(((((28,(31,30)~ 29)~ 27) 25) 24) 34) 32)~ 11,(((((26) 25) 24) 14) 12) 11)+ 11,(39,40)~ 38)~ 10,((((33,33)+ 33) 32) 11) 10)+ 10,((((((((((28,(30,31)~ 29)~ 27) 25) 24) 14) 12,(((((28,(30,31)~ 29)~ 27) 25) 24) 34) 32)~ 11,(((((26) 25) 24) 14) 12) 11)+ 11,(((((18,17)~ 16,(23,(21,(22,22)+ 22)~ 20)~ 19)~ 15) 14) 12) 11)+ 11,((13) 12) 11)+ 11) 10)+ 10,(((33,((36) 35) 34)~ 32) 11) 10)+ 10) 8) 6,(((5,4)~ 3,(4,5)~ 3)+ 3,2)~ 1)~ 0
&t ((2,((4,5)~ 3,(4,5)~ 3)+ 3)~ 1,(((((((33) 32) 11) 10) 8,7)~ 6,(((((((((((((28,(31,30)~ 29)~ 27) 25) 24) 14) 12,(((((28,(31,30)~ 29)~ 27) 25) 24) 34) 32)~ 11,(((((26) 25) 24) 14) 12) 11)+ 11,(((((((22,22)+ 22,21)~ 20,23)~ 19,(18,(17,17)+ 17)~ 16)~ 15) 14) 12) 11)+ 11,((13) 12) 11)+ 11,((((((((28,(31,30)~ 29)~ 27) 25) 24) 14) 12,(((((28,(31,30)~ 29)~ 27) 25) 24) 34) 32)~ 11,(((((26) 25) 24) 14) 12) 11)+ 11,((((37,36)~ 35) 34) 32) 11)+ 11)+ 11) 10) 8) 6)+ 6,((9) 8) 6)+ 6)~ 0
&t ((((((9,(((((((((((28) 27) 25) 24) 14) 12,((((((30,31)~ 29) 27) 25) 24) 34) 32)~ 11,(((((((28) 27) 25) 24) 14) 12,((((((30,31)~ 29) 27) 25) 24) 34) 32)~ 11,((((((28,(30,31)~ 29)~ 27) 25) 24) 14) 12,(((((28,(30,31)~ 29)~ 27) 25) 24) 34) 32)~ 11)+ 11)+ 11,(((((26) 25) 24) 14) 12) 11)+ 11,((((37,36)~ 35) 34) 32) 11)+ 11,((33) 32) 11)+ 11) 10)~ 8,(((((((((((26) 25) 24) 14) 12,((((26) 25) 24) 34) 32)~ 11,((((((28,(30,31)~ 29)~ 27) 25) 24) 14) 12,(((((28,(31,30)~ 29)~ 27) 25) 24) 34) 32)~ 11)+ 11,(((((18,17)~ 16,(23,(22,21)~ 20)~ 19)~ 15) 14) 12) 11)+ 11,(((13,13)+ 13) 12) 11)+ 11,((((((26) 25) 24) 34) 32,(13) 12)~ 11,(((((18,17)~ 16,(23,(22,21)~ 20)~ 19)~ 15) 14) 12) 11)+ 11)+ 11) 10) 8)+ 8,(((40,39)~ 38) 10) 8)+ 8) 6,(((2,(5,4)~ 3)~ 1,(((4,5)~ 3,(5,4)~ 3)+ 3) 1)+ 1,(2) 1)+ 1)~ 0,((((4,5)~ 3,(4,5)~ 3)+ 3,2)~ 1,(7) 6)~ 0)+ 0
&t ((2,(5,(4,4)+ 4)~ 3)~ 1,(((((((((13) 12) 11) 10,(9,9)+ 9)~ 8,(((((((((((28,(31,30)~ 29)~ 27) 25) 24) 14) 12,(((((28,(31,30)~ 29)~ 27) 25) 24) 34) 32)~ 11,(((((26) 25) 24) 14) 12) 11)+ 11,((((37,36)~ 35) 34) 32) 11)+ 11,((33) 32) 11)+ 11) 10) 8)+ 8,(((((((17,18)~ 16,(23,(22,21)~ 20)~ 19)~ 15) 14) 12) 11) 10) 8)+ 8,(((((((26) 25) 24) 14) 12,(((((28,(30,31)~ 29)~ 27) 25) 24) 34) 32)~ 11) 10) 8)+ 8,(((39,40)~ 38) 10) 8)+ 8,7)~ 6)~ 0
&t ((2,(4,5)~ 3)~ 1,((((9,(((33) 32) 11) 10)~ 8,(((((((((((28,(30,31)~ 29)~ 27) 25) 24) 14) 12,(((((28,(30,31)~ 29)~ 27) 25) 24) 34) 32)~ 11,(((((26) 25) 24) 14) 12) 11)+ 11,(((((17,18)~ 16) 15) 14) 12) 11)+ 11,((13) 12) 11)+ 11) 10) 8)+ 8,(((39,(40,40)+ 40)~ 38,((((((((28,(31,30)~ 29)~ 27) 25) 24) 14) 12,(((((28,(31,30)~ 29)~ 27) 25) 24) 34) 32)~ 11,(((((26) 25) 24) 14) 12) 11)+ 11,((((37) 35) 34) 32) 11)+ 11)~ 10) 8)+ 8) 6)~ 0
&t (((7,7)+ 7,(9,(((40,39)~ 38,(40) 38)+ 38,((((((((((((30,31)~ 29) 27) 25) 24) 14) 12,(((((28,(31,30)~ 29)~ 27) 25) 24) 34) 32)~ 11,(((((26) 25) 24) 14) 12) 11)+ 11,(((((17,18)~ 16,(23,(22,21)~ 20)~ 19)~ 15) 14) 12) 11)+ 11,((13) 12) 11)+ 11,((33) 32) 11)+ 11,(((((26) 25) 24) 14) 12,(((36,37)~ 35) 34) 32)~ 11)+ 11)~ 10)~ 8)~ 6,((2,(5) 3)~ 1,((4,5)~ 3) 1)+ 1)~ 0
&t (((9) 8,7)~ 6,((2,(5,4)~ 3)~ 1,((4,5)~ 3) 1)+ 1)~ 0
&t ((7,((((((((((((((28,(31,30)~ 29)~ 27) 25) 24) 14) 12,(((((28,(30,31)~ 29)~ 27) 25) 24) 34) 32)~ 11,(((((26) 25) 24) 14) 12) 11)+ 11,(((((((28,(31,30)~ 29)~ 27) 25) 24) 14) 12,(((((28,(31,30)~ 29)~ 27) 25) 24) 34) 32)~ 11,(((((26) 25) 24) 14) 12,((((26) 25) 24) 34) 32)~ 11)+ 11)+ 11,((((((23) 19,(17,18)~ 16)~ 15,(((21) 20) 19) 15)+ 15) 14) 12) 11)+ 11,((13) 12) 11)+ 11,((((36,37)~ 35) 34) 32) 11)+ 11,((((((((31,30)~ 29,28)~ 27) 25) 24) 14) 12,(((((28,(31,30)~ 29)~ 27) 25) 24) 34) 32)~ 11,(((((26) 25) 24) 14) 12) 11)+ 11)+ 11) 10,9)~ 8)~ 6) 0
&t (((9,((39,40)~ 38,((((((((((28) 27) 25) 24) 14) 12,((((((31,30)~ 29) 27) 25) 24) 34) 32)~ 11,(((((((31) 29) 27) 25) 24) 14) 12,((((((30) 29,28)~ 27) 25) 24) 34) 32)~ 11)+ 11,((((37,36)~ 35) 34) 32) 11)+ 11,((33) 32) 11)+ 11,((13) 12) 11)+ 11)~ 10)~ 8) 6) 0
&t (((7,(7,(7,7)+ 7)+ 7)+ 7,((((40,39)~ 38,(((((26,(28,(30,31)~ 29)~ 27)~ 25) 24) 14) 12,(((36,37)~ 35) 34) 32)~ 11)~ 10,(((33) 32) 11) 10)+ 10) 8)~ 6,(((4,5)~ 3,(4,5)~ 3)+ 3,2)~ 1)~ 0
&t ((7,(9,(((39,(40,40)+ 40)~ 38,(((((((((28,(30,31)~ 29)~ 27) 25) 24) 14) 12,(((((28,(30,31)~ 29)~ 27) 25) 24) 34) 32)~ 11,(((((26) 25) 24) 14) 12) 11)+ 11,((((((23,(22,21)~ 20)~ 19,(23,(21,(22,22)+ 22)~ 20)~ 19)+ 19,(18,(17,17)+ 17)~ 16)~ 15) 14) 12) 11)+ 11,((13) 12) 11)+ 11)~ 10,((((((26) 25) 24) 14) 12,(((36,37)~ 35) 34) 32)~ 11) 10)+ 10)~ 8)~ 6) 0
&t (((2,((5,4)~ 3,(4,5)~ 3)+ 3)~ 1,(2,(((5,4)~ 3,(4,5)~ 3)+ 3,(4,5)~ 3)+ 3)~ 1)+ 1,(((((((((((((((((28) 27) 25) 24) 14) 12,((((((30,31)~ 29) 27) 25) 24) 34) 32)~ 11,((((((((31) 29) 27) 25) 24) 14) 12,((((((30,31)~ 29) 27) 25) 24) 34) 32)~ 11,((((((28) 27) 25) 24) 14) 12) 11)+ 11)+ 11,(((((26) 25) 24) 14) 12) 11)+ 11,(((((17,18)~ 16,((22,21)~ 20,23)~ 19)~ 15) 14) 12) 11)+ 11,((13) 12) 11)+ 11,(40,(39,39)+ 39)~ 38)~ 10,(((33) 32) 11) 10)+ 10,(((((36,37)~ 35) 34) 32) 11) 10)+ 10,((((((((((((28) 27) 25) 24) 14) 12,((((((31,30)~ 29) 27) 25) 24) 34) 32)~ 11,((((((28,(31,30)~ 29)~ 27) 25) 24) 14) 12,(((((28,(31,30)~ 29)~ 27) 25) 24) 34) 32)~ 11)+ 11,(((((26) 25) 24) 14) 12) 11)+ 11,(((((18) 16,((23,23)+ 23,((21,22)~ 20,(22,21)~ 20)+ 20)~ 19)~ 15) 14) 12) 11)+ 11,((((((((28,(30,31)~ 29)~ 27) 25) 24) 14) 12,(((((28,(31,30)~ 29)~ 27) 25) 24) 34) 32)~ 11,(((((26) 25) 24) 14) 12) 11)+ 11,((((36,37)~ 35) 34) 32) 11)+ 11)+ 11,((13) 12) 11)+ 11) 10)+ 10) 8,7)~ 6,(7) 6)+ 6)~ 0
&t ((7,(9,(((((33) 32) 11,(39,40)~ 38)~ 10,((((((((((28,(30,31)~ 29)~ 27) 25) 24) 14) 12,(((((28,(30,31)~ 29)~ 27) 25) 24) 34) 32)~ 11,(((((26) 25) 24) 14) 12) 11)+ 11,(((((37,36)~ 35,(37,(36,36)+ 36)~ 35)+ 35) 34) 32) 11)+ 11,((((((26) 25) 24) 14) 12,((((26) 25) 24) 34) 32)~ 11,((((((28,(30,31)~ 29)~ 27) 25) 24) 14) 12,(((((28,(31,30)~ 29)~ 27) 25) 24) 34) 32)~ 11)+ 11)+ 11) 10)+ 10,((((((((18,17)~ 16,(17,(18,18)+ 18)~ 16)+ 16,(23,(21,22)~ 20)~ 19)~ 15) 14) 12,((((26,(28,(31,30)~ 29)~ 27)~ 25) 24) 34) 32)~ 11,((13) 12) 11)+ 11) 10)+ 10)~ 8)~ 6,((((4,5)~ 3,(4,5)~ 3)+ 3,(2,2)+ 2)~ 1,(2,((4,5)~ 3,(4) 3)+ 3)~ 1)+ 1)~ 0
&t ((((2,((5,4)~ 3,(5) 3)+ 3)~ 1,(((5,4)~ 3,(5,4)~ 3)+ 3) 1)+ 1,(2) 1)+ 1,((((((33) 32) 11,(40,39)~ 38)~ 10,(((((36,(37,37)+ 37)~ 35) 34) 32) 11) 10)+ 10) 8) 6)~ 0
&t ((7) 6,(((4,5)~ 3,(5,4)~ 3)+ 3,2)~ 1)~ 0
&t ((7,(((40,39)~ 38,(((((((((((28) 27) 25) 24) 14) 12,(((((28) 27) 25) 24) 34) 32)~ 11,(((((((31) 29) 27) 25) 24) 14) 12,((((((30) 29) 27) 25) 24) 34) 32)~ 11)+ 11,((((((28) 27) 25) 24) 14) 12,((((((30,31)~ 29) 27) 25) 24) 34) 32)~ 11)+ 11,((((((28) 27) 25) 24) 14) 12,((((((30,31)~ 29) 27) 25) 24) 34) 32)~ 11)+ 11,(((((26) 25) 24) 14) 12) 11)+ 11,((((37,36)~ 35) 34) 32) 11)+ 11)~ 10) 8)~ 6,(((((4,5)~ 3,(5) 3)+ 3,2)~ 1,(2) 1)+ 1,(((4,5)~ 3,(5,4)~ 3)+ 3) 1)+ 1)~ 0
&t (((2,((5,4)~ 3,(4,5)~ 3)+ 3)~ 1,(((2,((5,4)~ 3,(5,4)~ 3)+ 3)~ 1,(2,((4,(5,5)+ 5)~ 3,(4) 3)+ 3)~ 1)+ 1,(2,((5,4)~ 3,(5,4)~ 3)+ 3)~ 1)+ 1)+ 1,(((((((((((((28,(31,30)~ 29)~ 27) 25) 24) 14) 12,(((((28,(30,31)~ 29)~ 27) 25) 24) 34) 32)~ 11,(((((26) 25) 24) 14) 12) 11)+ 11,((((37,36)~ 35) 34) 32) 11)+ 11,(((33,(33,(33,33)+ 33)+ 33)+ 33) 32) 11)+ 11,(((((((((28) 27) 25) 24) 14) 12,((((((31,30)~ 29) 27) 25) 24) 34) 32)~ 11,((((((28,(30,31)~ 29)~ 27) 25) 24) 14) 12,(((((28,(30,31)~ 29)~ 27) 25) 24) 34) 32)~ 11)+ 11,(((((26) 25) 24) 14) 12) 11)+ 11,(((13,(13,13)+ 13)+ 13) 12) 11)+ 11)+ 11,(39,40)~ 38)~ 10) 8,(7,7)+ 7)~ 6)~ 0
&t ((7,(9,((39,40)~ 38,((((((((((28,(30,31)~ 29)~ 27) 25) 24) 14) 12,(((((28,(30,31)~ 29)~ 27) 25) 24) 34) 32)~ 11,(((((26) 25) 24) 14) 12,((((26) 25) 24) 34) 32)~ 11)+ 11,((33) 32) 11)+ 11,((((36,37)~ 35) 34) 32) 11)+ 11,((((((((((((31) 29) 27) 25) 24) 14) 12,((((((30) 29) 27) 25) 24) 34) 32)~ 11,((((((28) 27) 25) 24) 14) 12,(((((28,(31,30)~ 29)~ 27) 25) 24) 34) 32)~ 11)+ 11,((((((28) 27) 25) 24) 14) 12,((((((31,30)~ 29) 27) 25) 24) 34) 32)~ 11)+ 11,(((((26) 25) 24) 14) 12) 11)+ 11,((((((18,17)~ 16,(17,18)~ 16)+ 16,((22,21)~ 20) 19)~ 15) 14) 12) 11)+ 11,((13) 12) 11)+ 11)+ 11)~ 10)~ 8)~ 6,(((5,4)~ 3,(4,5)~ 3)+ 3,2)~ 1)~ 0
&t ((2) 1,((((((((((((28,(30,31)~ 29)~ 27) 25) 24) 14) 12,(((((28,(30,31)~ 29)~ 27) 25) 24) 34) 32)~ 11,(((((26) 25) 24) 14) 12) 11)+ 11,((((36,37)~ 35) 34) 32) 11)+ 11,((((((((((((31) 29) 27) 25) 24) 14) 12,((((((30) 29) 27) 25) 24) 34) 32)~ 11,((((((((28) 27) 25) 24) 14) 12,(((((28) 27) 25) 24) 34) 32)~ 11,(((((((30) 29) 27) 25) 24) 14) 12,((((((31) 29) 27) 25) 24) 34) 32)~ 11)+ 11,((((((28) 27) 25) 24) 14) 12) 11)+ 11)+ 11,(((((26) 25) 24) 14) 12) 11)+ 11,(((((23,((22,21)~ 20,((21,22)~ 20,(21,22)~ 20)+ 20)+ 20)~ 19) 15) 14) 12) 11)+ 11,((13) 12) 11)+ 11,((33) 32) 11)+ 11)+ 11,(40,39)~ 38)~ 10,9)~ 8,7)~ 6)~ 0
&t ((7,((9,(9,9)+ 9)+ 9,((((((((((28,(31,30)~ 29)~ 27) 25) 24) 14) 12,(((((28,(30,31)~ 29)~ 27) 25) 24) 34) 32)~ 11,(((((26) 25) 24) 14) 12) 11)+ 11,((((37,(36,36)+ 36)~ 35) 34) 32) 11)+ 11,(40,39)~ 38)~ 10,((((((((((28,(30,31)~ 29)~ 27) 25) 24) 14) 12,(((((28,(30,31)~ 29)~ 27) 25) 24) 34) 32)~ 11,(((((26) 25) 24) 14) 12) 11)+ 11,(((((18,17)~ 16,((22,21)~ 20) 19)~ 15) 14,13)~ 12) 11)+ 11,(((((23) 19) 15) 14) 12) 11)+ 11) 10)+ 10)~ 8)~ 6) 0
&t ((2) 1,(7,((((((((((((((30,31)~ 29,28)~ 27) 25) 24) 14) 12,(((((28,(30) 29)~ 27) 25) 24) 34) 32)~ 11,(((((26) 25) 24) 14) 12) 11)+ 11,((((((22,21)~ 20,(23,23)+ 23)~ 19,(17,(18,18)+ 18)~ 16)~ 15) 14) 12) 11)+ 11,((13) 12) 11)+ 11,((33) 32) 11)+ 11,((((((((28,(30) 29)~ 27) 25) 24) 14) 12,(((((28,(30,31)~ 29)~ 27) 25) 24) 34) 32)~ 11,(((((26) 25) 24) 14) 12) 11)+ 11,((((37,36)~ 35) 34) 32) 11)+ 11)+ 11,(39,40)~ 38)~ 10) 8)~ 6)~ 0
&t (((7,7)+ 7,(9,((40,39)~ 38,(((((((((28,(31,30)~ 29)~ 27) 25) 24) 14) 12,(((((28,(30,31)~ 29)~ 27) 25) 24) 34) 32)~ 11,(((((26) 25) 24) 14) 12) 11)+ 11,((((36,37)~ 35) 34) 32) 11)+ 11,((((((((((((28,(31,30)~ 29)~ 27) 25) 24) 14) 12,(((((28,(30,31)~ 29)~ 27) 25) 24) 34) 32)~ 11,(((((26) 25) 24) 14) 12) 11)+ 11,(((((17,18)~ 16) 15) 14) 12) 11)+ 11,((((((21,22)~ 20) 19) 15) 14) 12) 11)+ 11,((13) 12) 11)+ 11,(((33,33)+ 33) 32) 11)+ 11,(((((((((28,(30,31)~ 29)~ 27) 25) 24) 14) 12,((((((31,30)~ 29) 27) 25) 24) 34) 32)~ 11,((((((28) 27) 25) 24) 14) 12) 11)+ 11,(((((26) 25) 24) 14) 12) 11)+ 11,((13) 12) 11)+ 11)+ 11)+ 11)~ 10)~ 8)~ 6) 0
&t ((((7,(7,7)+ 7)+ 7,((((((((((((28,(30,31)~ 29)~ 27) 25) 24) 14) 12,(((((28,(31,30)~ 29)~ 27) 25) 24) 34) 32)~ 11,(((((26) 25) 24) 14) 12) 11)+ 11,((((36,37)~ 35) 34) 32) 11)+ 11,((33) 32) 11)+ 11,(((((((((((((31) 29) 27) 25) 24) 14) 12,((((((31) 29) 27) 25) 24) 34) 32)~ 11,(((((((30) 29) 27) 25) 24) 14) 12) 11)+ 11,((((((28) 27) 25) 24) 14) 12) 11)+ 11,((((((28) 27) 25) 24) 14) 12,((((((31,30)~ 29) 27) 25) 24) 34) 32)~ 11)+ 11,(((((26) 25) 24) 14) 12) 11)+ 11,(((((((21,22)~ 20) 19,(18,17)~ 16)~ 15,((23) 19) 15)+ 15) 14) 12) 11)+ 11,((13) 12) 11)+ 11)+ 11) 10) 8)~ 6,((9) 8) 6)+ 6,((2,((5,4)~ 3,(5) 3)+ 3)~ 1,((2,((5,4)~ 3,(5,4)~ 3)+ 3)~ 1,(((5,4)~ 3,(((5,4)~ 3,(5,4)~ 3)+ 3,(4,5)~ 3)+ 3)+ 3) 1)+ 1)+ 1)~ 0
&t (((9,((((((((26) 25) 24) 14) 12,(((36,37)~ 35) 34) 32)~ 11,((33) 32) 11)+ 11,((((((((28,(31,30)~ 29)~ 27) 25) 24) 14) 12,(((((28,(31,30)~ 29)~ 27) 25) 24) 34) 32)~ 11,(((((26) 25) 24) 14) 12) 11)+ 11,(((((18,17)~ 16,(23,((21,22)~ 20,(21,22)~ 20)+ 20)~ 19)~ 15) 14) 12) 11)+ 11)+ 11,(((39,40)~ 38,(39,40)~ 38)+ 38,(39,40)~ 38)+ 38)~ 10)~ 8) 6) 0
&t (((9,(((((((((((28,(30,31)~ 29)~ 27) 25) 24) 14) 12,(((((28,(31,30)~ 29)~ 27) 25) 24) 34) 32)~ 11,(((((26) 25) 24) 14) 12) 11)+ 11,((((36,37)~ 35) 34) 32) 11)+ 11,((((((((28,(30,31)~ 29)~ 27) 25) 24) 14) 12,(((((28,(30,31)~ 29)~ 27) 25) 24) 34) 32)~ 11,(((((26) 25) 24) 14) 12) 11)+ 11,((((37,36)~ 35) 34) 32) 11)+ 11)+ 11,((((((((26) 25) 24) 14) 12,((((26) 25) 24) 34) 32)~ 11,((((((28,(31,30)~ 29)~ 27) 25) 24) 14) 12,(((((28,(30,31)~ 29)~ 27) 25) 24) 34) 32)~ 11)+ 11,((13,(((17,18)~ 16,(23,(21,22)~ 20)~ 19)~ 15) 14)~ 12) 11)+ 11,((33) 32) 11)+ 11)+ 11,(40,39)~ 38)~ 10)~ 8) 6) 0
&t ((2,((4,5)~ 3,(5,(4,4)+ 4)~ 3)+ 3)~ 1,(((((40,39)~ 38,(((((((26) 25) 24) 14) 12,(33) 32)~ 11,((((36,(37,37)+ 37)~ 35) 34) 32) 11)+ 11,(((((((((((30) 29) 27) 25) 24) 14) 12,(((((28,(31) 29)~ 27) 25) 24) 34) 32)~ 11,((((((28) 27) 25) 24) 14) 12,((((((31,30)~ 29) 27) 25) 24) 34) 32)~ 11)+ 11,(((((26) 25) 24) 14) 12) 11)+ 11,(((((17,(18,18)+ 18)~ 16,(23,(21,22)~ 20)~ 19)~ 15) 14) 12) 11)+ 11,((13) 12) 11)+ 11)+ 11)~ 10) 8,(7,7)+ 7)~ 6,((9) 8) 6)+ 6)~ 0
&t ((7,((9,9)+ 9,(((((39,40)~ 38,(((((26) 25) 24) 34) 32,((((18,17)~ 16,(23,(22,21)~ 20)~ 19)~ 15) 14) 12)~ 11)~ 10,(((((((28,(30,31)~ 29)~ 27) 25) 24) 14) 12,(((((28,(30,31)~ 29)~ 27) 25) 24) 34) 32)~ 11) 10)+ 10,(((33) 32) 11) 10)+ 10,(((((((((28,(31,30)~ 29)~ 27) 25) 24) 14) 12,(((((28,(31,30)~ 29)~ 27) 25) 24) 34) 32)~ 11,(((((26) 25) 24) 14) 12) 11)+ 11,((((36,37)~ 35) 34) 32) 11)+ 11) 10)+ 10)~ 8)~ 6,(((4,5)~ 3,2)~ 1,(((((4,5)~ 3,(4,5)~ 3)+ 3,(4) 3)+ 3,(5) 3)+ 3) 1)+ 1)~ 0
&t (((7,(((((((33) 32) 11,((40,39)~ 38,((39,40)~ 38,(39,40)~ 38)+ 38)+ 38)~ 10,(((((36,37)~ 35) 34) 32) 11) 10)+ 10,((((((((26,(28,(30,31)~ 29)~ 27)~ 25) 24) 34) 32,((((17,18)~ 16,(23,(21,22)~ 20)~ 19)~ 15) 14) 12)~ 11,(((((23,(21,22)~ 20)~ 19) 15) 14) 12) 11)+ 11,((13) 12) 11)+ 11) 10)+ 10,(((((((((((30) 29) 27) 25) 24) 14) 12,((((((30,31)~ 29) 27) 25) 24) 34) 32)~ 11,(((((((31) 29) 27) 25) 24) 14) 12) 11)+ 11,((((((28) 27) 25) 24) 14) 12,((((((30,31)~ 29) 27) 25) 24) 34) 32)~ 11)+ 11,(((((26) 25) 24) 14) 12) 11)+ 11) 10)+ 10) 8)~ 6,((9) 8) 6)+ 6,(((4,5)~ 3,((4,5)~ 3,(4,5)~ 3)+ 3)+ 3,2)~ 1)~ 0
&t ((((7,(((40,39)~ 38) 10) 8)~ 6,((((((((((26) 25) 24) 14) 12,((((26) 25) 24) 34) 32)~ 11,(((((18,17)~ 16,((21,22)~ 20,(23,23)+ 23)~ 19)~ 15) 14) 12) 11)+ 11,((((((((28,(31,30)~ 29)~ 27) 25) 24) 14) 12,((((((30,31)~ 29) 27) 25) 24) 34) 32)~ 11,((((((28) 27) 25) 24) 14) 12) 11)+ 11,((13) 12) 11)+ 11)+ 11) 10) 8) 6)+ 6,((((((((((28,(31,30)~ 29)~ 27) 25) 24) 14) 12,(((((28,(30,31)~ 29)~ 27) 25) 24) 34) 32)~ 11,(((((26) 25) 24) 14) 12) 11)+ 11) 10) 8) 6)+ 6,(((5,4)~ 3,((4,4)+ 4,5)~ 3)+ 3,2)~ 1)~ 0
&t (((9,(((((40,39)~ 38,((((((((28) 27) 25) 24) 14) 12,((((((30,31)~ 29) 27) 25) 24) 34) 32)~ 11,(((((((30) 29) 27) 25) 24) 14) 12,(((((28,(31) 29)~ 27) 25) 24) 34) 32)~ 11)+ 11,(((((26) 25) 24) 14) 12) 11)+ 11)~ 10,((((((23,(21,22)~ 20)~ 19,((18,(17,17)+ 17)~ 16,(18,17)~ 16)+ 16)~ 15) 14) 12) 11) 10)+ 10,(((13) 12) 11) 10)+ 10,(((((((((28,(30,31)~ 29)~ 27) 25) 24) 14) 12,(((((28,(31,30)~ 29)~ 27) 25) 24) 34) 32)~ 11,(((((26) 25) 24) 14) 12) 11)+ 11,((33) 32) 11)+ 11) 10)+ 10)~ 8) 6,(((4,5)~ 3,(5,4)~ 3)+ 3,2)~ 1)~ 0
&t (((2,((4,5)~ 3,(5,4)~ 3)+ 3)~ 1,(((((((((((36) 35) 34) 32,(((((22) 20,23)~ 19) 15) 14) 12)~ 11,(((((18,17)~ 16) 15) 14) 12) 11)+ 11,((((((28,(31,30)~ 29)~ 27) 25) 24) 14) 12,(((((28,(31,30)~ 29)~ 27) 25) 24) 34) 32)~ 11)+ 11,((13) 12) 11)+ 11,(((((((28,(31,30)~ 29)~ 27) 25) 24) 14) 12,(((((28,(31,30)~ 29)~ 27) 25) 24) 34) 32)~ 11,(((((26) 25) 24) 14) 12) 11)+ 11)+ 11) 10) 8) 6)~ 0,((((4,5)~ 3,(5,4)~ 3)+ 3,(2,2)+ 2)~ 1,(7) 6)~ 0)+ 0
&t ((2,((5,4)~ 3,(5,4)~ 3)+ 3)~ 1,((((7,((((((((((((28,(31,30)~ 29)~ 27) 25) 24) 14) 12,(((((28,(31,30)~ 29)~ 27) 25) 24) 34) 32)~ 11,((((((28) 27) 25) 24) 14) 12,((((((31,30)~ 29) 27) 25) 24) 34) 32)~ 11)+ 11,(((((26) 25) 24) 14) 12) 11)+ 11,((((37,36)~ 35) 34) 32) 11)+ 11,(((((((((28,(31,30)~ 29)~ 27) 25) 24) 14) 12,(((((28,(30,31)~ 29)~ 27) 25) 24) 34) 32)~ 11,(((((26) 25) 24) 14) 12) 11)+ 11,(((((18,17)~ 16,(23,(22,21)~ 20)~ 19)~ 15) 14) 12) 11)+ 11,((13) 12) 11)+ 11)+ 11,(39,(40,40)+ 40)~ 38)~ 10) 8)~ 6,(((((((((((((((30) 29,28)~ 27) 25) 24) 14) 12,(((((28,(30,31)~ 29)~ 27) 25) 24) 34) 32)~ 11,(((((26) 25) 24) 14) 12) 11)+ 11,(((((((28,(31,30)~ 29)~ 27) 25) 24) 14) 12,(((((28,(30,31)~ 29)~ 27) 25) 24) 34) 32)~ 11,(((((26) 25) 24) 14) 12) 11)+ 11)+ 11,((((37,36)~ 35) 34) 32) 11)+ 11,((13,(((23) 19,(17,18)~ 16)~ 15) 14)~ 12) 11)+ 11,(39,40)~ 38)~ 10,(((33) 32) 11) 10)+ 10) 8) 6)+ 6,((9) 8) 6)+ 6,((((39,40)~ 38,((((((((((28,(30,31)~ 29)~ 27) 25) 24) 14) 12,(((((28,(31,30)~ 29)~ 27) 25) 24) 34) 32)~ 11,(((((26) 25) 24) 14) 12) 11)+ 11,((((37,36)~ 35) 34) 32) 11)+ 11,((33) 32) 11)+ 11,((((((((31,30)~ 29,28)~ 27) 25) 24) 14) 12,(((((28,(30,31)~ 29)~ 27) 25) 24) 34) 32)~ 11,((13,((((18,17)~ 16,(17) 16)+ 16,(23,(22,21)~ 20)~ 19)~ 15) 14)~ 12) 11)+ 11)+ 11)~ 10,9)~ 8) 6)+ 6)~ 0
&t (((9,(((40,39)~ 38,(((((((((28,(31,30)~ 29)~ 27) 25) 24) 14) 12,(((((28,(31,30)~ 29)~ 27) 25) 24) 34) 32)~ 11,(((((26) 25) 24) 14) 12) 11)+ 11,(((((((((((28) 27) 25) 24) 14) 12,((((((30,31)~ 29) 27) 25) 24) 34) 32)~ 11,((((((28,(31,30)~ 29)~ 27) 25) 24) 14) 12,(((((28,(30,31)~ 29)~ 27) 25) 24) 34) 32)~ 11)+ 11,(((((26) 25) 24) 14) 12) 11)+ 11,(((((23,(21,22)~ 20)~ 19,(18,17)~ 16)~ 15) 14) 12) 11)+ 11,((13) 12) 11)+ 11,((((36,37)~ 35) 34) 32) 11)+ 11)+ 11,((33) 32) 11)+ 11)~ 10,(((((((((((26) 25) 24) 14) 12,((((26) 25) 24) 34) 32)~ 11,((((((28,(30,31)~ 29)~ 27) 25) 24) 14) 12,(((((28,(31,30)~ 29)~ 27) 25) 24) 34) 32)~ 11)+ 11,(((((18,17)~ 16) 15) 14) 12) 11)+ 11,((13) 12) 11)+ 11,((((37,36)~ 35) 34) 32) 11)+ 11,((((((((28,(30,31)~ 29)~ 27) 25) 24) 14) 12,(((((28,(30,31)~ 29)~ 27) 25) 24) 34) 32)~ 11,(((((26) 25) 24) 14) 12) 11)+ 11,((33) 32) 11)+ 11)+ 11,(39,40)~ 38)~ 10)+ 10)~ 8) 6) 0
&t (((9,((39,40)~ 38,(((((((((26) 25) 24) 14) 12,((((26) 25) 24) 34) 32)~ 11,(((((18,17)~ 16,(23,(22,21)~ 20)~ 19)~ 15) 14) 12) 11)+ 11,((13) 12) 11)+ 11,((33) 32) 11)+ 11,((((((((28,(31,30)~ 29)~ 27) 25) 24) 14) 12,(((((28,(30,31)~ 29)~ 27) 25) 24) 34) 32)~ 11,(((((26) 25) 24) 14) 12) 11)+ 11,((((37,36)~ 35) 34) 32) 11)+ 11)+ 11)~ 10)~ 8,(7,7)+ 7)~ 6,(((5,4)~ 3,(4) 3)+ 3,2)~ 1)~ 0
&t ((((9,9)+ 9,((39,40)~ 38,(((((((((28,(30,31)~ 29)~ 27) 25) 24) 14) 12,(((((28,(31,30)~ 29)~ 27) 25) 24) 34) 32)~ 11,(((((26) 25) 24) 14) 12) 11)+ 11,((((36,37)~ 35) 34) 32) 11)+ 11,((13) 12,(33) 32)~ 11)+ 11)~ 10)~ 8) 6,((((5,5)+ 5,4)~ 3,2)~ 1,((5,4)~ 3) 1)+ 1)~ 0
&t ((((7,((((40,39)~ 38,((((((((((28,(30,31)~ 29)~ 27) 25) 24) 14) 12,(((((28,(30,31)~ 29)~ 27) 25) 24) 34) 32)~ 11,((((((17,18)~ 16,(17,18)~ 16)+ 16,((21,22)~ 20,(23,23)+ 23)~ 19)~ 15) 14) 12) 11)+ 11,((13) 12) 11)+ 11,(((((((((((31) 29) 27) 25) 24) 14) 12,(((((28,(30) 29)~ 27) 25) 24) 34) 32)~ 11,((((((28) 27) 25) 24) 14) 12,((((((31,30)~ 29) 27) 25) 24) 34) 32)~ 11)+ 11,((((((28,(31,30)~ 29)~ 27) 25) 24) 14) 12,(((((28,(30,31)~ 29)~ 27) 25) 24) 34) 32)~ 11)+ 11,(((((26) 25) 24) 14) 12) 11)+ 11,((((36,37)~ 35) 34) 32) 11)+ 11)+ 11,(((33,33)+ 33) 32) 11)+ 11)~ 10,((((((((((28,(30,31)~ 29)~ 27) 25) 24) 14) 12,(((((28,(31,30)~ 29)~ 27) 25) 24) 34) 32)~ 11,(((13) 12,((((26,(28,(30,31)~ 29)~ 27)~ 25) 24) 34) 32)~ 11,(((((17,18)~ 16,(23,(21,22)~ 20)~ 19)~ 15) 14) 12) 11)+ 11)+ 11,((((36,(37,37)+ 37)~ 35) 34) 32) 11)+ 11,((33) 32) 11)+ 11) 10)+ 10) 8)~ 6,((((((39,40)~ 38,(((((((((28,(30,31)~ 29)~ 27) 25) 24) 14) 12,(((((28,(31,30)~ 29)~ 27) 25) 24) 34) 32)~ 11,(((((26) 25) 24) 14) 12) 11)+ 11,(((((23,((21,22)~ 20,(22,21)~ 20)+ 20)~ 19) 15) 14) 12) 11)+ 11,((13) 12) 11)+ 11)~ 10,((((((((((31,30)~ 29,28)~ 27) 25) 24) 14) 12,(((((28,(30,31)~ 29)~ 27) 25) 24) 34) 32)~ 11,(((((26) 25) 24) 14) 12) 11)+ 11,((((36,37)~ 35) 34) 32) 11)+ 11) 10)+ 10,9)~ 8,7)~ 6,((9) 8) 6)+ 6)+ 6,((((40,39)~ 38) 10) 8) 6)+ 6) 0
&t ((7,((9,9)+ 9,((40,39)~ 38,((((((((((28,(31,30)~ 29)~ 27) 25) 24) 14) 12,(((((28,(30,31)~ 29)~ 27) 25) 24) 34) 32)~ 11,(((((26) 25) 24) 14) 12) 11)+ 11,((33) 32) 11)+ 11,((((((((((30,31)~ 29) 27) 25) 24) 14) 12,(((((28,(30,31)~ 29)~ 27) 25) 24) 34) 32)~ 11,(((((26) 25) 24) 14) 12) 11)+ 11,((((((((31,30)~ 29) 27) 25) 24) 14) 12,(((((28,(31,30)~ 29)~ 27) 25) 24) 34) 32)~ 11,(((((26) 25) 24) 14) 12) 11)+ 11)+ 11,((((37,36)~ 35) 34) 32) 11)+ 11)+ 11,((13) 12) 11)+ 11)~ 10)~ 8)~ 6,(((((4,5)~ 3,(4) 3)+ 3,(4,5)~ 3)+ 3,2)~ 1,(2,((4,5)~ 3,(5) 3)+ 3)~ 1)+ 1)~ 0
&t ((7,(((((((((((((((28,(30) 29)~ 27) 25) 24) 14) 12,(((((28,(31,30)~ 29)~ 27) 25) 24) 34) 32)~ 11,(((((26) 25) 24) 14) 12) 11)+ 11,(((((23,((22,21)~ 20,(22) 20)+ 20)~ 19) 15) 14) 12) 11)+ 11,(((((17,18)~ 16) 15) 14) 12) 11)+ 11,((13) 12) 11)+ 11) 10,9)~ 8,((((33) 32) 11) 10) 8)+ 8,((((((((((28,(31,30)~ 29)~ 27) 25) 24) 14) 12,(((((28,(30,31)~ 29)~ 27) 25) 24) 34) 32)~ 11,(((((26) 25) 24) 14) 12) 11)+ 11,((((37,(36,(36,(36,36)+ 36)+ 36)+ 36)~ 35) 34) 32) 11)+ 11) 10) 8)+ 8,(((40,39)~ 38) 10) 8)+ 8)~ 6) 0
&t ((2,((4,5)~ 3,(5,(4,4)+ 4)~ 3)+ 3)~ 1,(((((39,40)~ 38,(((((((((28,(31,30)~ 29)~ 27) 25) 24) 14) 12,(((((28,(30,31)~ 29)~ 27) 25) 24) 34) 32)~ 11,(((((26) 25) 24) 14) 12) 11)+ 11,((((((21,22)~ 20) 19,(17,18)~ 16)~ 15) 14) 12) 11)+ 11,((33,((37) 35) 34)~ 32) 11)+ 11)~ 10,(9,9)+ 9)~ 8,7)~ 6,(7) 6)+ 6)~ 0
&t ((7,((((((((((((28,(30,31)~ 29)~ 27) 25) 24) 14) 12,(((((28,(31,30)~ 29)~ 27) 25) 24) 34) 32)~ 11,(((((26) 25) 24) 14) 12) 11)+ 11,((((36,37)~ 35) 34) 32) 11)+ 11,((33) 32) 11)+ 11,(((((((((((31) 29) 27) 25) 24) 14) 12,(((((28,(30) 29)~ 27) 25) 24) 34) 32)~ 11,((((((28) 27) 25) 24) 14) 12,((((((31,30)~ 29) 27) 25) 24) 34) 32)~ 11)+ 11,(((((26) 25) 24) 14) 12) 11)+ 11,(((((18,17)~ 16,(23,(22,21)~ 20)~ 19)~ 15) 14) 12) 11)+ 11,((13) 12) 11)+ 11)+ 11,(40,39)~ 38)~ 10) 8)~ 6,(((4,5)~ 3,(4,5)~ 3)+ 3) 1)~ 0
&t (((9,(((39,40)~ 38,(39,40)~ 38)+ 38,((((((((((28) 27) 25) 24) 14) 12,(((((28,(30,31)~ 29)~ 27) 25) 24) 34) 32)~ 11,(((((26) 25) 24) 14) 12) 11)+ 11,(((((18,17)~ 16) 15) 14) 12) 11)+ 11,((13) 12) 11)+ 11,(((((((((28,(31,30)~ 29)~ 27) 25) 24) 14) 12,(((((28,(31,30)~ 29)~ 27) 25) 24) 34) 32)~ 11,(((((26) 25) 24) 14) 12) 11)+ 11,((((37,36)~ 35) 34) 32) 11)+ 11,((33) 32) 11)+ 11)+ 11)~ 10)~ 8) 6,(((4,5)~ 3,(5,4)~ 3)+ 3,2)~ 1)~ 0
&t (((((40,39)~ 38,(((((((36,37)~ 35,(37) 35)+ 35) 34) 32,((((26,(28,(31,30)~ 29)~ 27)~ 25) 24) 14) 12)~ 11,((33) 32) 11)+ 11,(((((((((28) 27) 25) 24) 14) 12,((((((31,30)~ 29) 27) 25) 24) 34) 32)~ 11,(((((((28) 27) 25) 24) 14) 12,(((((28) 27) 25) 24) 34) 32)~ 11,(((((((30) 29) 27) 25) 24) 14) 12,((((((31) 29) 27) 25) 24) 34) 32)~ 11)+ 11)+ 11,(((((26) 25) 24) 14) 12) 11)+ 11,((13,(((23,(21,22)~ 20)~ 19,(18,17)~ 16)~ 15) 14)~ 12) 11)+ 11)+ 11)~ 10) 8) 6,((((2,2)+ 2,((4,5)~ 3,(5,4)~ 3)+ 3)~ 1,(2,((4,5)~ 3,((4,5)~ 3,(4,5)~ 3)+ 3)+ 3)~ 1)+ 1,(((5,4)~ 3,(5,4)~ 3)+ 3,2)~ 1)+ 1)~ 0
&t ((7,((((((((((((28,(30,31)~ 29)~ 27) 25) 24) 14) 12,(((((28,(31,30)~ 29)~ 27) 25) 24) 34) 32)~ 11,(((((26) 25) 24) 14) 12) 11)+ 11,((((36,37)~ 35) 34) 32) 11)+ 11,((33) 32) 11)+ 11,(((((((((28,(31,30)~ 29)~ 27) 25) 24) 14) 12,(((((28,(30,31)~ 29)~ 27) 25) 24) 34) 32)~ 11,(((((26) 25) 24) 14) 12) 11)+ 11,((((((21,22)~ 20) 19,(17,18)~ 16)~ 15) 14) 12) 11)+ 11,((13) 12) 11)+ 11)+ 11,(39,40)~ 38)~ 10) 8)~ 6,(((5,(4,4)+ 4)~ 3,(4,5)~ 3)+ 3,2)~ 1)~ 0
&t ((7,(((39,40)~ 38,((((((((((((31) 29) 27) 25) 24) 14) 12,((((((30) 29,28)~ 27) 25) 24) 34) 32)~ 11,((((((28) 27) 25) 24) 14) 12,((((((30,31)~ 29) 27) 25) 24) 34) 32)~ 11)+ 11,(((((26) 25) 24) 14) 12) 11)+ 11,((13) 12) 11)+ 11,(((((17,18)~ 16,(23,(22,21)~ 20)~ 19)~ 15) 14) 12) 11)+ 11,(((((((((28,(31,30)~ 29)~ 27) 25) 24) 14) 12,(((((28,(31,30)~ 29)~ 27) 25) 24) 34) 32)~ 11,(((((26) 25) 24) 14) 12) 11)+ 11,((((37,36)~ 35) 34) 32) 11)+ 11,(((33,(33,33)+ 33)+ 33) 32) 11)+ 11)+ 11)~ 10) 8)~ 6,((((5,4)~ 3,(4) 3)+ 3,(5) 3)+ 3,2)~ 1)~ 0
&t (((2,((4,5)~ 3,(5,4)~ 3)+ 3)~ 1,(2,(((5,4)~ 3,(5) 3)+ 3,(4) 3)+ 3)~ 1)+ 1,(((((((((((((28) 27) 25) 24) 14) 12,(((((28,(30,31)~ 29)~ 27) 25) 24) 34) 32)~ 11,(((((((31) 29) 27) 25) 24) 14) 12,((((((30) 29) 27) 25) 24) 34) 32)~ 11)+ 11,(((((((((28,(30,31)~ 29)~ 27) 25) 24) 14) 12,(((((28,(31,30)~ 29)~ 27) 25) 24) 34) 32)~ 11,(((((26) 25) 24) 14) 12) 11)+ 11,(((13,13)+ 13) 12) 11)+ 11,(((((17,18)~ 16,(23,(22,21)~ 20)~ 19)~ 15) 14) 12) 11)+ 11)+ 11,(((33,33)+ 33) 32) 11)+ 11,(((((((28,(31,30)~ 29)~ 27) 25) 24) 14) 12,(((((28,(30,31)~ 29)~ 27) 25) 24) 34) 32)~ 11,(((((26) 25) 24) 14) 12) 11)+ 11)+ 11) 10,(9,9)+ 9)~ 8,7)~ 6)~ 0
&t (((((40,39)~ 38) 10) 8) 6,(((4,5)~ 3,(5,4)~ 3)+ 3) 1)~ 0
&t ((7,((((((((((((((28,(30,31)~ 29)~ 27) 25) 24) 14) 12,(((((28,(31,30)~ 29)~ 27) 25) 24) 34) 32)~ 11,(((((26) 25) 24) 14) 12) 11)+ 11,((((((21,22)~ 20,23)~ 19,(18,17)~ 16)~ 15) 14) 12) 11)+ 11,((13) 12) 11)+ 11) 10,9)~ 8,((((((((26) 25) 24) 14) 12,((((26) 25) 24) 34) 32)~ 11,(((((((28) 27) 25) 24) 14) 12,((((((31,30)~ 29) 27) 25) 24) 34) 32)~ 11,((((((28,(31,30)~ 29)~ 27) 25) 24) 14) 12,(((((28,(31,30)~ 29)~ 27) 25) 24) 34) 32)~ 11)+ 11)+ 11) 10) 8)+ 8,(((((33,33)+ 33) 32) 11) 10) 8)+ 8,(((39) 38) 10) 8)+ 8)~ 6) 0
&t (((7,(((40,39)~ 38) 10) 8)~ 6,(((9,(((((((((((((28) 27) 25) 24) 14) 12,((((((30,31)~ 29) 27) 25) 24) 34) 32)~ 11,(((((((((30) 29) 27) 25) 24) 14) 12,((((((30) 29) 27) 25) 24) 34) 32)~ 11,(((((((31) 29) 27) 25) 24) 14) 12) 11)+ 11,((((((28) 27) 25) 24) 14) 12) 11)+ 11)+ 11,(((((26) 25) 24) 14) 12) 11)+ 11,(((((((22,21)~ 20) 19,(18,17)~ 16)~ 15,((23) 19) 15)+ 15) 14) 12) 11)+ 11,((13) 12) 11)+ 11,((((((((28,(31,30)~ 29)~ 27) 25) 24) 14) 12,(((((28,(30,31)~ 29)~ 27) 25) 24) 34) 32)~ 11,(((((26) 25) 24) 14) 12) 11)+ 11,((((37,36)~ 35) 34) 32) 11)+ 11)+ 11,((33) 32) 11)+ 11) 10)~ 8,(((39,(40,40)+ 40)~ 38) 10) 8)+ 8) 6)+ 6,((((5,4)~ 3,(4,5)~ 3)+ 3,(4,5)~ 3)+ 3) 1)~ 0
&t ((7,(((9,(((33) 32) 11) 10)~ 8,(((((((((28,(31,30)~ 29)~ 27) 25) 24) 14) 12,(((((28,(31,30)~ 29)~ 27) 25) 24) 34) 32)~ 11,(((((26) 25) 24) 14) 12) 11)+ 11) 10) 8)+ 8,((((((((((22,21)~ 20,(22) 20)+ 20,(21) 20)+ 20,23)~ 19) 15) 14,13)~ 12) 11) 10) 8)+ 8)~ 6) 0
&t (((9) 8) 6,(((((4,5)~ 3,(4,5)~ 3)+ 3,2)~ 1,(2,((4,5)~ 3,(4,5)~ 3)+ 3)~ 1)+ 1,(((4,5)~ 3,(4,5)~ 3)+ 3,2)~ 1)+ 1)~ 0
&t ((((4,5)~ 3,(5,4)~ 3)+ 3) 1,(((((((((((((((28,(31,30)~ 29)~ 27) 25) 24) 14) 12,((((((30,31)~ 29,28)~ 27) 25) 24) 34) 32)~ 11,(((((26) 25) 24) 14) 12) 11)+ 11,(((((17,18)~ 16,((21) 20,23)~ 19)~ 15) 14) 12) 11)+ 11,((13) 12) 11)+ 11,(((((((28,(30,31)~ 29)~ 27) 25) 24) 14) 12,(((37,36)~ 35) 34) 32)~ 11,((33) 32) 11)+ 11)+ 11) 10,9)~ 8,(7,7)+ 7)~ 6,((9) 8) 6)+ 6,((((((((((((((((((31) 29) 27) 25) 24) 14) 12,((((((31) 29) 27) 25) 24) 34) 32)~ 11,(((((((30) 29) 27) 25) 24) 14) 12) 11)+ 11,((((((28) 27) 25) 24) 14) 12) 11)+ 11,((((((28) 27) 25) 24) 14) 12,((((((30) 29) 27) 25) 24) 34) 32)~ 11)+ 11,((((((28,(31,30)~ 29)~ 27) 25) 24) 14) 12,(((((28,(30,31)~ 29)~ 27) 25) 24) 34) 32)~ 11)+ 11,(((((26) 25) 24) 14) 12) 11)+ 11,((13,(((17,18)~ 16,(23,(21,22)~ 20)~ 19)~ 15) 14)~ 12) 11)+ 11,(((((((((30) 29) 27) 25) 24) 14) 12,((((((31) 29) 27) 25) 24) 34) 32)~ 11,((((((28) 27) 25) 24) 14) 12,(((((28,(30,31)~ 29)~ 27) 25) 24) 34) 32)~ 11)+ 11,(((((26) 25) 24) 14) 12) 11)+ 11)+ 11,((40,39)~ 38,(39,40)~ 38)+ 38)~ 10,((((((((((((28,(31,30)~ 29)~ 27) 25) 24) 14) 12,(((((28,(30,31)~ 29)~ 27) 25) 24) 34) 32)~ 11,((((((((((31) 29) 27) 25) 24) 14) 12,((((((30) 29) 27) 25) 24) 34) 32)~ 11,((((((28) 27) 25) 24) 14) 12,(((((28) 27) 25) 24) 34) 32)~ 11)+ 11,((((((28) 27) 25) 24) 14) 12,((((((31,30)~ 29) 27) 25) 24) 34) 32)~ 11)+ 11,(((((26) 25) 24) 14) 12) 11)+ 11)+ 11,(((((17,18)~ 16,(23,(21,22)~ 20)~ 19)~ 15) 14) 12) 11)+ 11,((((((((28,(30,31)~ 29)~ 27) 25) 24) 14) 12,(((((28,(30,31)~ 29)~ 27) 25) 24) 34) 32)~ 11,(((((26) 25) 24) 14) 12) 11)+ 11,((((37) 35) 34) 32) 11)+ 11)+ 11,((13) 12) 11)+ 11,(39,40)~ 38)~ 10,(((33) 32) 11) 10)+ 10)+ 10) 8) 6)+ 6)~ 0
&t (((9) 8,7)~ 6,(2,((4,5)~ 3,(4,5)~ 3)+ 3)~ 1)~ 0
&t ((((2,2)+ 2,((5,4)~ 3,(4,5)~ 3)+ 3)~ 1,((2,2)+ 2,((5,4)~ 3,(4) 3)+ 3)~ 1)+ 1,((((40,(39,39)+ 39)~ 38,(((((((((((28,(30,31)~ 29)~ 27) 25) 24) 14) 12,(((((28,(30,31)~ 29)~ 27) 25) 24) 34) 32)~ 11,(((((23,(21,22)~ 20)~ 19) 15) 14) 12) 11)+ 11,(((((17,18)~ 16) 15) 14) 12) 11)+ 11,(((((26) 25) 24) 14) 12) 11)+ 11,((13) 12) 11)+ 11,((((((((((31,30)~ 29) 27) 25) 24) 14) 12,(((((28,(30,31)~ 29)~ 27) 25) 24) 34) 32)~ 11,(((((26) 25) 24) 14) 12) 11)+ 11,((((37,(36,36)+ 36)~ 35) 34) 32) 11)+ 11,((33) 32) 11)+ 11)+ 11)~ 10,(9,9)+ 9)~ 8) 6)~ 0
&t (((7,((9,(9,9)+ 9)+ 9) 8)~ 6,((((39,40)~ 38,(((((((((28,(30,31)~ 29)~ 27) 25) 24) 14) 12,(((((28,(30,31)~ 29)~ 27) 25) 24) 34) 32)~ 11,(((((17,18)~ 16,(23,(22,21)~ 20)~ 19)~ 15) 14) 12) 11)+ 11,((13) 12) 11)+ 11,(((((((((28,(31,30)~ 29)~ 27) 25) 24) 14) 12,(((((28,(30,31)~ 29)~ 27) 25) 24) 34) 32)~ 11,(((((26) 25) 24) 14) 12) 11)+ 11,((((37,36)~ 35) 34) 32) 11)+ 11,((33) 32) 11)+ 11)+ 11)~ 10) 8) 6)+ 6,((((4,5)~ 3,(5) 3)+ 3,(2,2)+ 2)~ 1,(2,(((4,5)~ 3,(5) 3)+ 3,(5,4)~ 3)+ 3)~ 1)+ 1)~ 0
&t ((7,(((40,39)~ 38,((((((((((((30) 29) 27) 25) 24) 14) 12,((((((31) 29) 27) 25) 24) 34) 32)~ 11,((((((28) 27) 25) 24) 14) 12,(((((28) 27) 25) 24) 34) 32)~ 11)+ 11,((((((28) 27) 25) 24) 14) 12) 11)+ 11,(((((26) 25) 24) 14) 12) 11)+ 11,(((((23) 19,((18,18)+ 18) 16)~ 15) 14) 12) 11)+ 11,((33) 32) 11)+ 11)~ 10,9)~ 8)~ 6) 0
&t ((2,(4,5)~ 3)~ 1,(((((((((((((((28,(30,31)~ 29)~ 27) 25) 24) 14) 12,(((((28,(30,31)~ 29)~ 27) 25) 24) 34) 32)~ 11,(((((((28) 27) 25) 24) 14) 12,((((((31,30)~ 29) 27) 25) 24) 34) 32)~ 11,(((((((28) 27) 25) 24) 14) 12,((((((31,30)~ 29) 27) 25) 24) 34) 32)~ 11,(((((((((30) 29) 27) 25) 24) 14) 12,((((((30) 29) 27) 25) 24) 34) 32)~ 11,(((((((31) 29) 27) 25) 24) 14) 12) 11)+ 11,((((((28) 27) 25) 24) 14) 12) 11)+ 11)+ 11)+ 11)+ 11,(((((26) 25) 24) 14) 12) 11)+ 11,(((((18,17)~ 16,(23,(22,(21,21)+ 21)~ 20)~ 19)~ 15) 14) 12) 11)+ 11,((13) 12) 11)+ 11,(((33,33)+ 33) 32) 11)+ 11,(((((26) 25) 24) 14) 12,(((37,(36,36)+ 36)~ 35) 34) 32)~ 11)+ 11) 10) 8) 6)~ 0
&t ((2,((4,5)~ 3,(4,5)~ 3)+ 3)~ 1,(((((39,40)~ 38,(((((((((28,(30,31)~ 29)~ 27) 25) 24) 14) 12,(((((28,(31,30)~ 29)~ 27) 25) 24) 34) 32)~ 11,(((((26) 25) 24) 14) 12) 11)+ 11,((((36,37)~ 35) 34) 32) 11)+ 11,((((((((((((28) 27) 25) 24) 14) 12,((((((31,30)~ 29) 27) 25) 24) 34) 32)~ 11,((((((28,(31,30)~ 29)~ 27) 25) 24) 14) 12,(((((28,(31,30)~ 29)~ 27) 25) 24) 34) 32)~ 11)+ 11,(((((26) 25) 24) 14) 12) 11)+ 11,(((((23,(22,21)~ 20)~ 19) 15) 14) 12) 11)+ 11,((13) 12) 11)+ 11,(((((18,17)~ 16) 15) 14) 12) 11)+ 11,((33) 32) 11)+ 11)+ 11)~ 10,((39,40)~ 38) 10)+ 10) 8,7)~ 6)~ 0
&t (((7,((((((((40) 38,((((((18,17)~ 16,(23,(21,22)~ 20)~ 19)~ 15,(((21,22)~ 20) 19,(17,18)~ 16)~ 15)+ 15) 14) 12) 11)~ 10,((((((((28,(30,31)~ 29)~ 27) 25) 24) 14) 12,(((((28,(31,30)~ 29)~ 27) 25) 24) 34) 32)~ 11,(((((26) 25) 24) 14) 12) 11)+ 11) 10)+ 10,(((13) 12) 11) 10)+ 10,(((((((((((28) 27) 25) 24) 14) 12,((((((30,31)~ 29) 27) 25) 24) 34) 32)~ 11,((((((28,(30,31)~ 29)~ 27) 25) 24) 14) 12,(((((28,(30,31)~ 29)~ 27) 25) 24) 34) 32)~ 11)+ 11,(((((26) 25) 24) 14) 12) 11)+ 11,(((((((28,(31,30)~ 29)~ 27) 25) 24) 14) 12,(((((28,(31,30)~ 29)~ 27) 25) 24) 34) 32)~ 11,(((((26) 25) 24) 14) 12) 11)+ 11)+ 11,((13,(((17) 16,(23) 19)~ 15) 14)~ 12) 11)+ 11) 10)+ 10,((((((((((28,(31,30)~ 29)~ 27) 25) 24) 14) 12,(((((28,(30,31)~ 29)~ 27) 25) 24) 34) 32)~ 11,(((((26) 25) 24) 14) 12) 11)+ 11,(((((26) 25) 24) 14) 12) 11)+ 11,((((36,37)~ 35) 34) 32) 11)+ 11) 10)+ 10,((39,40)~ 38) 10)+ 10) 8)~ 6,(((9,9)+ 9) 8) 6)+ 6,(((4,5)~ 3,(4,5)~ 3)+ 3,2)~ 1)~ 0
&t (((9,((((39,40)~ 38,((((((((((28) 27) 25) 24) 14) 12,((((((30,31)~ 29) 27) 25) 24) 34) 32)~ 11,((((((((31) 29) 27) 25) 24) 14) 12,(((((28,(30) 29)~ 27) 25) 24) 34) 32)~ 11,((((((28) 27) 25) 24) 14) 12,((((((30,31)~ 29) 27) 25) 24) 34) 32)~ 11)+ 11)+ 11,(((((26) 25) 24) 14) 12) 11)+ 11,((13) 12) 11)+ 11,((33) 32) 11)+ 11)~ 10,(((((((28,(31,30)~ 29)~ 27) 25) 24) 14) 12,((((26,(28,(30,31)~ 29)~ 27)~ 25) 24) 34) 32)~ 11) 10)+ 10,(((((37,36)~ 35) 34) 32) 11) 10)+ 10)~ 8) 6,(((2,((4,5)~ 3,(5,4)~ 3)+ 3)~ 1,(2) 1)+ 1,(((5,4)~ 3,((5,5)+ 5) 3)+ 3) 1)+ 1)~ 0
&t ((2,((5,4)~ 3,(4,5)~ 3)+ 3)~ 1,((((((40,(39,39)+ 39)~ 38,(((((((((28,(30,31)~ 29)~ 27) 25) 24) 14) 12,(((((28,(30,31)~ 29)~ 27) 25) 24) 34) 32)~ 11,(((((26) 25) 24) 14) 12) 11)+ 11,(((((18,17)~ 16,(23,(22,21)~ 20)~ 19)~ 15) 14) 12) 11)+ 11,(((13,13)+ 13) 12) 11)+ 11)~ 10,(((((((((28) 27) 25) 24) 14) 12,(((((28,(30,31)~ 29)~ 27) 25) 24) 34) 32)~ 11,(((((26) 25) 24) 14) 12) 11)+ 11,((((37,36)~ 35) 34) 32) 11)+ 11) 10)+ 10,(((33) 32) 11) 10)+ 10,9)~ 8,7)~ 6)~ 0
&t (((7,(((40,39)~ 38,((((((((((((30,31)~ 29) 27) 25) 24) 14) 12,((((((31,30)~ 29) 27) 25) 24) 34) 32)~ 11,((((((28) 27) 25) 24) 14) 12) 11)+ 11,((((((28) 27) 25) 24) 14) 12,((((((30,31)~ 29) 27) 25) 24) 34) 32)~ 11)+ 11,(((((26) 25) 24) 14) 12) 11)+ 11,((((36,37)~ 35) 34) 32) 11)+ 11,((((((((((28,(31,30)~ 29)~ 27) 25) 24) 14) 12,(((((28,(31,30)~ 29)~ 27) 25) 24) 34) 32)~ 11,(((((26) 25) 24) 14) 12) 11)+ 11,((((((17) 16,((22,21)~ 20) 19)~ 15,((23) 19) 15)+ 15) 14) 12) 11)+ 11,((13) 12) 11)+ 11,((33) 32) 11)+ 11)+ 11)~ 10) 8)~ 6,((9) 8) 6)+ 6,(((5,4)~ 3,(4,5)~ 3)+ 3,2)~ 1)~ 0
&t ((2,((4,5)~ 3,(4,5)~ 3)+ 3)~ 1,(((((((((((((28,(30,31)~ 29)~ 27) 25) 24) 14) 12,(((((28,(30) 29)~ 27) 25) 24) 34) 32)~ 11,(((((26) 25) 24) 14) 12) 11)+ 11,((((((17,17)+ 17,18)~ 16,(23,(22,21)~ 20)~ 19)~ 15) 14) 12) 11)+ 11,((13) 12) 11)+ 11,(((((((((28,(30,31)~ 29)~ 27) 25) 24) 14) 12,((((26,(28,(30,31)~ 29)~ 27)~ 25) 24) 34) 32)~ 11,((((37,36)~ 35) 34) 32) 11)+ 11,((((((26) 25) 24) 14) 12,(((((28,(31,30)~ 29)~ 27) 25) 24,((36,36)+ 36) 35)~ 34) 32)~ 11,(((((26) 25) 24) 14) 12) 11)+ 11)+ 11,((33) 32) 11)+ 11)+ 11,(39,40)~ 38)~ 10) 8) 6)~ 0
&t ((2,((4,5)~ 3,(4,5)~ 3)+ 3)~ 1,((7,(7,7)+ 7)+ 7,((((((((((((28,(30,31)~ 29)~ 27) 25) 24) 14) 12,(((((28,(31,30)~ 29)~ 27) 25) 24) 34) 32)~ 11,((((((28) 27) 25) 24) 14) 12,((((((30,31)~ 29) 27) 25) 24) 34) 32)~ 11)+ 11,(((((36,37)~ 35,(37,36)~ 35)+ 35) 34) 32) 11)+ 11,((33) 32) 11)+ 11,(((((((((((28) 27) 25) 24) 14) 12,((((((30,31)~ 29) 27) 25) 24) 34) 32)~ 11,(((((((((31) 29) 27) 25) 24) 14) 12,((((((31) 29) 27) 25) 24) 34) 32)~ 11,(((((((30) 29) 27) 25) 24) 14) 12) 11)+ 11,((((((28) 27) 25) 24) 14) 12) 11)+ 11)+ 11,(((((26) 25) 24) 14) 12) 11)+ 11,(((((17,(18,(18,18)+ 18)+ 18)~ 16,(23,(21,(22,22)+ 22)~ 20)~ 19)~ 15) 14) 12) 11)+ 11,((13) 12) 11)+ 11,(((((((((28,(31,30)~ 29)~ 27) 25) 24) 14) 12,(((((28,(31,30)~ 29)~ 27) 25) 24) 34) 32)~ 11,((((((28,(31,30)~ 29)~ 27) 25) 24) 14) 12,(((((28,(30,31)~ 29)~ 27) 25) 24) 34) 32)~ 11)+ 11,(((((26) 25) 24) 14) 12) 11)+ 11,(((((((((((28,(31,30)~ 29)~ 27) 25) 24) 14) 12,(((((28,(30,31)~ 29)~ 27) 25) 24) 34) 32)~ 11,(((((26) 25) 24) 14) 12) 11)+ 11,((((((17,18)~ 16,(18,17)~ 16)+ 16,(23,(22,21)~ 20)~ 19)~ 15) 14) 12) 11)+ 11,((13) 12) 11)+ 11,(((((36,36)+ 36,37)~ 35) 34) 32) 11)+ 11,((33) 32) 11)+ 11)+ 11)+ 11)+ 11) 10,9)~ 8)~ 6)~ 0
&t (((9,(((((((((((26) 25) 24) 14) 12,((((26) 25) 24) 34) 32)~ 11,((13) 12) 11)+ 11,(((((23) 19,(18,17)~ 16)~ 15) 14) 12) 11)+ 11,((33) 32) 11)+ 11,((33) 32) 11)+ 11,((((37,36)~ 35) 34) 32,(((((28,(30,31)~ 29)~ 27) 25) 24) 14) 12)~ 11)+ 11) 10)~ 8) 6) 0
&t (((7,(9,((40,39)~ 38,((((((((((28,(31,30)~ 29)~ 27) 25) 24) 14) 12,(((((28,(30,31)~ 29)~ 27) 25) 24) 34) 32)~ 11,((((((17,18)~ 16,(18,17)~ 16)+ 16,(23,((21,22)~ 20,((22,21)~ 20,(21,22)~ 20)+ 20)+ 20)~ 19)~ 15) 14) 12) 11)+ 11,((13) 12) 11)+ 11,((33) 32) 11)+ 11,((((((((28,(31,30)~ 29)~ 27) 25) 24) 14) 12,(((((28,(30,31)~ 29)~ 27) 25) 24) 34) 32)~ 11,(((((26) 25) 24) 14) 12) 11)+ 11,((((((36,(37,37)+ 37)~ 35,(36) 35)+ 35,(((37,(36,36)+ 36)~ 35,(37) 35)+ 35,(36) 35)+ 35)+ 35) 34) 32) 11)+ 11)+ 11)~ 10)~ 8)~ 6,((7,7)+ 7) 6)+ 6,(((4,5)~ 3,(5,4)~ 3)+ 3,2)~ 1)~ 0
&t ((((((39,40)~ 38,(39,40)~ 38)+ 38,((((((((((28,(30) 29)~ 27) 25) 24) 14) 12,(((((28,(31,30)~ 29)~ 27) 25) 24) 34) 32)~ 11,(((((26) 25) 24) 14) 12) 11)+ 11,(((((18,17)~ 16) 15) 14) 12) 11)+ 11,((13) 12) 11)+ 11,((((((26) 25) 24) 14) 12,(((37,36)~ 35) 34) 32)~ 11,((33) 32) 11)+ 11)+ 11)~ 10) 8) 6,(((4,5)~ 3,(4,5)~ 3)+ 3,2)~ 1)~ 0
&t ((7) 6,(((((4,5)~ 3,(5,4)~ 3)+ 3,((5,4)~ 3,(5,4)~ 3)+ 3)+ 3,((5,4)~ 3,(5,4)~ 3)+ 3)+ 3) 1)~ 0
&t (((9,(((((((39,39)+ 39,40)~ 38,((13) 12) 11)~ 10,((((((23) 19,(17,18)~ 16)~ 15) 14) 12) 11) 10)+ 10,((((((((28,(31,30)~ 29)~ 27) 25) 24) 14) 12,(((((28,(30,31)~ 29)~ 27) 25) 24) 34) 32)~ 11,(((((26) 25) 24) 14) 12) 11)+ 11) 10)+ 10,(((33) 32) 11) 10)+ 10,(((((((((28,(31,30)~ 29)~ 27) 25) 24) 14) 12,(((((28,(31,30)~ 29)~ 27) 25) 24) 34) 32)~ 11,(((((26) 25) 24) 14) 12) 11)+ 11,((((37) 35) 34) 32) 11)+ 11) 10)+ 10)~ 8) 6) 0
&t (((2,2)+ 2,((5,4)~ 3,(5,4)~ 3)+ 3)~ 1,((((9) 8,(7,7)+ 7)~ 6,((((((((33) 32) 11,(40,39)~ 38)~ 10,((((((((28,(30,31)~ 29)~ 27) 25) 24) 14) 12,(((((28,(30,31)~ 29)~ 27) 25) 24) 34) 32)~ 11,(((((17,18)~ 16,(23,(21,22)~ 20)~ 19)~ 15) 14) 12) 11)+ 11) 10)+ 10,(((((((((28,(30,31)~ 29)~ 27) 25) 24) 14) 12,(((((28,(31,30)~ 29)~ 27) 25) 24) 34) 32)~ 11,(((((26) 25) 24) 14) 12) 11)+ 11,(((((((28,(31,30)~ 29)~ 27) 25) 24) 14) 12,(((((28,(31,30)~ 29)~ 27) 25) 24) 34) 32)~ 11,(((((26) 25) 24) 14) 12,((((26) 25) 24) 34) 32)~ 11)+ 11)+ 11) 10)+ 10,(((13) 12) 11) 10)+ 10) 8) 6)+ 6,(((((((39,40)~ 38,(40,39)~ 38)+ 38,((((((((28,(31,30)~ 29)~ 27) 25) 24) 14) 12,(((((28,(31,30)~ 29)~ 27) 25) 24) 34) 32)~ 11,((((37,36)~ 35) 34) 32) 11)+ 11,((((((((((28,(30,31)~ 29)~ 27) 25) 24) 14) 12,(((((28,(30,31)~ 29)~ 27) 25) 24) 34) 32)~ 11,(((((26) 25) 24) 14) 12) 11)+ 11,(((((23,(22,21)~ 20)~ 19) 15) 14) 12) 11)+ 11,(((((17,18)~ 16) 15) 14) 12) 11)+ 11,((13) 12) 11)+ 11)+ 11)~ 10,(((((((((((28,(30,31)~ 29)~ 27) 25) 24) 14) 12,(((((28,(30,31)~ 29)~ 27) 25) 24) 34) 32)~ 11,(((((26) 25) 24) 14) 12) 11)+ 11,((((37) 35) 34) 32) 11)+ 11,((((36) 35) 34) 32) 11)+ 11,((((((((26,(28,(31,30)~ 29)~ 27)~ 25) 24) 14) 12,(((((28,(31,30)~ 29)~ 27) 25) 24) 34) 32)~ 11,(((((23,(21,22)~ 20)~ 19,(18,17)~ 16)~ 15) 14) 12) 11)+ 11,((13) 12) 11)+ 11,((33) 32) 11)+ 11)+ 11) 10)+ 10,(((39,40)~ 38,(40,(39,39)+ 39)~ 38)+ 38) 10)+ 10) 8) 6)+ 6)~ 0
&t ((((((((((33) 32) 11) 10) 8,7)~ 6,((9) 8) 6)+ 6,((((((((((((((28) 27) 25) 24) 14) 12,(((((28,(31,30)~ 29)~ 27) 25) 24) 34) 32)~ 11,(((((((31) 29) 27) 25) 24) 14) 12) 11)+ 11,(((((((30) 29) 27) 25) 24) 14) 12) 11)+ 11,(((((18,17)~ 16) 15) 14) 12) 11)+ 11,(((((26) 25) 24) 14) 12) 11)+ 11,((((((22,21)~ 20) 19) 15) 14) 12) 11)+ 11) 10) 8) 6)+ 6,((((((((((((28) 27) 25) 24) 14) 12,(((((28,(30,31)~ 29)~ 27) 25) 24) 34) 32)~ 11,(((((((31) 29) 27) 25) 24) 14) 12,((((((30) 29) 27) 25) 24) 34) 32)~ 11)+ 11,(((((26) 25) 24) 14) 12) 11)+ 11,((((36,37)~ 35) 34) 32) 11)+ 11) 10) 8) 6)+ 6,(((((13) 12) 11) 10) 8) 6)+ 6,((((5,4)~ 3,(4) 3)+ 3,(5) 3)+ 3,2)~ 1)~ 0
&t ((((7,((9,9)+ 9) 8)~ 6,((((40,39)~ 38,(((((((((28,(31,30)~ 29)~ 27) 25) 24) 14) 12,(((((28,(31,30)~ 29)~ 27) 25) 24) 34) 32)~ 11,(((((26) 25) 24) 14) 12) 11)+ 11,((((36,37)~ 35) 34) 32) 11)+ 11,((((((((26) 25) 24) 14) 12,((((26) 25) 24) 34) 32)~ 11,((((((28) 27) 25) 24) 14) 12,((((((30,31)~ 29) 27) 25) 24) 34) 32)~ 11)+ 11,(((((18,17)~ 16,(23,(21,22)~ 20)~ 19)~ 15) 14) 12) 11)+ 11,((33) 32) 11)+ 11)+ 11)~ 10) 8) 6)+ 6,((7,(7,7)+ 7)+ 7) 6)+ 6,(((4,5)~ 3,(4,5)~ 3)+ 3,2)~ 1)~ 0
&t (((2,((5,4)~ 3,(4,(5,5)+ 5)~ 3)+ 3)~ 1,(2,((5,4)~ 3,(4,5)~ 3)+ 3)~ 1)+ 1,(((((39) 38,((13) 12) 11)~ 10,((((((((((28,(31,30)~ 29)~ 27) 25) 24) 14) 12,(((((28,(30,31)~ 29)~ 27) 25) 24) 34) 32)~ 11,(((((26) 25) 24) 14) 12) 11)+ 11,(((((17) 16,(23,(22,21)~ 20)~ 19)~ 15) 14) 12) 11)+ 11,(((((((((28,(30,31)~ 29)~ 27) 25) 24) 14) 12,(((((28,(31,30)~ 29)~ 27) 25) 24) 34) 32)~ 11,(((((26) 25) 24) 14) 12) 11)+ 11,((((36,37)~ 35) 34) 32) 11)+ 11,((33) 32) 11)+ 11)+ 11,(40) 38)~ 10)+ 10,9)~ 8,7)~ 6)~ 0
&t ((7,(9) 8)~ 6,(2,((5,4)~ 3,(4,(5,5)+ 5)~ 3)+ 3)~ 1)~ 0
&t ((2,((4,5)~ 3,(5,4)~ 3)+ 3)~ 1,((((((40,39)~ 38,((((37) 35) 34) 32) 11)~ 10,(((((((((((28,(31,30)~ 29)~ 27) 25) 24) 14) 12,(((((28,(31,30)~ 29)~ 27) 25) 24) 34) 32)~ 11,(((((26) 25) 24) 14) 12) 11)+ 11,(((13,13)+ 13,(((23,(22,21)~ 20)~ 19,(18,17)~ 16)~ 15) 14)~ 12) 11)+ 11,((33) 32) 11)+ 11,(((((((28,(30,31)~ 29)~ 27) 25) 24) 14) 12,(((((28,(30,31)~ 29)~ 27) 25) 24) 34) 32)~ 11,(((((26) 25) 24) 14) 12) 11)+ 11)+ 11) 10)+ 10) 8,7)~ 6,((9) 8) 6)+ 6)~ 0
&t ((7,((9,9)+ 9,(((((40,39)~ 38,(((33,33)+ 33) 32) 11)~ 10,((((((((((28,(31,30)~ 29)~ 27) 25) 24) 14) 12,(((((28,(31,30)~ 29)~ 27) 25) 24) 34) 32)~ 11,(((((26) 25) 24) 14) 12) 11)+ 11,(((((((22,21)~ 20) 19,((17,18)~ 16,(18,17)~ 16)+ 16)~ 15,((23) 19) 15)+ 15) 14) 12) 11)+ 11,((13) 12) 11)+ 11) 10)+ 10,(((((((((((28,(30,31)~ 29)~ 27) 25) 24) 14) 12,(((((28,(30,31)~ 29)~ 27) 25) 24) 34) 32)~ 11,(((((26) 25) 24) 14) 12) 11)+ 11,(((((((28,(31,30)~ 29)~ 27) 25) 24) 14) 12,(((((28,(31,30)~ 29)~ 27) 25) 24) 34) 32)~ 11,(((((26) 25) 24) 14) 12) 11)+ 11)+ 11,((((37,36)~ 35) 34) 32) 11)+ 11,((((37,36)~ 35) 34) 32) 11)+ 11) 10)+ 10,((((((((28,(31,30)~ 29)~ 27) 25) 24) 14) 12,(((((28,(31,30)~ 29)~ 27) 25) 24) 34) 32)~ 11,(((((26) 25) 24) 14) 12) 11)+ 11) 10)+ 10)~ 8)~ 6,(((5,4)~ 3,((4,5)~ 3,(5,(4,4)+ 4)~ 3)+ 3)+ 3,(2,2)+ 2)~ 1)~ 0
&t ((2,((5,4)~ 3,(5,(4,4)+ 4)~ 3)+ 3)~ 1,((((((9,((((((((28,(30,31)~ 29)~ 27) 25) 24) 14) 12,(((((28,(30,31)~ 29)~ 27) 25) 24) 34) 32)~ 11,(((((26) 25) 24) 14) 12) 11)+ 11) 10)~ 8,(((((((23) 19,(18,17)~ 16)~ 15) 14) 12) 11) 10) 8)+ 8,((((((33,33)+ 33,(33,33)+ 33)+ 33) 32) 11) 10) 8)+ 8,(((((((((28,(31,30)~ 29)~ 27) 25) 24) 14) 12,(((((28,(30,31)~ 29)~ 27) 25) 24) 34) 32)~ 11,((((37,(36,36)+ 36)~ 35) 34) 32) 11)+ 11) 10) 8)+ 8,(((40,39)~ 38) 10) 8)+ 8,7)~ 6)~ 0
&t (((7,7)+ 7) 6,(2,((4,5)~ 3,(5,4)~ 3)+ 3)~ 1)~ 0
&t ((((2,((5,4)~ 3,(4) 3)+ 3)~ 1,((((5,4)~ 3,(4) 3)+ 3,(5) 3)+ 3) 1)+ 1,(2) 1)+ 1,((((9,(((((((((((((((30) 29) 27) 25) 24) 14) 12,(((((28,(30) 29)~ 27) 25) 24) 34) 32)~ 11,(((((((31) 29) 27) 25) 24) 14) 12) 11)+ 11,(((((((30) 29) 27) 25) 24) 14) 12,((((((31) 29) 27) 25) 24) 34) 32)~ 11)+ 11,((((((28) 27) 25) 24) 14) 12,(((((28,(31) 29)~ 27) 25) 24) 34) 32)~ 11)+ 11,(((((26) 25) 24) 14) 12) 11)+ 11,((((37) 35) 34) 32) 11)+ 11,((((36) 35) 34) 32) 11)+ 11,(((13,13)+ 13) 12) 11)+ 11) 10)~ 8,(((((((((22,21)~ 20) 19,(17,18)~ 16)~ 15) 14) 12) 11,(39) 38)~ 10,((((((26) 25) 24) 14) 12) 11) 10)+ 10) 8)+ 8,((((((((((31) 29) 27) 25) 24) 14) 12,(((((28) 27) 25) 24) 34) 32)~ 11,(((((((((30) 29) 27) 25) 24) 14) 12,(((((28,(31) 29)~ 27) 25) 24) 34) 32)~ 11,(((((((31) 29) 27) 25) 24) 14) 12) 11)+ 11,(((((((30) 29) 27) 25) 24) 14) 12) 11)+ 11)+ 11) 10) 8)+ 8) 6)~ 0
&t ((2,((4,5)~ 3,(4,5)~ 3)+ 3)~ 1,(((9) 8,(7,7)+ 7)~ 6,((((((((((((28) 27) 25) 24) 14) 12,(((((28,(30,31)~ 29)~ 27) 25) 24) 34) 32)~ 11,(((((26) 25) 24) 14) 12) 11)+ 11,(39) 38)~ 10,(((((37,36)~ 35) 34) 32) 11) 10)+ 10,((((((((((28,(31,30)~ 29)~ 27) 25) 24) 14) 12,(((((28,(30,31)~ 29)~ 27) 25) 24) 34) 32)~ 11,((((((28,(31,30)~ 29)~ 27) 25) 24) 14) 12,(((((28,(31,30)~ 29)~ 27) 25) 24) 34) 32)~ 11)+ 11,(((((26) 25) 24) 14) 12) 11)+ 11,((13,(((23,(22,21)~ 20)~ 19) 15) 14)~ 12) 11)+ 11) 10)+ 10) 8) 6)+ 6)~ 0
&t ((7,(((((((((((28,(31,30)~ 29)~ 27) 25) 24) 14) 12,(((((28,(30,31)~ 29)~ 27) 25) 24) 34) 32)~ 11,(((((17,18)~ 16,(23,(21,22)~ 20)~ 19)~ 15) 14) 12) 11)+ 11,(((((((((28,(31,30)~ 29)~ 27) 25) 24) 14) 12,(((((28,(31,30)~ 29)~ 27) 25) 24) 34) 32)~ 11,(((((26) 25) 24) 14) 12) 11)+ 11,((((37) 35) 34) 32) 11)+ 11,((33) 32) 11)+ 11)+ 11,((13) 12) 11)+ 11,(40,39)~ 38)~ 10) 8)~ 6,(((5,(4,4)+ 4)~ 3,(4,5)~ 3)+ 3) 1)~ 0
&t ((2,(((4,5)~ 3,(4,5)~ 3)+ 3,(4,5)~ 3)+ 3)~ 1) 0
&t ((7,((((((((((((28,(30,31)~ 29)~ 27) 25) 24) 14) 12,(((((28,(30,31)~ 29)~ 27) 25) 24) 34) 32)~ 11,(((((26) 25) 24) 14) 12) 11)+ 11,((((36,37)~ 35) 34) 32) 11)+ 11,((33) 32,(13) 12)~ 11)+ 11,((((36,37)~ 35) 34) 32) 11)+ 11) 10,9)~ 8)~ 6) 0
&t ((7,((((39,(40,40)+ 40)~ 38,((((((((28,(30,31)~ 29)~ 27) 25) 24) 14) 12,(((((28,(30,31)~ 29)~ 27) 25) 24) 34) 32)~ 11,(((((26) 25) 24) 14) 12) 11)+ 11,((((13) 12,(33) 32)~ 11,((((((((((30,31)~ 29) 27) 25) 24) 14) 12,(((((28,(31,30)~ 29)~ 27) 25) 24) 34) 32)~ 11,((((((28) 27) 25) 24) 14) 12) 11)+ 11,(((((26) 25) 24) 14) 12) 11)+ 11,(((((17) 16,((23,(22,21)~ 20)~ 19,(23) 19)+ 19)~ 15) 14) 12) 11)+ 11)+ 11,((((37,36)~ 35) 34) 32) 11)+ 11)+ 11)~ 10,(((((((((((31,30)~ 29) 27) 25) 24) 14) 12,(((((28) 27) 25) 24) 34) 32)~ 11,(((((((((31) 29) 27) 25) 24) 14) 12,((((((31) 29) 27) 25) 24) 34) 32)~ 11,(((((((30) 29) 27) 25) 24) 14) 12) 11)+ 11,((((((28) 27) 25) 24) 14) 12) 11)+ 11)+ 11,((((((((((28) 27) 25) 24) 14) 12,((((((30,31)~ 29) 27) 25) 24) 34) 32)~ 11,((((((((31,30)~ 29) 27) 25) 24) 14) 12,((((((31,30)~ 29) 27) 25) 24) 34) 32)~ 11,((((((28) 27) 25) 24) 14) 12) 11)+ 11)+ 11,(((((26) 25) 24) 14) 12) 11)+ 11,(((((17,18)~ 16) 15) 14) 12) 11)+ 11,(((13,13)+ 13) 12) 11)+ 11)+ 11,(((33,33)+ 33) 32) 11)+ 11) 10)+ 10) 8)~ 6) 0
&t ((2,(5,4)~ 3)~ 1,((7,(((((40,39)~ 38,(39) 38)+ 38,(40) 38)+ 38,(((((((((26) 25) 24) 14) 12,((((26) 25) 24) 34) 32)~ 11,((((((28,(31,30)~ 29)~ 27) 25) 24) 14) 12,(((((28,(30,31)~ 29)~ 27) 25) 24) 34) 32)~ 11)+ 11,((((37,36)~ 35) 34) 32) 11)+ 11,((((((((26) 25) 24) 14) 12,(((((28,(31,30)~ 29)~ 27) 25) 24) 34) 32)~ 11,(((((((28,(31,30)~ 29)~ 27) 25) 24) 14) 12,(((((28,(30,31)~ 29)~ 27) 25) 24) 34) 32)~ 11,(((((26) 25) 24) 14) 12) 11)+ 11)+ 11,(((((23,(21,22)~ 20)~ 19) 15) 14) 12) 11)+ 11,((13) 12) 11)+ 11)+ 11,((33) 32) 11)+ 11)~ 10) 8)~ 6,(((9,9)+ 9) 8) 6)+ 6)~ 0
&t ((7,((((9,((((((((((((28,(30,31)~ 29)~ 27) 25) 24) 14) 12,(((((28,(31,30)~ 29)~ 27) 25) 24) 34) 32)~ 11,(((((26) 25) 24) 14) 12) 11)+ 11,(((((17,18)~ 16,(23,(21,22)~ 20)~ 19)~ 15) 14) 12) 11)+ 11,((13) 12) 11)+ 11,((((((((28,(31,30)~ 29)~ 27) 25) 24) 14) 12,(((((28,(30,31)~ 29)~ 27) 25) 24) 34) 32)~ 11,((((((((28,(30,31)~ 29)~ 27) 25) 24) 14) 12,(((((28,(30,31)~ 29)~ 27) 25) 24) 34) 32)~ 11,(((((26) 25) 24) 14) 12) 11)+ 11,((((36,37)~ 35) 34) 32) 11)+ 11)+ 11,((((37,36)~ 35) 34) 32) 11)+ 11)+ 11,((33) 32) 11)+ 11) 10)~ 8,((((((((((28,(30,31)~ 29)~ 27) 25) 24) 14) 12,(((((28,(30,31)~ 29)~ 27) 25) 24) 34) 32)~ 11,(((((26) 25) 24) 14) 12) 11)+ 11,((33) 32) 11)+ 11) 10) 8)+ 8,(9) 8)+ 8,(((40,39)~ 38,((((((((28,(31,30)~ 29)~ 27) 25) 24) 14) 12,(((((28,(31,30)~ 29)~ 27) 25) 24) 34) 32)~ 11,(((((26) 25) 24) 14) 12) 11)+ 11,(((((((28,(31,30)~ 29)~ 27) 25) 24) 14) 12,(((((28,(30,31)~ 29)~ 27) 25) 24) 34) 32)~ 11,(((((26) 25) 24) 14) 12) 11)+ 11)+ 11)~ 10) 8)+ 8)~ 6) 0
&t (((7,(9) 8)~ 6,((((((((36,37)~ 35) 34) 32,(13,(((18,17)~ 16,(23,(21,22)~ 20)~ 19)~ 15,((26,(28,(30,31)~ 29)~ 27)~ 25) 24)~ 14)~ 12)~ 11,((33) 32) 11)+ 11) 10) 8) 6)+ 6,(((4,5)~ 3,(5,4)~ 3)+ 3,2)~ 1)~ 0
&t ((((5,4)~ 3,(4,5)~ 3)+ 3) 1,(((((39,40)~ 38,(((13) 12,(33) 32)~ 11,(((((((((28,(30,31)~ 29)~ 27) 25) 24) 14) 12,(((((28,(31,30)~ 29)~ 27) 25) 24) 34) 32)~ 11,(((((26) 25) 24) 14) 12) 11)+ 11,(((((37,36)~ 35,(36) 35)+ 35) 34) 32) 11)+ 11,((((((((28,(31,30)~ 29)~ 27) 25) 24) 14) 12,(((((28,(30,31)~ 29)~ 27) 25) 24) 34) 32)~ 11,(((((26) 25) 24) 14) 12) 11)+ 11,(((((17,18)~ 16,(23,(22,21)~ 20)~ 19)~ 15) 14) 12) 11)+ 11)+ 11)+ 11)~ 10,9)~ 8,((((((((((((28,(30,31)~ 29)~ 27) 25) 24) 14) 12,(((((28,(30,31)~ 29)~ 27) 25) 24) 34) 32)~ 11,((((((28) 27) 25) 24) 14) 12,((((((30,31)~ 29) 27) 25) 24) 34) 32)~ 11)+ 11,(((((26) 25) 24) 14) 12) 11)+ 11,((((36,(37,37)+ 37)~ 35) 34) 32) 11)+ 11,((((((((((28,(31,30)~ 29)~ 27) 25) 24) 14) 12,(((((28,(31,30)~ 29)~ 27) 25) 24) 34) 32)~ 11,(((((26) 25) 24) 14) 12) 11)+ 11,(((((17,18)~ 16,((22) 20,23)~ 19)~ 15) 14) 12) 11)+ 11,(((13,13)+ 13) 12) 11)+ 11,((33) 32) 11)+ 11)+ 11,(39,40)~ 38)~ 10) 8)+ 8,7)~ 6)~ 0
&t ((((7,7)+ 7,(9) 8)~ 6,((((39,40)~ 38,(((((((((28,(31,30)~ 29)~ 27) 25) 24) 14) 12,(((((28,(31,30)~ 29)~ 27) 25) 24) 34) 32)~ 11,(((((26) 25) 24) 14) 12) 11)+ 11,((((37) 35) 34) 32) 11)+ 11,(((((((((((28,(30,31)~ 29)~ 27) 25) 24) 14) 12,((((((30,31)~ 29) 27) 25) 24) 34) 32)~ 11,((((((28) 27) 25) 24) 14) 12) 11)+ 11,(((((26) 25) 24) 14) 12) 11)+ 11,(((13,13)+ 13) 12) 11)+ 11,(((((17,18)~ 16,((22,21)~ 20,(23,23)+ 23)~ 19)~ 15) 14) 12) 11)+ 11,((33) 32) 11)+ 11)+ 11)~ 10) 8) 6)+ 6,((5,4)~ 3,2)~ 1)~ 0
&t (((7,7)+ 7,(((((((((9,((((((((31) 29) 27) 25) 24) 14) 12,((((((30) 29) 27) 25) 24) 34) 32)~ 11) 10)~ 8,((((((((28) 27) 25) 24) 14) 12,((((((31,30)~ 29) 27) 25) 24) 34) 32)~ 11) 10) 8)+ 8,(((((((26) 25) 24) 14) 12) 11) 10) 8)+ 8,((((13) 12) 11) 10) 8)+ 8,(((((((17) 16,(23,(21,22)~ 20)~ 19)~ 15) 14) 12) 11) 10) 8)+ 8,(((40,39)~ 38) 10) 8)+ 8,((((33) 32) 11) 10) 8)+ 8,((((((36,37)~ 35) 34) 32) 11) 10) 8)+ 8,((((((((((((28) 27) 25) 24) 14) 12,(((((28) 27) 25) 24) 34) 32)~ 11,(((((((30) 29) 27) 25) 24) 14) 12) 11)+ 11,(((((((31) 29) 27) 25) 24) 14) 12) 11)+ 11,((((((28) 27) 25) 24) 14) 12,((((((31,30)~ 29) 27) 25) 24) 34) 32)~ 11)+ 11,(((((26) 25) 24) 14) 12) 11)+ 11) 10) 8)+ 8)~ 6) 0
&t ((7,(((39,40)~ 38,(((((((((26) 25) 24) 14) 12,((((26) 25) 24) 34) 32)~ 11,((((((28,(31,30)~ 29)~ 27) 25) 24) 14) 12,(((((28,(31,30)~ 29)~ 27) 25) 24) 34) 32)~ 11)+ 11,((((36,37)~ 35) 34) 32) 11)+ 11,((((((((28,(31,30)~ 29)~ 27) 25) 24) 14) 12,(((((28,(31,30)~ 29)~ 27) 25) 24) 34) 32)~ 11,(((((23,(21,22)~ 20)~ 19,(18,17)~ 16)~ 15) 14) 12) 11)+ 11,(((13,13)+ 13) 12) 11)+ 11)+ 11,((33) 32) 11)+ 11)~ 10) 8)~ 6,(((5,(4,4)+ 4)~ 3,(5,4)~ 3)+ 3,2)~ 1)~ 0
&t (((9,((39,40)~ 38,((((((((((((28) 27) 25) 24) 14) 12,((((((30,31)~ 29) 27) 25) 24) 34) 32)~ 11,((((((28,(31,30)~ 29)~ 27) 25) 24) 14) 12,(((((28,(31,30)~ 29)~ 27) 25) 24) 34) 32)~ 11)+ 11,(((((26) 25) 24) 14) 12) 11)+ 11,((((((22,21)~ 20) 19,(18,17)~ 16)~ 15) 14) 12) 11)+ 11,((13) 12) 11)+ 11,(((((((28,(30,31)~ 29)~ 27) 25) 24) 14) 12,(((((28,(31,30)~ 29)~ 27) 25) 24) 34) 32)~ 11,(((((26) 25) 24) 14) 12) 11)+ 11)+ 11,((((37,36)~ 35) 34) 32) 11)+ 11)~ 10)~ 8) 6,(((4,5)~ 3,(5,4)~ 3)+ 3) 1)~ 0
&t (((9,((40,39)~ 38,((((((((26) 25) 24) 14) 12,((((26) 25) 24) 34) 32)~ 11,((((((28,(31,30)~ 29)~ 27) 25) 24) 14) 12,(((((28,(30,31)~ 29)~ 27) 25) 24) 34) 32)~ 11)+ 11,(((((17,18)~ 16,((22,21)~ 20) 19)~ 15) 14) 12) 11)+ 11,(((((((28,(31,30)~ 29)~ 27) 25) 24) 14) 12,(((((28,(31,30)~ 29)~ 27) 25) 24) 34) 32)~ 11,((33,((36) 35) 34)~ 32) 11)+ 11)+ 11)~ 10)~ 8) 6,((((4,5)~ 3,(5) 3)+ 3,(5,4)~ 3)+ 3,2)~ 1)~ 0
&t (((((2,((4,5)~ 3,(5,4)~ 3)+ 3)~ 1,(((9,9)+ 9) 8) 6)~ 0,(((((40,39)~ 38) 10) 8) 6) 0)+ 0,((((((((((((((18,17)~ 16,(18,17)~ 16)+ 16) 15) 14) 12) 11) 10) 8) 6,(((5,4)~ 3,(4,5)~ 3)+ 3) 1)~ 0,(((((((((26) 25) 24) 14) 12,(((((28,(30,31)~ 29)~ 27) 25) 24) 34) 32)~ 11) 10) 8) 6) 0)+ 0,((((((((((((28,(30,31)~ 29)~ 27) 25) 24) 14) 12,(((((28,(31,30)~ 29)~ 27) 25) 24) 34) 32)~ 11,(((((26) 25) 24) 14) 12) 11)+ 11,((33) 32) 11)+ 11) 10) 8) 6) 0)+ 0,((((((13) 12) 11) 10) 8) 6) 0)+ 0,((((((((37,36)~ 35) 34) 32) 11) 10) 8) 6) 0)+ 0)+ 0,((7) 6) 0)+ 0
&t ((7,(9,((((((((((28,(30) 29)~ 27) 25) 24) 14) 12,(((((28,(30,31)~ 29)~ 27) 25) 24) 34) 32)~ 11,(((((26) 25) 24) 14) 12) 11)+ 11,((((36,37)~ 35) 34) 32) 11)+ 11,(((((((((28,(31,30)~ 29)~ 27) 25) 24) 14) 12,(((((28,(31,30)~ 29)~ 27) 25) 24) 34) 32)~ 11,(((((26) 25) 24) 14) 12) 11)+ 11,((13) 12) 11)+ 11,(((33,33)+ 33) 32) 11)+ 11)+ 11) 10)~ 8)~ 6,((((5,4)~ 3,(4,5)~ 3)+ 3,2)~ 1,(2) 1)+ 1)~ 0
&t ((2) 1,((9,((((((40,39)~ 38,((((((((((28) 27) 25) 24) 14) 12,((((((30,31)~ 29) 27) 25) 24) 34) 32)~ 11,(((((((31) 29) 27) 25) 24) 14) 12,(((((28,(30) 29)~ 27) 25) 24) 34) 32)~ 11)+ 11,((((((21,22)~ 20,(23,23)+ 23)~ 19) 15) 14) 12) 11)+ 11,(((((18,17)~ 16) 15) 14) 12) 11)+ 11,((13) 12) 11)+ 11)~ 10,((((((26,(28,(30,31)~ 29)~ 27)~ 25) 24) 14) 12,(((((28,(30,31)~ 29)~ 27) 25) 24) 34) 32)~ 11) 10)+ 10,((((((((((28,(31,30)~ 29)~ 27) 25) 24) 14) 12,(((((28,(30,31)~ 29)~ 27) 25) 24) 34) 32)~ 11,(((((26) 25) 24) 14) 12) 11)+ 11,((((36,37)~ 35) 34) 32) 11)+ 11,((((36,37)~ 35) 34) 32) 11)+ 11) 10)+ 10,(((33) 32) 11) 10)+ 10,(((33) 32) 11) 10)+ 10)~ 8) 6)~ 0
&t ((7,(9,(((((((((((28,(31,30)~ 29)~ 27) 25) 24) 14) 12,(((((28,(31,30)~ 29)~ 27) 25) 24) 34) 32)~ 11,((((((28) 27) 25) 24) 14) 12) 11)+ 11,(40,39)~ 38)~ 10,((((33) 32,((((17) 16) 15) 14) 12)~ 11,(((((((((28,(31,30)~ 29)~ 27) 25) 24) 14) 12,(((((28,(30,31)~ 29)~ 27) 25) 24) 34) 32)~ 11,(((((26) 25) 24) 14) 12) 11)+ 11,((13) 12) 11)+ 11,((((((23,23)+ 23) 19) 15) 14) 12) 11)+ 11)+ 11) 10)+ 10,(((((36,37)~ 35) 34) 32) 11) 10)+ 10,((((((((((31,30)~ 29) 27) 25) 24) 14) 12,(((((28,(30,31)~ 29)~ 27) 25) 24) 34) 32)~ 11,(((((26) 25) 24) 14) 12) 11)+ 11,(((((37,36)~ 35,(36) 35)+ 35) 34) 32) 11)+ 11) 10)+ 10)~ 8)~ 6,(((2,((5,4)~ 3,(4,5)~ 3)+ 3)~ 1,(2) 1)+ 1,(((5,4)~ 3,((4,5)~ 3,(4,5)~ 3)+ 3)+ 3) 1)+ 1)~ 0
&t ((((4,5)~ 3,(4,5)~ 3)+ 3) 1,((((((39,40)~ 38,(39) 38)+ 38,(40) 38)+ 38,((((((((26) 25) 24) 14) 12,(((((28,(30,31)~ 29)~ 27) 25) 24) 34) 32)~ 11,((((((((((28,(30,31)~ 29)~ 27) 25) 24) 14) 12,(((((28,(31,30)~ 29)~ 27) 25) 24) 34) 32)~ 11,(((((((28,(31,30)~ 29)~ 27) 25) 24) 14) 12,(((((28,(31,30)~ 29)~ 27) 25) 24) 34) 32)~ 11,(((((26) 25) 24) 14) 12) 11)+ 11)+ 11,((((((21,22)~ 20) 19,(17,18)~ 16)~ 15) 14) 12) 11)+ 11,((13) 12) 11)+ 11,((((37,36)~ 35) 34) 32) 11)+ 11)+ 11,(((((((28,(30,31)~ 29)~ 27) 25) 24) 14) 12,(((((28,(31,30)~ 29)~ 27) 25) 24) 34) 32)~ 11,(((((26) 25) 24) 14) 12) 11)+ 11)+ 11,((33) 32) 11)+ 11)~ 10,(9,9)+ 9)~ 8) 6)~ 0
&t ((7) 6,(2,((4,5)~ 3,(5,4)~ 3)+ 3)~ 1)~ 0
&t (((9,((((((((((28,(30,31)~ 29)~ 27) 25) 24) 14) 12,(((((28,(30,31)~ 29)~ 27) 25) 24) 34) 32)~ 11,(((((26) 25) 24) 14) 12) 11)+ 11,((((36,37)~ 35) 34) 32) 11)+ 11,(((33,33)+ 33) 32) 11)+ 11,(39,40)~ 38)~ 10)~ 8,(7,7)+ 7)~ 6,(((5,4)~ 3,(4,5)~ 3)+ 3,2)~ 1)~ 0
&t (((7,(9,((40,39)~ 38) 10)~ 8)~ 6,((((((((((((((28,(31,30)~ 29)~ 27) 25) 24) 14) 12,(((((28,(31,30)~ 29)~ 27) 25) 24) 34) 32)~ 11,((((((28,(30,31)~ 29)~ 27) 25) 24) 14) 12,(((((28,(30,31)~ 29)~ 27) 25) 24) 34) 32)~ 11)+ 11,(((((26) 25) 24) 14) 12) 11)+ 11,(((((23,((22,21)~ 20,(22,21)~ 20)+ 20)~ 19,((17,18)~ 16,(18) 16)+ 16)~ 15) 14) 12) 11)+ 11,((13) 12) 11)+ 11,(((((((((((31) 29) 27) 25) 24) 14) 12,((((((30) 29,28)~ 27) 25) 24) 34) 32)~ 11,((((((28) 27) 25) 24) 14) 12,((((((30,31)~ 29) 27) 25) 24) 34) 32)~ 11)+ 11,(((((26) 25) 24) 14) 12) 11)+ 11,((((36,37)~ 35) 34) 32) 11)+ 11,(((33,33)+ 33) 32) 11)+ 11)+ 11) 10) 8) 6)+ 6,(((5,4)~ 3,2)~ 1,((5,4)~ 3) 1)+ 1)~ 0
&t ((2,((5,4)~ 3,(5,4)~ 3)+ 3)~ 1,((((9,((((((((((28) 27) 25) 24) 14) 12,((((((30,31)~ 29) 27) 25) 24) 34) 32)~ 11,(((((26) 25) 24) 14) 12,((((26) 25) 24) 34) 32)~ 11)+ 11,((33) 32) 11)+ 11,((((37,36)~ 35) 34) 32) 11)+ 11,(40,39)~ 38)~ 10)~ 8,7)~ 6,((7,7)+ 7) 6)+ 6,((((39,40)~ 38,(((((((((((28,(30,31)~ 29)~ 27) 25) 24) 14) 12,(((((28,(31,30)~ 29)~ 27) 25) 24) 34) 32)~ 11,(((((26) 25) 24) 14) 12) 11)+ 11,((13) 12) 11)+ 11,(((((18) 16,(23,(21,22)~ 20)~ 19)~ 15) 14) 12) 11)+ 11,(((((26,(28,(30,31)~ 29)~ 27)~ 25) 24) 14) 12,(((37,36)~ 35) 34) 32)~ 11)+ 11,((33) 32) 11)+ 11)~ 10) 8) 6)+ 6)~ 0
&t ((2,((4,5)~ 3,(5,4)~ 3)+ 3)~ 1,((7,(((39,40)~ 38,((((((((((28,(30,31)~ 29)~ 27) 25) 24) 14) 12,(((((28,(30,31)~ 29)~ 27) 25) 24) 34) 32)~ 11,(((((26) 25) 24) 14) 12) 11)+ 11,((((37,36)~ 35) 34) 32) 11)+ 11,(((33,33)+ 33) 32) 11)+ 11,(((((((((28) 27) 25) 24) 14) 12,((((((30,31)~ 29) 27) 25) 24) 34) 32)~ 11,(((((((28) 27) 25) 24) 14) 12,(((((28,(30,31)~ 29)~ 27) 25) 24) 34) 32)~ 11,(((((((30) 29) 27) 25) 24) 14) 12,((((((31) 29) 27) 25) 24) 34) 32)~ 11)+ 11)+ 11,(((((26) 25) 24) 14) 12) 11)+ 11,((13,(((23) 19,((17,(18,18)+ 18)~ 16,(18,17)~ 16)+ 16)~ 15) 14)~ 12) 11)+ 11)+ 11)~ 10) 8)~ 6,((((((((((((30,31)~ 29,28)~ 27) 25) 24) 14) 12,(((((28,(30,31)~ 29)~ 27) 25) 24) 34) 32)~ 11,(((((26) 25) 24) 14) 12) 11)+ 11,(((((((((28,(30,31)~ 29)~ 27) 25) 24) 14) 12,(((((28,(30,31)~ 29)~ 27) 25) 24) 34) 32)~ 11,(((((26) 25) 24) 14) 12) 11)+ 11,(((((17,18)~ 16,((21) 20,(23,23)+ 23)~ 19)~ 15) 14) 12) 11)+ 11,((13) 12) 11)+ 11)+ 11) 10) 8) 6)+ 6)~ 0
&t ((7,(9,((39,40)~ 38,(((((((26) 25) 24) 14) 12,(((36,37)~ 35) 34) 32)~ 11,(((33,33)+ 33) 32) 11)+ 11,(((((((((28,(30,31)~ 29)~ 27) 25) 24) 14) 12,(((((28,(31,30)~ 29)~ 27) 25) 24) 34) 32)~ 11,(((((26) 25) 24) 14) 12) 11)+ 11,((((((23) 19,(17,18)~ 16)~ 15,(((22,21)~ 20) 19) 15)+ 15) 14) 12) 11)+ 11,(((13,13)+ 13) 12) 11)+ 11)+ 11)~ 10)~ 8)~ 6,(((4,5)~ 3,(4,5)~ 3)+ 3,2)~ 1)~ 0
&t (((((5,4)~ 3,(4,5)~ 3)+ 3) 1,(7,((((((((((((((26) 25) 24) 14) 12,((((26) 25) 24) 34) 32)~ 11,(((((((28) 27) 25) 24) 14) 12,((((((30,31)~ 29) 27) 25) 24) 34) 32)~ 11,((((((((28,(30,31)~ 29)~ 27) 25) 24) 14) 12,((((((31,30)~ 29) 27) 25) 24) 34) 32)~ 11,((((((28) 27) 25) 24) 14) 12) 11)+ 11,((((((28) 27) 25) 24) 14) 12,((((((30,31)~ 29) 27) 25) 24) 34) 32)~ 11)+ 11)+ 11)+ 11,((((((23) 19,(17,18)~ 16)~ 15,(((21,22)~ 20) 19) 15)+ 15) 14) 12) 11)+ 11,(((((((28,(31,30)~ 29)~ 27) 25) 24) 14) 12,(((((28,(30,31)~ 29)~ 27) 25) 24) 34) 32)~ 11,(((((26) 25) 24) 14) 12) 11)+ 11)+ 11,(40,39)~ 38)~ 10,(((33) 32) 11) 10)+ 10,(((((36,37)~ 35) 34) 32) 11) 10)+ 10,(((33) 32) 11) 10)+ 10,((((((33) 32) 11,(40,39)~ 38)~ 10,((((((((26) 25) 24) 14) 12,(((37) 35) 34) 32)~ 11,((((((28,(31,30)~ 29)~ 27) 25) 24) 14) 12,(((((28,(31,30)~ 29)~ 27) 25) 24) 34) 32)~ 11)+ 11,(((((((((28) 27) 25) 24) 14) 12,((((((31,30)~ 29) 27) 25) 24) 34) 32)~ 11,((((((((31) 29) 27) 25) 24) 14) 12,((((((30) 29) 27) 25) 24) 34) 32)~ 11,((((((28) 27) 25) 24) 14) 12,(((((28) 27) 25) 24) 34) 32)~ 11)+ 11)+ 11,(((((26) 25) 24) 34) 32,(((((18,17)~ 16,(17,18)~ 16)+ 16,(23,(22,21)~ 20)~ 19)~ 15) 14) 12)~ 11)+ 11,((13) 12) 11)+ 11)+ 11) 10)+ 10,((39,(40,40)+ 40)~ 38) 10)+ 10,(((39,40)~ 38,((((((((((((30) 29) 27) 25) 24) 14) 12,((((((31) 29,28)~ 27) 25) 24) 34) 32)~ 11,((((((28) 27) 25) 24) 14) 12,((((((31,30)~ 29) 27) 25) 24) 34) 32)~ 11)+ 11,(((((26) 25) 24) 34) 32,((((23) 19,((17,18)~ 16,(18,17)~ 16)+ 16)~ 15) 14) 12)~ 11)+ 11,((((((21,22)~ 20) 19) 15) 14) 12) 11)+ 11,((13) 12) 11)+ 11,(((((37,36)~ 35) 34) 32,((((26,(28,(30,31)~ 29)~ 27)~ 25) 24) 14) 12)~ 11,((33) 32) 11)+ 11)+ 11)~ 10,((40,39)~ 38,(((((((((((((31) 29) 27) 25) 24) 14) 12,((((((30) 29,28)~ 27) 25) 24) 34) 32)~ 11,((((((28) 27) 25) 24) 14) 12,((((((30,31)~ 29) 27) 25) 24) 34) 32)~ 11)+ 11,(((((26) 25) 24) 14) 12) 11)+ 11,(((((23) 19) 15) 14) 12) 11)+ 11,(((((((22,21)~ 20,(21,22)~ 20)+ 20) 19,(17,18)~ 16)~ 15) 14) 12) 11)+ 11,((13) 12) 11)+ 11,(((((((((28,(30,31)~ 29)~ 27) 25) 24) 14) 12,(((((28,(31,30)~ 29)~ 27) 25) 24) 34) 32)~ 11,(((((26) 25) 24) 14) 12,((((26) 25) 24) 34) 32)~ 11)+ 11,(((((((((28,(31,30)~ 29)~ 27) 25) 24) 14) 12,(((((28,(31,30)~ 29)~ 27) 25) 24) 34) 32)~ 11,(((((26) 25) 24) 14) 12) 11)+ 11,((((36) 35) 34) 32) 11)+ 11,((((37) 35) 34) 32) 11)+ 11)+ 11,((33) 32) 11)+ 11)+ 11)~ 10)+ 10)+ 10)+ 10) 8)~ 6)~ 0,((((((((33) 32) 11,(40,39)~ 38)~ 10,(((((((((26) 25) 24) 14) 12,((((26) 25) 24) 34) 32)~ 11,(((((26) 25) 24) 14) 12) 11)+ 11,((((((28,(30,31)~ 29)~ 27) 25) 24) 14) 12,((((((30,31)~ 29) 27) 25) 24) 34) 32)~ 11)+ 11,((((((28) 27) 25) 24) 14) 12) 11)+ 11) 10)+ 10,(((((((((((28) 27) 25) 24) 14) 12,((((((30,31)~ 29) 27) 25) 24) 34) 32)~ 11,(((((((31) 29) 27) 25) 24) 14) 12,(((((28,(30) 29)~ 27) 25) 24) 34) 32)~ 11)+ 11,(((((26) 25) 24) 14) 12) 11)+ 11,((13) 12) 11)+ 11,((((37,36)~ 35) 34) 32) 11)+ 11) 10)+ 10,9)~ 8,7)~ 6,(2) 1)~ 0)+ 0
&t ((((4,5)~ 3,((4,5)~ 3,(5,4)~ 3)+ 3)+ 3,2)~ 1,(7,(9,((((40,39)~ 38,(40,39)~ 38)+ 38,(((((((((28,(30,31)~ 29)~ 27) 25) 24) 14) 12,(((((28,(30,31)~ 29)~ 27) 25) 24) 34) 32)~ 11,(((((26) 25) 24) 14) 12) 11)+ 11,((((37) 35) 34) 32) 11)+ 11,((((((((((28,(31,30)~ 29)~ 27) 25) 24) 14) 12,((((((31) 29,28)~ 27) 25) 24) 34) 32)~ 11,(((((26) 25) 24) 14) 12) 11)+ 11,(((((17,18)~ 16) 15) 14) 12) 11)+ 11,((13) 12) 11)+ 11,((33) 32) 11)+ 11)+ 11)~ 10,(((((((((((28,(31,30)~ 29)~ 27) 25) 24) 14) 12,(((((28,(30,31)~ 29)~ 27) 25) 24) 34) 32)~ 11,(((((26) 25) 24) 14) 12) 11)+ 11,(((((((22,21)~ 20,(21,22)~ 20)+ 20) 19,(17,18)~ 16)~ 15) 14) 12) 11)+ 11,((13) 12) 11)+ 11,(((((((((28) 27) 25) 24) 14) 12,((((((30,31)~ 29) 27) 25) 24) 34) 32)~ 11,(((((((((30) 29) 27) 25) 24) 14) 12,((((((30) 29) 27) 25) 24) 34) 32)~ 11,(((((((31) 29) 27) 25) 24) 14) 12) 11)+ 11,((((((28) 27) 25) 24) 14) 12) 11)+ 11)+ 11,(((((26) 25) 24) 14) 12) 11)+ 11,((((37,36)~ 35) 34) 32) 11)+ 11)+ 11) 10)+ 10)~ 8)~ 6)~ 0
&t ((7,(((((39,40)~ 38,(39) 38)+ 38,(40) 38)+ 38,(((((((((28,(30) 29)~ 27) 25) 24) 14) 12,(((((28,(30,31)~ 29)~ 27) 25) 24) 34) 32)~ 11,((((37,36)~ 35) 34) 32) 11)+ 11,((((33,(33,33)+ 33)+ 33,33)+ 33) 32) 11)+ 11,(((((((((28,(30,31)~ 29)~ 27) 25) 24) 14) 12,(((((28,(31,30)~ 29)~ 27) 25) 24) 34) 32)~ 11,(((((26) 25) 24) 14) 12) 11)+ 11,(((((17,18)~ 16,(23,((21,22)~ 20,(21,22)~ 20)+ 20)~ 19)~ 15) 14) 12) 11)+ 11,((13) 12) 11)+ 11)+ 11)~ 10) 8)~ 6) 0
&t (((7,(((39) 38,(((((((((28,(31,30)~ 29)~ 27) 25) 24) 14) 12,(((((28,(30,31)~ 29)~ 27) 25) 24) 34) 32)~ 11,(((((26) 25) 24) 14) 12) 11)+ 11,((33) 32) 11)+ 11,((((37,36)~ 35) 34) 32) 11)+ 11)~ 10) 8)~ 6,((9) 8) 6)+ 6,((2,2)+ 2,((((5,4)~ 3,(5) 3)+ 3,(4) 3)+ 3,((4,5)~ 3,(5,4)~ 3)+ 3)+ 3)~ 1)~ 0
&t ((7,((9,9)+ 9,((39,40)~ 38,((((((((((((31,30)~ 29) 27) 25) 24) 14) 12,(((((28,(30,31)~ 29)~ 27) 25) 24) 34) 32)~ 11,((((((28) 27) 25) 24) 14) 12) 11)+ 11,(((((26) 25) 24) 14) 12) 11)+ 11,((((36,37)~ 35) 34) 32) 11)+ 11,((33) 32) 11)+ 11,(((((((((28,(30,31)~ 29)~ 27) 25) 24) 14) 12,(((((28,(30,31)~ 29)~ 27) 25) 24) 34) 32)~ 11,(((((26) 25) 24) 14) 12) 11)+ 11,(((((23,(21,(22,22)+ 22)~ 20)~ 19) 15) 14) 12) 11)+ 11,(((((17,18)~ 16) 15) 14,13)~ 12) 11)+ 11)+ 11)~ 10)~ 8)~ 6) 0
&t ((2,((5,(4,4)+ 4)~ 3,(4,5)~ 3)+ 3)~ 1,((((39,40)~ 38,(((((((((((28) 27) 25) 24) 14) 12,((((((31,30)~ 29) 27) 25) 24) 34) 32)~ 11,((((((((30,31)~ 29) 27) 25) 24) 14) 12,(((((28,(30,31)~ 29)~ 27) 25) 24) 34) 32)~ 11,((((((28) 27) 25) 24) 14) 12) 11)+ 11)+ 11,(((((26) 25) 24) 14) 12) 11)+ 11,((((((36,37)~ 35,(36) 35)+ 35,(37) 35)+ 35) 34) 32) 11)+ 11,(((33,33)+ 33) 32) 11)+ 11,(((((((((28,(31,30)~ 29)~ 27) 25) 24) 14) 12,(((((28,(30,31)~ 29)~ 27) 25) 24) 34) 32)~ 11,(((((26) 25) 24) 14) 12) 11)+ 11,((((((17,18)~ 16,(23,((22,21)~ 20,(22,21)~ 20)+ 20)~ 19)~ 15,((18,17)~ 16,(23,(22,21)~ 20)~ 19)~ 15)+ 15) 14) 12) 11)+ 11,((13) 12) 11)+ 11)+ 11)~ 10) 8,7)~ 6)~ 0
&t (((7,7)+ 7,((9,9)+ 9,((((((39,40)~ 38,(((((((((28,(31,30)~ 29)~ 27) 25) 24) 14) 12,(((((28,(31,30)~ 29)~ 27) 25) 24) 34) 32)~ 11,(((((26) 25) 24) 14) 12) 11)+ 11,((((((21,22)~ 20) 19) 15) 14) 12) 11)+ 11,((13) 12) 11)+ 11)~ 10,(((33) 32) 11) 10)+ 10,(((((((26) 25) 24) 14) 12,((((26) 25) 24) 34) 32)~ 11,((((((28,(30,31)~ 29)~ 27) 25) 24) 14) 12,(((((28,(30,31)~ 29)~ 27) 25) 24) 34) 32)~ 11)+ 11) 10)+ 10,(((((37,36)~ 35) 34) 32) 11) 10)+ 10,((((((((((28,(31,30)~ 29)~ 27) 25) 24) 14) 12,(((((28,(30,31)~ 29)~ 27) 25) 24) 34) 32)~ 11,(((((26) 25) 24) 14) 12) 11)+ 11,((13,(((18) 16,(23,(22,21)~ 20)~ 19)~ 15) 14)~ 12) 11)+ 11,((((((((((28,(30,31)~ 29)~ 27) 25) 24) 14) 12,(((((28,(31,30)~ 29)~ 27) 25) 24) 34) 32)~ 11,(((((26) 25) 24) 14) 12) 11)+ 11,(((((((((((30) 29) 27) 25) 24) 14) 12,((((((31,30)~ 29) 27) 25) 24) 34) 32)~ 11,((((((28) 27) 25) 24) 14) 12) 11)+ 11,((((((28) 27) 25) 24) 14) 12,((((((30,31)~ 29) 27) 25) 24) 34) 32)~ 11)+ 11,((((((((31) 29) 27) 25) 24) 14) 12,((((((30) 29) 27) 25) 24) 34) 32)~ 11,((((((28,(30,31)~ 29)~ 27) 25) 24) 14) 12,(((((28,(30,31)~ 29)~ 27) 25) 24) 34) 32)~ 11)+ 11)+ 11,(((((26) 25) 24) 14) 12) 11)+ 11)+ 11,(((((36,37)~ 35,(37,36)~ 35)+ 35) 34) 32) 11)+ 11,((33) 32) 11)+ 11)+ 11) 10)+ 10)~ 8)~ 6,(((4,5)~ 3,(4,5)~ 3)+ 3,2)~ 1)~ 0
&t ((2,((4,5)~ 3,(5,4)~ 3)+ 3)~ 1,((7,(9) 8)~ 6,((((((((((((31,30)~ 29,28)~ 27) 25) 24) 34) 32,((13,13)+ 13,(((26) 25) 24,((17,18)~ 16,(23,(21,22)~ 20)~ 19)~ 15)~ 14)~ 12)~ 11,(40,39)~ 38)~ 10,(((33) 32) 11) 10)+ 10,(((((37) 35) 34) 32) 11) 10)+ 10) 8) 6)+ 6)~ 0
&t (((9,((((((((((((28,(30,31)~ 29)~ 27) 25) 24) 14) 12,(((((28,(30,31)~ 29)~ 27) 25) 24) 34) 32)~ 11,(((((26) 25) 24) 14) 12) 11)+ 11,((13,((((23) 19,(18,17)~ 16)~ 15,(((21,22)~ 20) 19) 15)+ 15) 14)~ 12) 11)+ 11,((((((((((28) 27) 25) 24) 14) 12,((((((30,31)~ 29) 27) 25) 24) 34) 32)~ 11,(((((((((31) 29) 27) 25) 24) 14) 12,((((((31) 29) 27) 25) 24) 34) 32)~ 11,(((((((30) 29) 27) 25) 24) 14) 12) 11)+ 11,((((((28) 27) 25) 24) 14) 12) 11)+ 11)+ 11,(((((26) 25) 24) 14) 12) 11)+ 11,(((((23,(22,21)~ 20)~ 19) 15) 14) 12) 11)+ 11,(((13,13)+ 13) 12) 11)+ 11)+ 11,((((((((((28,(31,30)~ 29)~ 27) 25) 24) 14) 12,(((((28,(30,31)~ 29)~ 27) 25) 24) 34) 32)~ 11,((((((28) 27) 25) 24) 14) 12,((((((31,30)~ 29) 27) 25) 24) 34) 32)~ 11)+ 11,(((((26) 25) 24) 14) 12) 11)+ 11,((((37,(36,36)+ 36)~ 35) 34) 32) 11)+ 11,((((37,36)~ 35) 34) 32) 11)+ 11)+ 11,((33) 32) 11)+ 11) 10)~ 8) 6,((2,((5,4)~ 3,(5,4)~ 3)+ 3)~ 1,(2,(((5,4)~ 3,(4,5)~ 3)+ 3,((5,4)~ 3,(4,5)~ 3)+ 3)+ 3)~ 1)+ 1)~ 0
&t ((7,((((40,39)~ 38) 10,9)~ 8,(((((((13) 12,((((26,(28,(31,30)~ 29)~ 27)~ 25) 24) 34) 32)~ 11,(((((17,(18,18)+ 18)~ 16,(((23,(21,22)~ 20)~ 19,(23) 19)+ 19,(((21,22)~ 20,(21,22)~ 20)+ 20) 19)+ 19)~ 15) 14) 12) 11)+ 11,(((((((((28,(31,30)~ 29)~ 27) 25) 24) 14) 12,(((((28,(31,30)~ 29)~ 27) 25) 24) 34) 32)~ 11,(((((26) 25) 24) 14) 12) 11)+ 11,(((((26) 25) 24) 14) 12) 11)+ 11,((((37) 35) 34) 32) 11)+ 11)+ 11,(((33,33)+ 33) 32) 11)+ 11) 10) 8)+ 8)~ 6) 0
&t ((2) 1,(((9) 8,7)~ 6,((((((39,40)~ 38,(((33,33)+ 33) 32) 11)~ 10,(((((((((31,30)~ 29,28)~ 27) 25) 24) 14) 12,(((((28,(31,30)~ 29)~ 27) 25) 24) 34) 32)~ 11,(((((26) 25) 24) 14) 12) 11)+ 11) 10)+ 10,(((((((((26) 25) 24) 14) 12,(((((28,(30,31)~ 29)~ 27) 25) 24) 34) 32)~ 11,(((((((28,(31,30)~ 29)~ 27) 25) 24) 14) 12,(((((28,(31,30)~ 29)~ 27) 25) 24) 34) 32)~ 11,(((((26) 25) 24) 14) 12) 11)+ 11)+ 11,(((((18,17)~ 16,((23,23)+ 23,(21,22)~ 20)~ 19)~ 15) 14) 12) 11)+ 11,((13) 12) 11)+ 11) 10)+ 10) 8) 6)+ 6)~ 0
&t (((7,((((((((((((28,(30,31)~ 29)~ 27) 25) 24) 14) 12,(((((28,(31,30)~ 29)~ 27) 25) 24) 34) 32)~ 11,(((((26) 25) 24) 14) 12) 11)+ 11,(((((((21,22)~ 20) 19,(17,18)~ 16)~ 15,((23) 19) 15)+ 15) 14) 12) 11)+ 11,((13) 12) 11)+ 11,((33,((37,(36,36)+ 36)~ 35) 34)~ 32) 11)+ 11,((40,39)~ 38,((40,39)~ 38,((39,(40,40)+ 40)~ 38,(40,39)~ 38)+ 38)+ 38)+ 38)~ 10) 8)~ 6,((9) 8) 6)+ 6,(((5,4)~ 3,(4,5)~ 3)+ 3,2)~ 1)~ 0
&t ((7,(9,((39,40)~ 38,((((((((((28,(30,31)~ 29)~ 27) 25) 24) 14) 12,(((((28,(30,31)~ 29)~ 27) 25) 24) 34) 32)~ 11,(((((26) 25) 24) 14) 12) 11)+ 11,((((36,37)~ 35) 34) 32) 11)+ 11,((33) 32) 11)+ 11,(((((((((28) 27) 25) 24) 14) 12,((((((30,31)~ 29) 27) 25) 24) 34) 32)~ 11,(((((((((31) 29) 27) 25) 24) 14) 12,((((((31) 29) 27) 25) 24) 34) 32)~ 11,(((((((30) 29) 27) 25) 24) 14) 12) 11)+ 11,((((((28) 27) 25) 24) 14) 12) 11)+ 11)+ 11,(((((26) 25) 24) 14) 12) 11)+ 11,(((((18,17)~ 16,(23,(22,21)~ 20)~ 19)~ 15) 14) 12) 11)+ 11)+ 11)~ 10)~ 8)~ 6,(((4,5)~ 3,(5,4)~ 3)+ 3,2)~ 1)~ 0
&t ((2,((5,4)~ 3,(4,5)~ 3)+ 3)~ 1,(7,(9,((((33) 32) 11,(40,39)~ 38)~ 10,(((((((((((31,30)~ 29) 27) 25) 24) 14) 12,(((((28,(31,30)~ 29)~ 27) 25) 24) 34) 32)~ 11,((((((28,(31,30)~ 29)~ 27) 25) 24) 14) 12,(((((28,(30,31)~ 29)~ 27) 25) 24) 34) 32)~ 11)+ 11,(((((26) 25) 24) 14) 12,((((26) 25) 24) 34) 32)~ 11)+ 11,((((((((((28) 27) 25) 24) 14) 12,((((((31,30)~ 29) 27) 25) 24) 34) 32)~ 11,(((((((28,(31,30)~ 29)~ 27) 25) 24) 14) 12,(((((28,(30,31)~ 29)~ 27) 25) 24) 34) 32)~ 11,((((((28,(31,30)~ 29)~ 27) 25) 24) 14) 12,(((((28,(31,30)~ 29)~ 27) 25) 24) 34) 32)~ 11)+ 11)+ 11,((13) 12) 11)+ 11,(((((18,17)~ 16,(23,(22,21)~ 20)~ 19)~ 15) 14) 12) 11)+ 11,((((37,36)~ 35) 34) 32) 11)+ 11)+ 11) 10)+ 10)~ 8)~ 6)~ 0
&t ((7,((((9,9)+ 9,((40,39)~ 38) 10)~ 8,(((40,39)~ 38) 10) 8)+ 8,((((((((((26,(28,(30,31)~ 29)~ 27)~ 25) 24) 34) 32,((((((21,22)~ 20) 19,(((17,18)~ 16,(17) 16)+ 16,(18) 16)+ 16)~ 15,((23) 19) 15)+ 15) 14) 12)~ 11,(((((((((28) 27) 25) 24) 14) 12,((((((30,31)~ 29) 27) 25) 24) 34) 32)~ 11,((((((((((31) 29) 27) 25) 24) 14) 12,((((((31) 29) 27) 25) 24) 34) 32)~ 11,(((((((30) 29) 27) 25) 24) 14) 12) 11)+ 11,((((((28) 27) 25) 24) 14) 12) 11)+ 11,((((((28) 27) 25) 24) 14) 12,((((((31,30)~ 29) 27) 25) 24) 34) 32)~ 11)+ 11)+ 11,(((((26) 25) 24) 14) 12) 11)+ 11,(((((23,(21,22)~ 20)~ 19) 15) 14) 12) 11)+ 11)+ 11,((13) 12) 11)+ 11,((((((((28,(31,30)~ 29)~ 27) 25) 24) 14) 12,(((((28,(31,30)~ 29)~ 27) 25) 24) 34) 32)~ 11,(((((26) 25) 24) 14) 12) 11)+ 11,(((((37,36)~ 35,(36,37)~ 35)+ 35) 34) 32) 11)+ 11)+ 11) 10) 8)+ 8)~ 6,(((5,4)~ 3,(4,5)~ 3)+ 3,2)~ 1)~ 0
&t (((7,(((((((((((26) 25) 24) 14) 12,((((26) 25) 24) 34) 32)~ 11,(((((26) 25) 24) 14) 12) 11)+ 11,((((((((30) 29) 27) 25) 24) 14) 12,((((((31) 29,28)~ 27) 25) 24) 34) 32)~ 11,((((((((30) 29) 27) 25) 24) 14) 12,(((((28,(31,30)~ 29)~ 27) 25) 24) 34) 32)~ 11,(((((((31) 29) 27) 25) 24) 14) 12) 11)+ 11)+ 11)+ 11,((33) 32) 11)+ 11,(((((((((((((31) 29) 27) 25) 24) 14) 12,((((((31,30)~ 29) 27) 25) 24) 34) 32)~ 11,((((((28) 27) 25) 24) 14) 12) 11)+ 11,((((((28) 27) 25) 24) 14) 12,((((((31,30)~ 29) 27) 25) 24) 34) 32)~ 11)+ 11,(((((26) 25) 24) 14) 12) 11)+ 11,(((((23,(21,22)~ 20)~ 19) 15) 14) 12) 11)+ 11,((13) 12) 11)+ 11,((((37,36)~ 35) 34) 32) 11)+ 11)+ 11) 10) 8)~ 6,((((39,(40,40)+ 40)~ 38) 10) 8) 6)+ 6,(((5,4)~ 3,(5,4)~ 3)+ 3,2)~ 1)~ 0
&t ((7,(((((((40,39)~ 38,((((((((((31) 29) 27) 25) 24) 14) 12,(((((28,(30) 29)~ 27) 25) 24) 34) 32)~ 11,(((((((((((31) 29) 27) 25) 24) 14) 12,((((((31) 29) 27) 25) 24) 34) 32)~ 11,(((((((30) 29) 27) 25) 24) 14) 12) 11)+ 11,(((((((30) 29) 27) 25) 24) 14) 12) 11)+ 11,((((((28) 27) 25) 24) 14) 12) 11)+ 11,((((((26) 25) 24) 14) 12,((((26) 25) 24) 34) 32)~ 11,(((((26) 25) 24) 14) 12) 11)+ 11)+ 11)+ 11,((33) 32) 11)+ 11,(((((((((28,(31,30)~ 29)~ 27) 25) 24) 14) 12,(((((28,(31,30)~ 29)~ 27) 25) 24) 34) 32)~ 11,(((((26) 25) 24) 14) 12) 11)+ 11,(((((18,17)~ 16,(23,(22,21)~ 20)~ 19)~ 15) 14) 12) 11)+ 11,((13) 12) 11)+ 11)+ 11)~ 10,(((((((((28,(31,30)~ 29)~ 27) 25) 24) 14) 12,(((((28,(30,31)~ 29)~ 27) 25) 24) 34) 32)~ 11,(((((26) 25) 24) 14) 12) 11)+ 11,((((36,37)~ 35) 34) 32) 11)+ 11) 10)+ 10,(((33) 32) 11) 10)+ 10,(((((((((((28) 27) 25) 24) 14) 12,((((((30,31)~ 29) 27) 25) 24) 34) 32)~ 11,(((((((28) 27) 25) 24) 14) 12,(((((28) 27) 25) 24) 34) 32)~ 11,(((((((31) 29) 27) 25) 24) 14) 12,((((((30) 29) 27) 25) 24) 34) 32)~ 11)+ 11)+ 11,((13) 12) 11)+ 11,(((((26) 25) 24) 14) 12) 11)+ 11,((((((18,17)~ 16,(18) 16)+ 16,((23,23)+ 23,(21,22)~ 20)~ 19)~ 15) 14) 12) 11)+ 11) 10)+ 10,((39,40)~ 38) 10)+ 10) 8)~ 6) 0
&t ((2,((((4,5)~ 3,(4) 3)+ 3,(5) 3)+ 3,(5,4)~ 3)+ 3)~ 1,(((((((((((((((23) 19) 15) 14) 12) 11) 10,9)~ 8,((((((((22,21)~ 20) 19) 15) 14) 12) 11) 10) 8)+ 8,(((((((18,17)~ 16) 15) 14) 12) 11) 10) 8)+ 8,(((((((((28,(31,30)~ 29)~ 27) 25) 24) 14) 12,(((((28,(30,31)~ 29)~ 27) 25) 24) 34) 32)~ 11,(((((26) 25) 24) 14) 12) 11)+ 11) 10) 8)+ 8,((((13) 12) 11) 10) 8)+ 8,(((((((((((28) 27) 25) 24) 14) 12,((((((30,31)~ 29) 27) 25) 24) 34) 32)~ 11,((((((28,(30,31)~ 29)~ 27) 25) 24) 14) 12,(((((28,(30,31)~ 29)~ 27) 25) 24) 34) 32)~ 11)+ 11,(((((26) 25) 24) 14) 12) 11)+ 11,((((36,37)~ 35) 34) 32) 11)+ 11) 10) 8)+ 8,((((33) 32) 11) 10) 8)+ 8,(((39) 38) 10) 8)+ 8,7)~ 6)~ 0
&t ((2) 1,(((((((7,((((13) 12) 11) 10) 8)~ 6,((((((((26) 25) 24) 14) 12) 11) 10) 8) 6)+ 6,(((((((((23) 19,(((18,17)~ 16,(17) 16)+ 16,(18) 16)+ 16)~ 15,(((21,22)~ 20) 19) 15)+ 15) 14) 12) 11) 10) 8) 6)+ 6,(((((((37) 35) 34) 32) 11) 10) 8) 6)+ 6,((((((((((((31,30)~ 29,28)~ 27) 25) 24) 14) 12,(((((28,(31,30)~ 29)~ 27) 25) 24) 34) 32)~ 11,(((((26) 25) 24) 14) 12) 11)+ 11,((33) 32) 11)+ 11) 10) 8) 6)+ 6,((9) 8) 6)+ 6,(7) 6)+ 6)~ 0
&t (((2,((5,4)~ 3,(4,5)~ 3)+ 3)~ 1,(2,(((5,(4,4)+ 4)~ 3,(5,4)~ 3)+ 3,(4,5)~ 3)+ 3)~ 1)+ 1,(((((7,(((((((((((((28,(30,31)~ 29)~ 27) 25) 24) 14) 12,(((((28,(30,31)~ 29)~ 27) 25) 24) 34) 32)~ 11,(((((26) 25) 24) 14) 12) 11)+ 11,((13) 12) 11)+ 11,(((((18,17)~ 16,(23,(22,21)~ 20)~ 19)~ 15) 14) 12) 11)+ 11,((((((((28) 27) 25) 24) 14) 12,(((((28,(30,31)~ 29)~ 27) 25) 24) 34) 32)~ 11,(((((((30) 29) 27) 25) 24) 14) 12,((((((31) 29) 27) 25) 24) 34) 32)~ 11)+ 11,((((37,36)~ 35) 34) 32) 11)+ 11)+ 11,((33) 32) 11)+ 11,(40,39)~ 38)~ 10) 8)~ 6,((9) 8) 6)+ 6,(7) 6)+ 6,(7) 6)+ 6,((((((((((((((31,30)~ 29,28)~ 27) 25) 24) 14) 12,(((((28,(30,31)~ 29)~ 27) 25) 24) 34) 32)~ 11,((13) 12) 11)+ 11,(((((((28,(31,30)~ 29)~ 27) 25) 24) 14) 12,((((((31,30)~ 29) 27) 25) 24) 34) 32)~ 11,(((((26) 25) 24) 14) 12) 11)+ 11)+ 11,((((36,37)~ 35) 34) 32) 11)+ 11,((33) 32) 11)+ 11,(40,39)~ 38)~ 10) 8) 6)+ 6)~ 0
&t ((7,(9,((((((33) 32) 11,(39,40)~ 38)~ 10,(((((((((28,(31,30)~ 29)~ 27) 25) 24) 14) 12,(((((28,(31,30)~ 29)~ 27) 25) 24) 34) 32)~ 11,(((((26) 25) 24) 14) 12) 11)+ 11,((((((23) 19,(18,17)~ 16)~ 15,(((22,21)~ 20) 19) 15)+ 15) 14,(13,13)+ 13)~ 12,((((26) 25) 24) 34) 32)~ 11)+ 11) 10)+ 10,(((((37,36)~ 35) 34) 32) 11) 10)+ 10,(((((((((((((28) 27) 25) 24) 14) 12,((((((31,30)~ 29) 27) 25) 24) 34) 32)~ 11,(((((((28) 27) 25) 24) 14) 12,(((((28) 27) 25) 24) 34) 32)~ 11,(((((((30) 29) 27) 25) 24) 14) 12,((((((31) 29) 27) 25) 24) 34) 32)~ 11)+ 11)+ 11,(((((((((31) 29) 27) 25) 24) 14) 12,((((((30) 29) 27) 25) 24) 34) 32)~ 11,((((((28) 27) 25) 24) 14) 12,(((((28) 27) 25) 24) 34) 32)~ 11)+ 11,((((((28) 27) 25) 24) 14) 12,((((((30,31)~ 29) 27) 25) 24) 34) 32)~ 11)+ 11)+ 11,(((((26) 25) 24) 14) 12) 11)+ 11,((((((23) 19,(17,18)~ 16)~ 15,(((21,22)~ 20) 19) 15)+ 15) 14) 12) 11)+ 11,((13) 12) 11)+ 11,(((((((((28,(30,31)~ 29)~ 27) 25) 24) 14) 12,(((((28,(31,30)~ 29)~ 27) 25) 24) 34) 32)~ 11,(((((26) 25) 24) 14) 12) 11)+ 11,((((((((28,(30,31)~ 29)~ 27) 25) 24) 14) 12,(((((28,(30,31)~ 29)~ 27) 25) 24) 34) 32)~ 11,(((((26) 25) 24) 14) 12) 11)+ 11,(((((26) 25) 24) 14) 12) 11)+ 11)+ 11,((((36) 35) 34) 32) 11)+ 11)+ 11) 10)+ 10)~ 8)~ 6,(((4,5)~ 3,(5,4)~ 3)+ 3,2)~ 1)~ 0
&t ((2,((4,5)~ 3,(5,4)~ 3)+ 3)~ 1,(((((40,39)~ 38,((((((((((((28,(31,30)~ 29)~ 27) 25) 24) 14) 12,(((((28,(30,31)~ 29)~ 27) 25) 24) 34) 32)~ 11,(((((26) 25) 24) 14) 12) 11)+ 11,(((((17,18)~ 16) 15) 14) 12) 11)+ 11,(((((23,(21,22)~ 20)~ 19) 15) 14) 12) 11)+ 11,((13) 12) 11)+ 11,((33) 32) 11)+ 11,((((((((28,(30,31)~ 29)~ 27) 25) 24) 14) 12,(((((28,(30,31)~ 29)~ 27) 25) 24) 34) 32)~ 11,((((((((28,(31,30)~ 29)~ 27) 25) 24) 14) 12,(((((28,(31,30)~ 29)~ 27) 25) 24) 34) 32)~ 11,(((((26) 25) 24) 14) 12) 11)+ 11,(((((((28,(31,30)~ 29)~ 27) 25) 24) 14) 12,(((((28,(30,31)~ 29)~ 27) 25) 24) 34) 32)~ 11,(((((26) 25) 24) 14) 12) 11)+ 11)+ 11)+ 11,((((37,36)~ 35) 34) 32) 11)+ 11)+ 11)~ 10,((((((((((((30,31)~ 29,28)~ 27) 25) 24) 14) 12,(((((28,(31,30)~ 29)~ 27) 25) 24) 34) 32)~ 11,((((37,36)~ 35) 34) 32) 11)+ 11,((33) 32) 11)+ 11,(((((23,(21,22)~ 20)~ 19,(18,17)~ 16)~ 15) 14,(13,13)+ 13)~ 12) 11)+ 11,((((((((((30,31)~ 29) 27) 25) 24) 14) 12,(((((28,(31,30)~ 29)~ 27) 25) 24) 34) 32)~ 11,((((((28) 27) 25) 24) 14) 12) 11)+ 11,(((((26) 25) 24) 14) 12) 11)+ 11,((((((((28,(30,31)~ 29)~ 27) 25) 24) 14) 12,(((((28,(31,30)~ 29)~ 27) 25) 24) 34) 32)~ 11,(((((26) 25) 24) 14) 12) 11)+ 11,(((((18,17)~ 16,(23,(22,21)~ 20)~ 19)~ 15) 14) 12) 11)+ 11)+ 11)+ 11) 10)+ 10) 8) 6)~ 0
&t (((((4,5)~ 3,(5,4)~ 3)+ 3,(2,2)+ 2)~ 1,(2,((4,5)~ 3,(5) 3)+ 3)~ 1)+ 1,(((((((((((((28,(30,31)~ 29)~ 27) 25) 24) 14) 12,(((((28,(30,31)~ 29)~ 27) 25) 24) 34) 32)~ 11,(((((26) 25) 24) 14) 12) 11)+ 11,((((((21,22)~ 20,23)~ 19,(17) 16)~ 15) 14) 12) 11)+ 11,((13) 12) 11)+ 11,((((37,36)~ 35) 34) 32) 11)+ 11,(40,39)~ 38)~ 10,9)~ 8,7)~ 6)~ 0
&t (((4,5)~ 3) 1,(((((((((((((28,(31,30)~ 29)~ 27) 25) 24) 14) 12,(((((28,(31,30)~ 29)~ 27) 25) 24) 34) 32)~ 11,(((((26) 25) 24) 14) 12) 11)+ 11,(((((23,(21,22)~ 20)~ 19) 15) 14) 12) 11)+ 11,((((((((28,(31,30)~ 29)~ 27) 25) 24) 14) 12,(((((28,(30,31)~ 29)~ 27) 25) 24) 34) 32)~ 11,(((((26) 25) 24) 14) 12) 11)+ 11,((33) 32) 11)+ 11)+ 11,((39,40)~ 38,(40,39)~ 38)+ 38)~ 10) 8,7)~ 6,((9) 8) 6)+ 6)~ 0
&t ((7,((9,(((((((((((30,31)~ 29) 27) 25) 24) 14) 12,(((((28,(31,30)~ 29)~ 27) 25) 24) 34) 32)~ 11,((((((28,(31,30)~ 29)~ 27) 25) 24) 14) 12,(((((28,(30,31)~ 29)~ 27) 25) 24) 34) 32)~ 11)+ 11,(((((26) 25) 24) 14) 12) 11)+ 11,((((((((28,(31,30)~ 29)~ 27) 25) 24) 14) 12,(((((28,(30,31)~ 29)~ 27) 25) 24) 34) 32)~ 11,(((((26) 25) 24) 14) 12) 11)+ 11,(((((17,18)~ 16,((((22,21)~ 20,(22) 20)+ 20,(21) 20)+ 20) 19)~ 15) 14) 12) 11)+ 11)+ 11) 10)~ 8,(((40,39)~ 38,((((((26) 25) 24) 14) 12,(((37,36)~ 35) 34) 32)~ 11,(((((((((28,(31,30)~ 29)~ 27) 25) 24) 14) 12,(((((28,(30,31)~ 29)~ 27) 25) 24) 34) 32)~ 11,(((((26) 25) 24) 14) 12) 11)+ 11,((13) 12) 11)+ 11,(((((23) 19,(18,17)~ 16)~ 15) 14) 12) 11)+ 11)+ 11)~ 10) 8)+ 8)~ 6,(((((4,5)~ 3,(5) 3)+ 3,((5,4)~ 3,(4,5)~ 3)+ 3)+ 3,(2,2)+ 2)~ 1,(2,((4,5)~ 3,(4) 3)+ 3)~ 1)+ 1)~ 0
&t (((9) 8,7)~ 6,(2,((4,5)~ 3,(4,5)~ 3)+ 3)~ 1)~ 0
&t ((2,(((5,4)~ 3,(4,5)~ 3)+ 3,((5,(4,4)+ 4)~ 3,(5,4)~ 3)+ 3)+ 3)~ 1,(((((((((((((28) 27) 25) 24) 14) 12,((((((30,31)~ 29) 27) 25) 24) 34) 32)~ 11,((((((28,(30) 29)~ 27) 25) 24) 14) 12,((((((31) 29) 27) 25) 24) 34) 32)~ 11)+ 11,(((((26) 25) 24) 14) 12) 11)+ 11,(((((26) 25) 24) 34,33)~ 32,((13,(13,13)+ 13)+ 13,(((((18) 16,((21,22)~ 20) 19)~ 15,((23) 19) 15)+ 15,((17) 16) 15)+ 15) 14)~ 12)~ 11)+ 11,((((((((28) 27) 25) 24) 14) 12,(((((28,(31,30)~ 29)~ 27) 25) 24) 34) 32)~ 11,(((((((31) 29) 27) 25) 24) 14) 12,((((((30) 29) 27) 25) 24) 34) 32)~ 11)+ 11,((((37,(36,36)+ 36)~ 35) 34) 32) 11)+ 11)+ 11) 10) 8,7)~ 6)~ 0
&t (((9,(((39,40)~ 38,(((((((((28,(30,31)~ 29)~ 27) 25) 24) 14) 12,(((((28,(30,31)~ 29)~ 27) 25) 24) 34) 32)~ 11,(((((26) 25) 24) 14) 12) 11)+ 11,((((((18,17)~ 16,(17,(18,18)+ 18)~ 16)+ 16,((23,(21,22)~ 20)~ 19,(23) 19)+ 19)~ 15) 14) 12) 11)+ 11,((13) 12) 11)+ 11)~ 10,((((((((((((28,(30,31)~ 29)~ 27) 25) 24) 14) 12,(((((28,(30,31)~ 29)~ 27) 25) 24) 34) 32)~ 11,(((((((28,(30,31)~ 29)~ 27) 25) 24) 14) 12,(((((28,(30,31)~ 29)~ 27) 25) 24) 34) 32)~ 11,(((((((28) 27) 25) 24) 14) 12,((((((30,31)~ 29) 27) 25) 24) 34) 32)~ 11,((((((28,(30,31)~ 29)~ 27) 25) 24) 14) 12,(((((28,(31,30)~ 29)~ 27) 25) 24) 34) 32)~ 11)+ 11)+ 11)+ 11,(((((26) 25) 24) 14) 12) 11)+ 11,(((((((28,(30,31)~ 29)~ 27) 25) 24) 14) 12,(((((28,(31,30)~ 29)~ 27) 25) 24) 34) 32)~ 11,(((((26) 25) 24) 14) 12) 11)+ 11)+ 11,((((36,37)~ 35) 34) 32) 11)+ 11,(((33,33)+ 33) 32) 11)+ 11) 10)+ 10)~ 8) 6,(((4,(5,5)+ 5)~ 3,(4) 3)+ 3,2)~ 1)~ 0
&t ((2,((4,5)~ 3,(4) 3)+ 3)~ 1,((9,((((((((((28,(30,31)~ 29)~ 27) 25) 24) 14) 12,(((((28,(31,30)~ 29)~ 27) 25) 24) 34) 32)~ 11,(((((26) 25) 24) 14) 12) 11)+ 11,(((((((((28,(30,31)~ 29)~ 27) 25) 24) 14) 12,(((((28,(31,30)~ 29)~ 27) 25) 24) 34) 32)~ 11,(((((26) 25) 24) 14) 12) 11)+ 11,(((((23,(22,21)~ 20)~ 19,(17,18)~ 16)~ 15) 14) 12) 11)+ 11,((13) 12) 11)+ 11)+ 11,((33) 32) 11)+ 11,(40,39)~ 38)~ 10)~ 8) 6)~ 0
&t (((9,(((40,39)~ 38,(((((((((28,(31,30)~ 29)~ 27) 25) 24) 14) 12,((((((30) 29,28)~ 27) 25) 24) 34) 32)~ 11,(((((26) 25) 24) 14) 12) 11)+ 11,((((37,36)~ 35) 34) 32) 11)+ 11,((33) 32) 11)+ 11)~ 10,(((((((((28,(30,31)~ 29)~ 27) 25) 24) 14) 12,(((((28,(30,31)~ 29)~ 27) 25) 24) 34) 32)~ 11,((13) 12) 11)+ 11,(((((18,17)~ 16,(23,(21,22)~ 20)~ 19)~ 15) 14) 12) 11)+ 11) 10)+ 10)~ 8) 6) 0
&t (((7,(((((((13) 12,((((26,(28,(30,31)~ 29)~ 27)~ 25) 24) 34) 32)~ 11,(((((18,17)~ 16) 15) 14) 12) 11)+ 11,((((((((28,(30,31)~ 29)~ 27) 25) 24) 14) 12,(((((28,(30,31)~ 29)~ 27) 25) 24) 34) 32)~ 11,(((((26) 25) 24) 14) 12) 11)+ 11,((((37,36)~ 35) 34) 32) 11)+ 11)+ 11,((33) 32) 11)+ 11,((39,(40,40)+ 40)~ 38,(40,39)~ 38)+ 38)~ 10) 8)~ 6,((9) 8) 6)+ 6,(((4,5)~ 3,((4,5)~ 3,(5,4)~ 3)+ 3)+ 3,2)~ 1)~ 0
&t ((2,((5,4)~ 3,(4,5)~ 3)+ 3)~ 1,(((((7,((((((((((((28,(31,30)~ 29)~ 27) 25) 24) 14) 12,(((((28,(30,31)~ 29)~ 27) 25) 24) 34) 32)~ 11,(((((26) 25) 24) 14) 12) 11)+ 11,((13) 12) 11)+ 11,(((((18,17)~ 16) 15) 14) 12) 11)+ 11,(((((23,(21,22)~ 20)~ 19) 15) 14) 12) 11)+ 11) 10) 8)~ 6,(((9,(9,9)+ 9)+ 9) 8) 6)+ 6,((((39) 38) 10) 8) 6)+ 6,((((((((((28,(31,30)~ 29)~ 27) 25) 24) 14) 12,(((((28,(30,31)~ 29)~ 27) 25) 24) 34) 32)~ 11,(((((26) 25) 24) 14) 12) 11)+ 11) 10) 8) 6)+ 6,(((((((36,37)~ 35) 34) 32) 11) 10) 8) 6)+ 6)~ 0
&t ((2,((5,4)~ 3,(4,5)~ 3)+ 3)~ 1,((((40,39)~ 38,(((((((((((((28,(30,31)~ 29)~ 27) 25) 24) 14) 12,(((((28,(31,30)~ 29)~ 27) 25) 24) 34) 32)~ 11,(((((26) 25) 24) 14) 12) 11)+ 11,(((((26) 25) 24) 14) 12) 11)+ 11,((((((28,(31,30)~ 29)~ 27) 25) 24) 14) 12,(((((28,(31,30)~ 29)~ 27) 25) 24) 34) 32)~ 11)+ 11,((13) 12) 11)+ 11,((((((23) 19,(18,17)~ 16)~ 15,(((21,22)~ 20) 19) 15)+ 15) 14) 12) 11)+ 11,((((37,36)~ 35) 34) 32) 11)+ 11,((33) 32) 11)+ 11)~ 10,9)~ 8,7)~ 6)~ 0
&t (((7,(((((((((((28) 27) 25) 24) 14) 12,(((((28,(31,30)~ 29)~ 27) 25) 24) 34) 32)~ 11,((((((28) 27) 25) 24) 14) 12,((((((31,30)~ 29) 27) 25) 24) 34) 32)~ 11)+ 11,(((((26) 25) 24) 14) 12) 11)+ 11,(((((((((28,(31,30)~ 29)~ 27) 25) 24) 14) 12,(((((28,(30,31)~ 29)~ 27) 25) 24) 34) 32)~ 11,(((((26) 25) 24) 14) 12) 11)+ 11,((((36,37)~ 35) 34) 32) 11)+ 11,(((13,(13,13)+ 13)+ 13,(((17,18)~ 16,((23,23)+ 23) 19)~ 15) 14)~ 12) 11)+ 11)+ 11) 10) 8)~ 6,((((40,39)~ 38) 10) 8) 6)+ 6,(((4,5)~ 3,(4,5)~ 3)+ 3,2)~ 1)~ 0
&t ((7,(9,((39,40)~ 38,((((((((((28,(30,31)~ 29)~ 27) 25) 24) 14) 12,(((((28,(30,31)~ 29)~ 27) 25) 24) 34) 32)~ 11,(((((26) 25) 24) 14) 12,((((26) 25) 24) 34) 32)~ 11)+ 11,((13,(((23,(22,21)~ 20)~ 19,(18,17)~ 16)~ 15) 14)~ 12) 11)+ 11,((33) 32) 11)+ 11,(((((37,36)~ 35,(36) 35)+ 35) 34) 32) 11)+ 11)~ 10)~ 8)~ 6,(((4,5)~ 3,(5,4)~ 3)+ 3,2)~ 1)~ 0
&t ((2,((5,4)~ 3,(4,5)~ 3)+ 3)~ 1,((((7,(((((((((((((30) 29) 27) 25) 24) 14) 12,((((((30) 29) 27) 25) 24) 34) 32)~ 11,(((((((31) 29) 27) 25) 24) 14) 12) 11)+ 11,((((((28) 27) 25) 24) 14) 12,((((((30,31)~ 29) 27) 25) 24) 34) 32)~ 11)+ 11,(((((26) 25) 24) 14) 12,((((26) 25) 24) 34) 32)~ 11)+ 11,(((((23) 19,(18) 16)~ 15) 14) 12) 11)+ 11) 10) 8)~ 6,(((((40,39)~ 38,(40) 38)+ 38,((((37,36)~ 35) 34) 32) 11)~ 10) 8) 6)+ 6,(((9,9)+ 9,(((33) 32) 11) 10)~ 8) 6)+ 6,((((((((((28,(31,30)~ 29)~ 27) 25) 24) 14) 12,(((((28,(30,31)~ 29)~ 27) 25) 24) 34) 32)~ 11,(((((26) 25) 24) 14) 12) 11)+ 11) 10) 8) 6)+ 6)~ 0
&t ((((9,((40,39)~ 38,((((((((((((28) 27) 25) 24) 14) 12,((((((31,30)~ 29) 27) 25) 24) 34) 32)~ 11,((((((28,(30,31)~ 29)~ 27) 25) 24) 14) 12,(((((28,(30,31)~ 29)~ 27) 25) 24) 34) 32)~ 11)+ 11,(((((26) 25) 24) 14) 12) 11)+ 11,(((((17,(18,18)+ 18)~ 16,(23,(22,21)~ 20)~ 19)~ 15) 14) 12) 11)+ 11,((13) 12) 11)+ 11,((33) 32) 11)+ 11,(((((((((28) 27) 25) 24) 14) 12,((((((30,31)~ 29) 27) 25) 24) 34) 32)~ 11,((((((((30) 29) 27) 25) 24) 14) 12,((((((31) 29) 27) 25) 24) 34) 32)~ 11,((((((28) 27) 25) 24) 14) 12,(((((28) 27) 25) 24) 34) 32)~ 11)+ 11)+ 11,(((((26) 25) 24) 14) 12) 11)+ 11,(((((36,36)+ 36) 35) 34) 32) 11)+ 11)+ 11)~ 10)~ 8,(((39,40)~ 38,(((((((((((((30) 29) 27) 25) 24) 14) 12,((((((31) 29) 27) 25) 24) 34) 32)~ 11,((((((28) 27) 25) 24) 14) 12,(((((28) 27) 25) 24) 34) 32)~ 11)+ 11,((((((28) 27) 25) 24) 14) 12,((((((31,30)~ 29) 27) 25) 24) 34) 32)~ 11)+ 11,((((((28,(31,30)~ 29)~ 27) 25) 24) 14) 12,(((((28,(30,31)~ 29)~ 27) 25) 24) 34) 32)~ 11)+ 11,(((((26) 25) 24) 14) 12) 11)+ 11,((((((((((28,(31,30)~ 29)~ 27) 25) 24) 14) 12,(((((28,(31,30)~ 29)~ 27) 25) 24) 34) 32)~ 11,(((((26) 25) 24) 14) 12) 11)+ 11,(((((23,(22,21)~ 20)~ 19,(17,18)~ 16)~ 15) 14) 12) 11)+ 11,((13) 12) 11)+ 11,((((36,37)~ 35) 34) 32) 11)+ 11)+ 11,((33) 32) 11)+ 11)~ 10) 8)+ 8) 6,(((4,5)~ 3,(5,4)~ 3)+ 3) 1)~ 0
&t ((7,(9,((40,39)~ 38,((((((((((28,(31,30)~ 29)~ 27) 25) 24) 14) 12,(((((28,(31,30)~ 29)~ 27) 25) 24) 34) 32)~ 11,(((((26) 25) 24) 14) 12) 11)+ 11,((((37,36)~ 35) 34) 32) 11)+ 11,((33) 32) 11)+ 11,((13,((((17,18)~ 16,(18) 16)+ 16,((21) 20,23)~ 19)~ 15) 14)~ 12) 11)+ 11)~ 10)~ 8)~ 6,(((5,4)~ 3,(4,5)~ 3)+ 3,2)~ 1)~ 0
&t ((2,((5,4)~ 3,(4,5)~ 3)+ 3)~ 1,((((((((((((((28,(31,30)~ 29)~ 27) 25) 24) 14) 12,(((((28,(30,31)~ 29)~ 27) 25) 24) 34) 32)~ 11,(((((26) 25) 24) 14) 12) 11)+ 11,(((((17,18)~ 16,(23,((21,22)~ 20,(22,21)~ 20)+ 20)~ 19)~ 15) 14) 12) 11)+ 11,((13) 12) 11)+ 11,((((37,36)~ 35) 34) 32) 11)+ 11,((33) 32) 11)+ 11) 10,(9,9)+ 9)~ 8) 6)~ 0
&t ((2) 1,(((7,7)+ 7,(((40,39)~ 38,((((((((((28,(31,30)~ 29)~ 27) 25) 24) 14) 12,(((((28,(30,31)~ 29)~ 27) 25) 24) 34) 32)~ 11,(((((26) 25) 24) 14) 12,((((26) 25) 24) 34) 32)~ 11)+ 11,((((37,36)~ 35) 34) 32) 11)+ 11,((((((((28,(30,31)~ 29)~ 27) 25) 24) 14) 12,(((((28,(30,31)~ 29)~ 27) 25) 24) 34) 32)~ 11,(((((26) 25) 24) 14) 12) 11)+ 11,(((((17,18)~ 16,((22) 20,(23,23)+ 23)~ 19)~ 15) 14) 12) 11)+ 11)+ 11,((33) 32) 11)+ 11)~ 10) 8)~ 6,((9) 8) 6)+ 6)~ 0
&t (((((40,39)~ 38,((((((((((28) 27) 25) 24) 14) 12,((((((31,30)~ 29) 27) 25) 24) 34) 32)~ 11,(((((26) 25) 24) 14) 12,((((26) 25) 24) 34) 32)~ 11)+ 11,((13) 12) 11)+ 11,(((((17,18)~ 16,((23,23)+ 23,(21,22)~ 20)~ 19)~ 15) 14) 12) 11)+ 11,(((((((28,(31,30)~ 29)~ 27) 25) 24) 14) 12,(((((28,(30,31)~ 29)~ 27) 25) 24) 34) 32)~ 11,((33) 32) 11)+ 11)+ 11)~ 10,(9,9)+ 9)~ 8) 6,((2,(5,4)~ 3)~ 1,((5,4)~ 3) 1)+ 1)~ 0
&t (((7,7)+ 7,(((((39) 38,((((((((28,(31,30)~ 29)~ 27) 25) 24) 14) 12,(((((28,(30,31)~ 29)~ 27) 25) 24) 34) 32)~ 11,(((((26) 25) 24) 14) 12) 11)+ 11,(((((23,(22,(21,21)+ 21)~ 20)~ 19,(17,18)~ 16)~ 15) 14) 12) 11)+ 11)~ 10,(((((((((((28,(30,31)~ 29)~ 27) 25) 24) 14) 12,(((((28,(31,30)~ 29)~ 27) 25) 24) 34) 32)~ 11,(((((26) 25) 24) 14) 12) 11)+ 11,((((36) 35) 34) 32) 11)+ 11,((33) 32) 11)+ 11,((((37) 35) 34) 32) 11)+ 11) 10)+ 10,(((13) 12) 11) 10)+ 10,9)~ 8)~ 6) 0
&t ((2,((4,5)~ 3,(4,5)~ 3)+ 3)~ 1,(((((9,((((((((28,(30,31)~ 29)~ 27) 25) 24) 14) 12,(((((28,(31,30)~ 29)~ 27) 25) 24) 34) 32)~ 11,(((((26) 25) 24) 14) 12) 11)+ 11) 10)~ 8,((((((((((((28,(31,30)~ 29)~ 27) 25) 24) 14) 12,(((((28,(30,31)~ 29)~ 27) 25) 24) 34) 32)~ 11,(((((26) 25) 24) 14) 12) 11)+ 11,((((((21,22)~ 20,23)~ 19,((17,17)+ 17) 16)~ 15) 14) 12) 11)+ 11,(((13,(13,13)+ 13)+ 13) 12) 11)+ 11,((33) 32) 11)+ 11) 10) 8)+ 8,((((((37,(36,36)+ 36)~ 35) 34) 32) 11) 10) 8)+ 8,(((39,40)~ 38) 10) 8)+ 8) 6)~ 0
&t ((((4,5)~ 3,(5,4)~ 3)+ 3,(2,(2,2)+ 2)+ 2)~ 1,((((39,40)~ 38,(((((((((((28,(30,31)~ 29)~ 27) 25) 24) 14) 12,(((((28,(30,31)~ 29)~ 27) 25) 24) 34) 32)~ 11,(((((26) 25) 24) 14) 12) 11)+ 11,((((((28,(31,30)~ 29)~ 27) 25) 24) 14) 12,(((((28,(30,31)~ 29)~ 27) 25) 24) 34) 32)~ 11)+ 11,((((36,37)~ 35) 34) 32) 11)+ 11,((13) 12) 11)+ 11,((33) 32,((((26) 25) 24,(((18,17)~ 16,(18,17)~ 16)+ 16,(23,(21,22)~ 20)~ 19)~ 15)~ 14) 12)~ 11)+ 11)~ 10) 8,7)~ 6)~ 0
&t ((2,((4,5)~ 3,(4,5)~ 3)+ 3)~ 1,((7,7)+ 7,((((39,40)~ 38,(40) 38)+ 38,(((((((((((28,(30,31)~ 29)~ 27) 25) 24) 14) 12,(((((28,(30,31)~ 29)~ 27) 25) 24) 34) 32)~ 11,(((((26) 25) 24) 14) 12) 11)+ 11,((((37) 35) 34) 32) 11)+ 11,((((36) 35) 34) 32) 11)+ 11,((((((((28,(30,31)~ 29)~ 27) 25) 24) 14) 12,((((26,(28,(31,30)~ 29)~ 27)~ 25) 24) 34) 32)~ 11,((((((23) 19,(18,17)~ 16)~ 15,(((22,21)~ 20) 19) 15)+ 15) 14) 12) 11)+ 11,((13) 12) 11)+ 11)+ 11,((33) 32) 11)+ 11)~ 10,9)~ 8)~ 6)~ 0
&t ((7,(9,((((((((((28,(31,30)~ 29)~ 27) 25) 24) 14) 12,(((((28,(30,31)~ 29)~ 27) 25) 24) 34) 32)~ 11,(((((26) 25) 24) 14) 12,((((26) 25) 24) 34) 32)~ 11)+ 11,((((36,37)~ 35) 34) 32) 11)+ 11,((((((((28,(31,30)~ 29)~ 27) 25) 24) 14) 12,(((((28,(31,30)~ 29)~ 27) 25) 24) 34) 32)~ 11,(((((26) 25) 24) 14) 12) 11)+ 11,(((((((17,18)~ 16,(17,18)~ 16)+ 16,(23,((21,22)~ 20,(21,22)~ 20)+ 20)~ 19)~ 15,(((21,22)~ 20) 19,(17,18)~ 16)~ 15)+ 15) 14) 12) 11)+ 11)+ 11) 10)~ 8)~ 6,(((4,5)~ 3,(5,4)~ 3)+ 3,2)~ 1)~ 0
&t ((7,(((9,9)+ 9,((40,39)~ 38,((((((((((28,(30,31)~ 29)~ 27) 25) 24) 14) 12,(((((28,(31,30)~ 29)~ 27) 25) 24) 34) 32)~ 11,(((((26) 25) 24) 14) 12,((((26) 25) 24) 34) 32)~ 11)+ 11,((((36,37)~ 35) 34) 32) 11)+ 11,(((((((((28,(30,31)~ 29)~ 27) 25) 24) 14) 12,(((((28,(31,30)~ 29)~ 27) 25) 24) 34) 32)~ 11,(((((26) 25) 24) 14) 12) 11)+ 11,(((((18,17)~ 16,(23,(22,21)~ 20)~ 19)~ 15) 14) 12) 11)+ 11,((13) 12) 11)+ 11)+ 11,((33) 32) 11)+ 11)~ 10)~ 8,((((((39,40)~ 38,((((((((28,(31,30)~ 29)~ 27) 25) 24) 14) 12,(((((28,(31,30)~ 29)~ 27) 25) 24) 34) 32)~ 11,((((((28) 27) 25) 24) 14) 12,(((((28,(31,30)~ 29)~ 27) 25) 24) 34) 32)~ 11)+ 11,(((((26) 25) 24) 14) 12) 11)+ 11)~ 10,((((((((28,(31,30)~ 29)~ 27) 25) 24) 14) 12,(((((28,(31,30)~ 29)~ 27) 25) 24) 34) 32)~ 11,(((((26) 25) 24) 14) 12) 11)+ 11) 10)+ 10,((((((((((31,30)~ 29,28)~ 27) 25) 24) 14) 12,(((((28,(30,31)~ 29)~ 27) 25) 24) 34) 32)~ 11,(((((26) 25) 24) 14) 12) 11)+ 11,(((33,33)+ 33) 32) 11)+ 11) 10)+ 10,((((((((21,22)~ 20) 19,(17,18)~ 16)~ 15,((23) 19) 15)+ 15) 14) 12) 11) 10)+ 10) 8)+ 8)~ 6) 0
&t ((2,((4,5)~ 3,(5,4)~ 3)+ 3)~ 1,(((7,7)+ 7,((((9,((((((23) 19,(18,(17,17)+ 17)~ 16)~ 15) 14) 12) 11) 10)~ 8,((((((((22,21)~ 20) 19) 15) 14) 12) 11) 10) 8)+ 8,((((((((((28,(31,30)~ 29)~ 27) 25) 24) 14) 12,(((((28,(30,31)~ 29)~ 27) 25) 24) 34) 32)~ 11,(((((26) 25) 24) 14) 12) 11)+ 11,((13) 12) 11)+ 11) 10) 8)+ 8,((((((((((28,(30,31)~ 29)~ 27) 25) 24) 14) 12,(((((28,(31,30)~ 29)~ 27) 25) 24) 34) 32)~ 11,(((((26) 25) 24) 14) 12) 11)+ 11,((((36,37)~ 35) 34) 32) 11)+ 11) 10) 8)+ 8)~ 6,(7) 6)+ 6)~ 0
&t (((2,(5,4)~ 3)~ 1,((5,4)~ 3) 1)+ 1,(((((((((((((((28) 27) 25) 24) 14) 12,((((((31,30)~ 29) 27) 25) 24) 34) 32)~ 11,((((((28,(30,31)~ 29)~ 27) 25) 24) 14) 12,(((((28,(30,31)~ 29)~ 27) 25) 24) 34) 32)~ 11)+ 11,(((((26) 25) 24) 14) 12) 11)+ 11,((13) 12) 11)+ 11,((((((17,18)~ 16,(17) 16)+ 16) 15) 14) 12) 11)+ 11,(((33,33)+ 33) 32) 11)+ 11,(((((((((31) 29) 27) 25) 24) 14) 12,((((((30) 29,28)~ 27) 25) 24) 34) 32)~ 11,(((((26) 25) 24) 14) 12) 11)+ 11,((((36,37)~ 35) 34) 32) 11)+ 11)+ 11,((40,40)+ 40,39)~ 38)~ 10) 8) 6)~ 0
&t ((((((((((((40,39)~ 38,((((37,(36,36)+ 36)~ 35) 34) 32) 11)~ 10,(((((((18,17)~ 16) 15) 14) 12,(33) 32)~ 11,((33) 32) 11)+ 11) 10)+ 10,((((((((((30) 29) 27) 25) 24) 14) 12,(((((28) 27,26)~ 25) 24) 34) 32)~ 11,(((((((31) 29) 27) 25) 24) 14) 12) 11)+ 11,(((((23) 19) 15) 14) 12) 11)+ 11) 10)+ 10,(((((((26,(28,(31,30)~ 29)~ 27)~ 25) 24) 14) 12,(((((28,(30,31)~ 29)~ 27) 25) 24) 34) 32)~ 11,((13) 12) 11)+ 11) 10)+ 10,((40) 38) 10)+ 10,((39) 38) 10)+ 10,9)~ 8) 6,(((2,((4,5)~ 3,(5) 3)+ 3)~ 1,((4,5)~ 3) 1)+ 1,(2) 1)+ 1)~ 0,((7) 6,((4) 3) 1)~ 0)+ 0,(((7,7)+ 7) 6) 0)+ 0
&t ((((((7,(9) 8)~ 6,((((39,40)~ 38) 10) 8) 6)+ 6,((((((((((((((28) 27) 25) 24) 14) 12,((((((30,31)~ 29) 27) 25) 24) 34) 32)~ 11,((((((28,(31,30)~ 29)~ 27) 25) 24) 14) 12,(((((28,(30,31)~ 29)~ 27) 25) 24) 34) 32)~ 11)+ 11,(((((26) 25) 24) 14) 12) 11)+ 11,(((((17,18)~ 16) 15) 14) 12) 11)+ 11,(((((23,(22,21)~ 20)~ 19) 15) 14) 12) 11)+ 11,((13) 12) 11)+ 11) 10) 8) 6)+ 6,(((((((((((28,(31,30)~ 29)~ 27) 25) 24) 14) 12,(((((28,(30,31)~ 29)~ 27) 25) 24) 34) 32)~ 11,(((((26) 25) 24) 14) 12) 11)+ 11,((((36) 35) 34) 32) 11)+ 11) 10) 8) 6)+ 6,(((((33) 32) 11) 10) 8) 6)+ 6,(((5,4)~ 3,((2,2)+ 2,2)+ 2)~ 1,((5,4)~ 3) 1)+ 1)~ 0
&t ((7,(((((((((((((28,(31,30)~ 29)~ 27) 25) 24) 14) 12,(((((28,(30,31)~ 29)~ 27) 25) 24) 34) 32)~ 11,(((((26) 25) 24) 14) 12) 11)+ 11,((13,(((17,18)~ 16,(23,(22,21)~ 20)~ 19)~ 15) 14)~ 12) 11)+ 11,((33) 32) 11)+ 11,((((((((28,(30,31)~ 29)~ 27) 25) 24) 14) 12,(((((28,(31,30)~ 29)~ 27) 25) 24) 34) 32)~ 11,(((((26) 25) 24) 14) 12) 11)+ 11,((((36,37)~ 35) 34) 32) 11)+ 11)+ 11,(39,40)~ 38)~ 10,((((((((((28,(31,30)~ 29)~ 27) 25) 24) 14) 12,(((((28,(31,30)~ 29)~ 27) 25) 24) 34) 32)~ 11,(((((26) 25) 24) 14) 12,((((36,(37,37)+ 37)~ 35,(36) 35)+ 35) 34) 32)~ 11)+ 11,(((((((((((31,30)~ 29) 27) 25) 24) 14) 12,((((((31,30)~ 29) 27) 25) 24) 34) 32)~ 11,((((((28) 27) 25) 24) 14) 12) 11)+ 11,((((((28) 27) 25) 24) 14) 12,((((((31,30)~ 29) 27) 25) 24) 34) 32)~ 11)+ 11,(((((26) 25) 24) 14) 12) 11)+ 11,(((((((21,22)~ 20) 19,(18,17)~ 16)~ 15,((23) 19) 15)+ 15) 14) 12) 11)+ 11)+ 11,((33) 32) 11)+ 11) 10)+ 10) 8)~ 6) 0
&t ((2,((5,4)~ 3,(4,5)~ 3)+ 3)~ 1,((9,((((40,39)~ 38,((((((26,(28,(30,31)~ 29)~ 27)~ 25) 24) 34) 32,((((17,18)~ 16,(23,(21) 20)~ 19)~ 15) 14) 12)~ 11,((13) 12) 11)+ 11)~ 10,((((((((((28) 27) 25) 24) 14) 12,((((((31,30)~ 29) 27) 25) 24) 34) 32)~ 11,(((((((28) 27) 25) 24) 14) 12,((((((31,30)~ 29) 27) 25) 24) 34) 32)~ 11,((((((((31,30)~ 29) 27) 25) 24) 14) 12,((((((31,30)~ 29) 27) 25) 24) 34) 32)~ 11,((((((28) 27) 25) 24) 14) 12) 11)+ 11)+ 11)+ 11,(((((26) 25) 24) 14) 12) 11)+ 11,((((36) 35) 34) 32) 11)+ 11) 10)+ 10,(((33) 32) 11) 10)+ 10)~ 8) 6)~ 0
&t ((2,((4,5)~ 3,(4,5)~ 3)+ 3)~ 1) 0
&t ((2,((5,4)~ 3,(4,5)~ 3)+ 3)~ 1,((7,((9,(9,9)+ 9)+ 9) 8)~ 6,((7,((((33) 32,(13) 12)~ 11) 10) 8)~ 6,((((((((((((((28,(31,30)~ 29)~ 27) 25) 24) 14) 12,(((((28,(30,31)~ 29)~ 27) 25) 24) 34) 32)~ 11,(((((26) 25) 24) 14) 12) 11)+ 11,((((((21,22)~ 20) 19,(18,17)~ 16)~ 15) 14) 12) 11)+ 11,((13) 12) 11)+ 11,(((((((((28,(30,31)~ 29)~ 27) 25) 24) 14) 12,(((((28,(30,31)~ 29)~ 27) 25) 24) 34) 32)~ 11,(((((26) 25) 24) 14) 12) 11)+ 11,(((((((((28) 27) 25) 24) 14) 12,((((((30,31)~ 29) 27) 25) 24) 34) 32)~ 11,((((((28,(30,31)~ 29)~ 27) 25) 24) 14) 12,(((((28,(31,30)~ 29)~ 27) 25) 24) 34) 32)~ 11)+ 11,(((((26) 25) 24) 14) 12) 11)+ 11,(((33,33)+ 33) 32) 11)+ 11)+ 11,((((37,36)~ 35) 34) 32) 11)+ 11)+ 11,(((((((((21,(22,22)+ 22)~ 20,(23,23)+ 23)~ 19,(18,17)~ 16)~ 15) 14) 12,(((((28,(30,31)~ 29)~ 27) 25) 24) 34) 32)~ 11,((13) 12,((((26) 25) 24) 34) 32)~ 11)+ 11,((33) 32) 11)+ 11,((((37,36)~ 35) 34) 32) 11)+ 11)+ 11,(39,40)~ 38)~ 10) 8) 6)+ 6)+ 6)~ 0
&t (((7,7)+ 7,(((((9,((((((18,17)~ 16,(23,(22,21)~ 20)~ 19)~ 15) 14) 12) 11) 10)~ 8,(((40,39)~ 38,(((((((28) 27) 25) 24) 14) 12,(((((28,(31,30)~ 29)~ 27) 25) 24) 34) 32)~ 11,(((((26) 25) 24) 14) 12) 11)+ 11)~ 10) 8)+ 8,(((((13,(13,13)+ 13)+ 13) 12) 11) 10) 8)+ 8,((((33,((36,37)~ 35) 34)~ 32) 11) 10) 8)+ 8,(((((((((28) 27) 25) 24) 14) 12,(((((28,(30,31)~ 29)~ 27) 25) 24) 34) 32)~ 11,(((((26) 25) 24) 14) 12) 11)+ 11) 10) 8)+ 8)~ 6,(((5,4)~ 3,(4,5)~ 3)+ 3) 1)~ 0
&t ((2) 1,((((((((((((((((28,(30,31)~ 29)~ 27) 25) 24) 14) 12,(((((28,(31,30)~ 29)~ 27) 25) 24) 34) 32)~ 11,(((((26) 25) 24) 14) 12) 11)+ 11,(((((17,18)~ 16,(23,(22,21)~ 20)~ 19)~ 15) 14) 12) 11)+ 11,((((36,37)~ 35) 34) 32) 11)+ 11,(((13,13)+ 13) 12) 11)+ 11,(((((((28,(31,30)~ 29)~ 27) 25) 24) 14) 12,(((((28,(30,31)~ 29)~ 27) 25) 24) 34) 32)~ 11,(((((26) 25) 24) 14) 12) 11)+ 11)+ 11) 10) 8,7)~ 6,((9,(((((39,40)~ 38,(39) 38)+ 38,(40) 38)+ 38,(40,39)~ 38)+ 38) 10)~ 8) 6)+ 6,((9) 8) 6)+ 6)~ 0
&t (((9,(((((((((((((28) 27) 25) 24) 14) 12,((((((31,30)~ 29) 27) 25) 24) 34) 32)~ 11,(((((((((30) 29) 27) 25) 24) 14) 12,((((((30) 29) 27) 25) 24) 34) 32)~ 11,(((((((31) 29) 27) 25) 24) 14) 12) 11)+ 11,((((((28) 27) 25) 24) 14) 12) 11)+ 11)+ 11,(((((26) 25) 24) 14) 12) 11)+ 11,((((37,36)~ 35) 34) 32) 11)+ 11,((13) 12) 11)+ 11,((((((((28,(31,30)~ 29)~ 27) 25) 24) 14) 12,(((((28,(31,30)~ 29)~ 27) 25) 24) 34) 32)~ 11,(((((26) 25) 24) 14) 12,((((26) 25) 24) 34) 32)~ 11)+ 11,(((((23,(21,22)~ 20)~ 19,((17,(18,18)+ 18)~ 16,(17,18)~ 16)+ 16)~ 15) 14) 12) 11)+ 11)+ 11,((33) 32) 11)+ 11) 10)~ 8) 6,(((4,5)~ 3,(4,5)~ 3)+ 3,2)~ 1)~ 0
&t ((2,((5,4)~ 3,(4,5)~ 3)+ 3)~ 1,(((9,(9,9)+ 9)+ 9) 8,7)~ 6)~ 0
&t (((7,((((((((((((28,(31,30)~ 29)~ 27) 25) 24) 14) 12,(((((28,(30) 29)~ 27) 25) 24) 34) 32)~ 11,(((((26) 25) 24) 14) 12) 11)+ 11,(((((18,17)~ 16,((21,22)~ 20) 19)~ 15) 14,(13,13)+ 13)~ 12) 11)+ 11,((33) 32) 11)+ 11,((((((((28,(31,30)~ 29)~ 27) 25) 24) 14) 12,(((((28,(31,30)~ 29)~ 27) 25) 24) 34) 32)~ 11,(((((26) 25) 24) 14) 12) 11)+ 11,((((36,(37,37)+ 37)~ 35) 34) 32) 11)+ 11)+ 11,(39,40)~ 38)~ 10) 8)~ 6,((9) 8) 6)+ 6,(((4,5)~ 3,(5,4)~ 3)+ 3) 1)~ 0
&t ((2,((5,4)~ 3,(4,5)~ 3)+ 3)~ 1,(((7,7)+ 7,((9,9)+ 9) 8)~ 6,(((((((40,39)~ 38,((((((((28,(30,31)~ 29)~ 27) 25) 24) 14) 12,(((((28,(30,31)~ 29)~ 27) 25) 24) 34) 32)~ 11,(((((26) 25) 24) 14) 12) 11)+ 11,((((37,36)~ 35) 34) 32) 11)+ 11)~ 10,(((((((((28,(30,31)~ 29)~ 27) 25) 24) 14) 12,(((((28,(30,31)~ 29)~ 27) 25) 24) 34) 32)~ 11,(((((26) 25) 24) 14) 12) 11)+ 11,(((((17,18)~ 16,(23,(22,21)~ 20)~ 19)~ 15) 14) 12) 11)+ 11) 10)+ 10,(((13) 12) 11) 10)+ 10,(((33) 32) 11) 10)+ 10) 8) 6)+ 6)~ 0
&t ((((9,((((((((((28,(30,31)~ 29)~ 27) 25) 24) 14) 12,(((((28,(31,30)~ 29)~ 27) 25) 24) 34) 32)~ 11,(((((26) 25) 24) 14) 12) 11)+ 11,(((((37,36)~ 35,(37,36)~ 35)+ 35) 34) 32) 11)+ 11,(((((((((((31,30)~ 29) 27) 25) 24) 14) 12,((((((31,30)~ 29) 27) 25) 24) 34) 32)~ 11,((((((28) 27) 25) 24) 14) 12,((((((30,31)~ 29) 27) 25) 24) 34) 32)~ 11)+ 11,(((((26) 25) 24) 14) 12) 11)+ 11,((33) 32) 11)+ 11,(((13,13)+ 13,(((17,18)~ 16,(23,(21,22)~ 20)~ 19)~ 15) 14)~ 12) 11)+ 11)+ 11) 10)~ 8,(((40,39)~ 38) 10) 8)+ 8) 6,(((5,4)~ 3,(4) 3)+ 3,2)~ 1)~ 0
&t ((2,((4,5)~ 3,(4,5)~ 3)+ 3)~ 1,(((((7,7)+ 7,7)+ 7,((((33) 32) 11) 10) 8)~ 6,(((((((((((((((30) 29) 27) 25) 24) 14) 12,(((((28,(30,31)~ 29)~ 27) 25) 24) 34) 32)~ 11,(((((((31) 29) 27) 25) 24) 14) 12) 11)+ 11,(((((26) 25) 24) 14) 12) 11)+ 11,(((((18,17)~ 16,(23,(22,21)~ 20)~ 19)~ 15) 14) 12) 11)+ 11,((((((((28,(30,31)~ 29)~ 27) 25) 24) 14) 12,((((((31) 29,28)~ 27) 25) 24) 34) 32)~ 11,(((((26) 25) 24) 14) 12) 11)+ 11,((((((23,(21,22)~ 20)~ 19,(((21,22)~ 20,(22) 20)+ 20) 19)+ 19,((18,17)~ 16,(17,18)~ 16)+ 16)~ 15) 14) 12) 11)+ 11)+ 11,(((13,13)+ 13) 12) 11)+ 11) 10) 8) 6)+ 6,((((((((((((28,(30,31)~ 29)~ 27) 25) 24) 14) 12,(((((28,(31,30)~ 29)~ 27) 25) 24) 34) 32)~ 11,(((((26) 25) 24) 14) 12) 11)+ 11,(((((((28,(31,30)~ 29)~ 27) 25) 24) 14) 12,(((((28,(31,30)~ 29)~ 27) 25) 24) 34) 32)~ 11,(((((26) 25) 24) 14) 12) 11)+ 11)+ 11,((((36,(37,37)+ 37)~ 35) 34) 32) 11)+ 11) 10) 8) 6)+ 6)~ 0
&t ((7,(((((9,(((13) 12) 11) 10)~ 8,((((((33) 32,((((18,17)~ 16) 15) 14) 12)~ 11,(((((23,(22,21)~ 20)~ 19) 15) 14) 12) 11)+ 11,(((((((((31) 29) 27) 25) 24) 14) 12,((((((30) 29,28)~ 27) 25) 24) 34) 32)~ 11,((((((28) 27) 25) 24) 14) 12,((((((31,30)~ 29) 27) 25) 24) 34) 32)~ 11)+ 11,(((((26) 25) 24) 14) 12) 11)+ 11)+ 11) 10) 8)+ 8,((((((37,36)~ 35) 34) 32) 11) 10) 8)+ 8,((((((37,36)~ 35) 34) 32) 11) 10) 8)+ 8,(((39,40)~ 38) 10) 8)+ 8)~ 6) 0
&t (((2,((4,5)~ 3,(4,5)~ 3)+ 3)~ 1,(2) 1)+ 1,((((39,40)~ 38) 10) 8,7)~ 6)~ 0
&t ((2,((4,5)~ 3,(4) 3)+ 3)~ 1,((9,((((((((((28,(31,30)~ 29)~ 27) 25) 24) 14) 12,(((((28,(31,30)~ 29)~ 27) 25) 24) 34) 32)~ 11,((((36,(37,37)+ 37)~ 35) 34) 32) 11)+ 11,((33) 32) 11)+ 11,((((((((28,(31,30)~ 29)~ 27) 25) 24) 14) 12,(((((28,(30,31)~ 29)~ 27) 25) 24) 34) 32)~ 11,((13) 12) 11)+ 11,((((((21,22)~ 20) 19,(18,17)~ 16)~ 15) 14) 12) 11)+ 11)+ 11) 10)~ 8,(7,7)+ 7)~ 6)~ 0
&t (((2,((4,5)~ 3,(4,5)~ 3)+ 3)~ 1,((((2,2)+ 2,(4,(5,5)+ 5)~ 3)~ 1,((4,5)~ 3) 1)+ 1,((((4,5)~ 3,(4,5)~ 3)+ 3,(2,(2,2)+ 2)+ 2)~ 1,(2,(((4,5)~ 3,(5) 3)+ 3,(4) 3)+ 3)~ 1)+ 1)+ 1)+ 1,((((40,39)~ 38,(((((((((((31,30)~ 29) 27) 25) 24) 14) 12,(((((28,(31,30)~ 29)~ 27) 25) 24) 34) 32)~ 11,(((((26) 25) 24) 14) 12) 11)+ 11,(((((((((28) 27) 25) 24) 14) 12,(((((28) 27) 25) 24) 34) 32)~ 11,(((((((30) 29) 27) 25) 24) 14) 12,((((((31) 29) 27) 25) 24) 34) 32)~ 11)+ 11,((((((28) 27) 25) 24) 14) 12,((((((31,30)~ 29) 27) 25) 24) 34) 32)~ 11)+ 11,(((((26) 25) 24) 14) 12) 11)+ 11)+ 11,((13,(((18,17)~ 16,(23,(21,22)~ 20)~ 19)~ 15) 14)~ 12) 11)+ 11,((((((((((28) 27) 25) 24) 14) 12,((((((30,31)~ 29) 27) 25) 24) 34) 32)~ 11,(((((((((30) 29) 27) 25) 24) 14) 12,((((((31,30)~ 29) 27) 25) 24) 34) 32)~ 11,(((((((31) 29) 27) 25) 24) 14) 12) 11)+ 11,((((((28) 27) 25) 24) 14) 12) 11)+ 11)+ 11,(((((26) 25) 24) 14) 12) 11)+ 11,((((36,37)~ 35) 34) 32) 11)+ 11,((33) 32) 11)+ 11)+ 11)~ 10,9)~ 8,7)~ 6)~ 0
&t ((((4,5)~ 3,(4,5)~ 3)+ 3,2)~ 1,(7,((((39,40)~ 38,((33) 32) 11)~ 10,((((((((((28,(30,31)~ 29)~ 27) 25) 24) 14) 12,(((((28,(30,31)~ 29)~ 27) 25) 24) 34) 32)~ 11,(((((26) 25) 24) 14) 12) 11)+ 11,((((37,36)~ 35) 34) 32) 11)+ 11,(((((((((28) 27) 25) 24) 14) 12,(((((28,(30,31)~ 29)~ 27) 25) 24) 34) 32)~ 11,(((((((28,(30,31)~ 29)~ 27) 25) 24) 14) 12,(((((28,(30,31)~ 29)~ 27) 25) 24) 34) 32)~ 11,(((((26) 25) 24) 14) 12) 11)+ 11)+ 11,(((((((22,21)~ 20,(22,21)~ 20)+ 20,23)~ 19,(17,18)~ 16)~ 15) 14) 12) 11)+ 11,((13) 12) 11)+ 11)+ 11) 10)+ 10) 8)~ 6)~ 0
&t ((((4,5)~ 3,(5,4)~ 3)+ 3,2)~ 1,((9,(((((((((28,(31,30)~ 29)~ 27) 25) 24) 14) 12,(((((28,(30,31)~ 29)~ 27) 25) 24) 34) 32)~ 11,(((((((((28,(31,30)~ 29)~ 27) 25) 24) 14) 12,(((((28,(30,31)~ 29)~ 27) 25) 24) 34) 32)~ 11,(((((26) 25) 24) 14) 12) 11)+ 11,((((37,36)~ 35) 34) 32) 11)+ 11,((((((((((28) 27) 25) 24) 14) 12,((((((31,30)~ 29) 27) 25) 24) 34) 32)~ 11,(((((((30) 29) 27) 25) 24) 14) 12,(((((28,(31) 29)~ 27) 25) 24) 34) 32)~ 11)+ 11,(((((26) 25) 24) 14) 12) 11)+ 11,((33) 32) 11)+ 11,((((36,37)~ 35) 34) 32) 11)+ 11)+ 11)+ 11,((33) 32) 11)+ 11) 10)~ 8) 6)~ 0
&t ((2,((5,4)~ 3,(4,5)~ 3)+ 3)~ 1,((((((((((((28,(30,31)~ 29)~ 27) 25) 24) 14) 12,(((((28,(30) 29)~ 27) 25) 24) 34) 32)~ 11,(((((26) 25) 24) 14) 12) 11)+ 11,((((37,36)~ 35) 34) 32) 11)+ 11,((((((((((28,(30,31)~ 29)~ 27) 25) 24) 14) 12,(((((28,(30,31)~ 29)~ 27) 25) 24) 34) 32)~ 11,(((((26) 25) 24) 14) 12) 11)+ 11,((13) 12) 11)+ 11,((((((23,23)+ 23,(((22,21)~ 20,(22) 20)+ 20,((21,21)+ 21) 20)+ 20)~ 19,(17) 16)~ 15) 14) 12) 11)+ 11,((33) 32) 11)+ 11)+ 11,(39,40)~ 38)~ 10) 8,7)~ 6)~ 0
&t (((((40,39)~ 38,(((((((((((((28) 27) 25) 24) 14) 12,(((((28) 27) 25) 24) 34) 32)~ 11,(((((((31) 29) 27) 25) 24) 14) 12,((((((30) 29) 27) 25) 24) 34) 32)~ 11)+ 11,((((((28) 27) 25) 24) 14) 12,((((((30,31)~ 29) 27) 25) 24) 34) 32)~ 11)+ 11,(((((26) 25) 24) 14) 12) 11)+ 11,(((((17,18)~ 16,(23,(21,22)~ 20)~ 19)~ 15) 14) 12) 11)+ 11,((13) 12) 11)+ 11,((33) 32) 11)+ 11,(((((((28,(30,31)~ 29)~ 27) 25) 24) 14) 12,(((((28,(30,31)~ 29)~ 27) 25) 24) 34) 32)~ 11,((((37,36)~ 35) 34) 32) 11)+ 11)+ 11)~ 10) 8) 6,((((4,5)~ 3,((4,5)~ 3,(4,5)~ 3)+ 3)+ 3,2)~ 1,(2,((4,5)~ 3,(5,4)~ 3)+ 3)~ 1)+ 1)~ 0
&t ((((9,9)+ 9) 8) 6,((5) 3,2)~ 1)~ 0
&t (((9,(((39,(40,40)+ 40)~ 38,((((((((((((31) 29) 27) 25) 24) 14) 12,(((((28,(30) 29)~ 27) 25) 24) 34) 32)~ 11,((((((28) 27) 25) 24) 14) 12,((((((31,30)~ 29) 27) 25) 24) 34) 32)~ 11)+ 11,(((((26) 25) 24) 14) 12) 11)+ 11,((((36,37)~ 35) 34) 32) 11)+ 11,((33) 32) 11)+ 11,(((((((((((30,31)~ 29) 27) 25) 24) 14) 12,((((((30,31)~ 29) 27) 25) 24) 34) 32)~ 11,((((((28) 27) 25) 24) 14) 12) 11)+ 11,((((((28) 27) 25) 24) 14) 12,((((((30,31)~ 29) 27) 25) 24) 34) 32)~ 11)+ 11,(((((26) 25) 24) 14) 12,((((26) 25) 24) 34) 32)~ 11)+ 11,(((13,((((21,22)~ 20) 19) 15) 14)~ 12) 11,(((((17,18)~ 16) 15) 14) 12) 11)+ 11)+ 11)+ 11)~ 10,((((((((((((((28) 27) 25) 24) 14) 12,((((((31,30)~ 29) 27) 25) 24) 34) 32)~ 11,(((((((31) 29) 27) 25) 24) 14) 12,(((((28,(30) 29)~ 27) 25) 24) 34) 32)~ 11)+ 11,((((((28,(30,31)~ 29)~ 27) 25) 24) 14) 12,(((((28,(30,31)~ 29)~ 27) 25) 24) 34) 32)~ 11)+ 11,(((((26) 25) 24) 14) 12) 11)+ 11,(((((23) 19) 15) 14) 12) 11)+ 11,((13) 12) 11)+ 11,((((((21,22)~ 20) 19) 15) 14) 12) 11)+ 11,((((37,36)~ 35) 34,(33,33)+ 33)~ 32) 11)+ 11,(39,40)~ 38)~ 10)+ 10)~ 8) 6) 0
&t (((2,(((5,4)~ 3,(4) 3)+ 3,(5) 3)+ 3)~ 1,(2,((((4,5)~ 3,(4,5)~ 3)+ 3,((4,5)~ 3,((4,(5,5)+ 5)~ 3,(4) 3)+ 3)+ 3)+ 3,((5,4)~ 3,(5,4)~ 3)+ 3)+ 3)~ 1)+ 1,(((((((((((((((((28,(31,30)~ 29)~ 27) 25) 24) 14) 12,(((((28,(30,31)~ 29)~ 27) 25) 24) 34) 32)~ 11,(((((26) 25) 24) 14) 12) 11)+ 11,(((((26) 25) 24) 14) 12) 11)+ 11,((((36,37)~ 35) 34) 32) 11)+ 11,((((((26) 25) 24) 34) 32,((((((17,18)~ 16,(18) 16)+ 16,(17) 16)+ 16,((22,21)~ 20,(23,23)+ 23)~ 19)~ 15) 14) 12)~ 11,(((((((28,(30,31)~ 29)~ 27) 25) 24) 14) 12,(((((28,(31,30)~ 29)~ 27) 25) 24) 34) 32)~ 11,((13) 12) 11)+ 11)+ 11)+ 11,((33) 32) 11)+ 11,(39,40)~ 38)~ 10,(((33) 32) 11) 10)+ 10,((((((((((28) 27) 25) 24) 14) 12,((((((31,30)~ 29) 27) 25) 24) 34) 32)~ 11,(((((((31) 29) 27) 25) 24) 14) 12,((((((30) 29,28)~ 27) 25) 24) 34) 32)~ 11)+ 11,(((((26) 25) 24) 14) 12) 11)+ 11,(((((36,37)~ 35,(36) 35)+ 35) 34) 32) 11)+ 11) 10)+ 10,(((((((((((30,31)~ 29,28)~ 27) 25) 24) 14) 12,(((((28,(31,30)~ 29)~ 27) 25) 24) 34) 32)~ 11,(((((26) 25) 24) 14) 12) 11)+ 11,(((((18,17)~ 16,((22) 20,23)~ 19)~ 15) 14) 12) 11)+ 11,((13) 12) 11)+ 11) 10)+ 10,9)~ 8) 6)~ 0
&t (((7,7)+ 7) 6,((((((((5) 3,2)~ 1,((5) 3) 1)+ 1,((4) 3) 1)+ 1,((5) 3) 1)+ 1,((4) 3) 1)+ 1,((4,5)~ 3) 1)+ 1,(2) 1)+ 1)~ 0
&t ((7,(9) 8)~ 6,((2,((5,4)~ 3,(4,5)~ 3)+ 3)~ 1,(2,((4,5)~ 3,(4) 3)+ 3)~ 1)+ 1)~ 0
&t ((7,(9,((39,40)~ 38,(((((((((((28,(31,30)~ 29)~ 27) 25) 24) 14) 12,(((((28,(31,30)~ 29)~ 27) 25) 24) 34) 32)~ 11,(((((26) 25) 24) 14) 12) 11)+ 11,(((((17,18)~ 16,(23,(22,21)~ 20)~ 19)~ 15) 14) 12) 11)+ 11,((13) 12) 11)+ 11,((33) 32) 11)+ 11,((((((((28,(30,31)~ 29)~ 27) 25) 24) 14) 12,(((((28,(30,31)~ 29)~ 27) 25) 24) 34) 32)~ 11,(((((26) 25) 24) 14) 12,((((26) 25) 24) 34) 32)~ 11)+ 11,((((36,37)~ 35) 34) 32) 11)+ 11)+ 11)~ 10)~ 8)~ 6,(((4,5)~ 3,(5,4)~ 3)+ 3,2)~ 1)~ 0
&t ((((9,9)+ 9,(((((((((((((28,(30,31)~ 29)~ 27) 25) 24) 14) 12,(((((28,(31,30)~ 29)~ 27) 25) 24) 34) 32)~ 11,((((((((30) 29) 27) 25) 24) 14) 12,((((((31) 29) 27) 25) 24) 34) 32)~ 11,((((((28) 27) 25) 24) 14) 12,(((((28,(30,31)~ 29)~ 27) 25) 24) 34) 32)~ 11)+ 11)+ 11,(((((((21) 20) 19) 15) 14,13)~ 12) 11,((((((18,17)~ 16,((22,21)~ 20) 19)~ 15,((23) 19) 15)+ 15) 14) 12) 11)+ 11)+ 11,((13,(((23) 19) 15) 14)~ 12) 11)+ 11,((((((22) 20) 19) 15) 14) 12) 11)+ 11,(((((((((((30) 29,28)~ 27) 25) 24) 14) 12,((((((31) 29) 27) 25) 24) 34) 32)~ 11,((((((28) 27) 25) 24) 14) 12,((((((30) 29) 27) 25) 24) 34) 32)~ 11)+ 11,((((((26) 25) 24) 14) 12,((((26) 25) 24) 34) 32)~ 11,(((((26) 25) 24) 14) 12) 11)+ 11)+ 11,(((((((((30) 29) 27) 25) 24) 14) 12,((((((31) 29) 27) 25) 24) 34) 32)~ 11,((((((((31) 29,28)~ 27) 25) 24) 14) 12,((((((30) 29) 27) 25) 24) 34) 32)~ 11,((((((28) 27) 25) 24) 14) 12) 11)+ 11)+ 11,(((((26) 25) 24) 14) 12) 11)+ 11)+ 11,((((36) 35) 34) 32) 11)+ 11)+ 11,((((37) 35) 34) 32) 11)+ 11,(39,40)~ 38)~ 10)~ 8) 6) 0
&t (((7,7)+ 7,((((9,9)+ 9,((((((((((28,(31,30)~ 29)~ 27) 25) 24) 14) 12,(((((28,(31,30)~ 29)~ 27) 25) 24) 34) 32)~ 11,((((((28,(31,30)~ 29)~ 27) 25) 24) 14) 12,(((((28,(30,31)~ 29)~ 27) 25) 24) 34) 32)~ 11)+ 11,(((((26) 25) 24) 14) 12) 11)+ 11,((13,((((18,(17,17)+ 17)~ 16,(18) 16)+ 16,(23,(21,22)~ 20)~ 19)~ 15) 14)~ 12) 11)+ 11) 10)~ 8,(((((((((((30,31)~ 29) 27) 25) 24) 14) 12,(((((28,(31,30)~ 29)~ 27) 25) 24) 34) 32)~ 11,(((((26) 25) 24) 14) 12) 11)+ 11,((39,40)~ 38,(40,39)~ 38)+ 38)~ 10,(((33) 32) 11) 10)+ 10) 8)+ 8,(9) 8)+ 8)~ 6) 0
&t (((2,(4,5)~ 3)~ 1,((5,4)~ 3) 1)+ 1,((((((((((((28,(30,31)~ 29)~ 27) 25) 24) 14) 12,(((((28,(31,30)~ 29)~ 27) 25) 24) 34) 32)~ 11,(((((26) 25) 24) 14) 12) 11)+ 11,((13,(((23,(21,22)~ 20)~ 19,(17,18)~ 16)~ 15) 14)~ 12) 11)+ 11,((40,39)~ 38,(39) 38)+ 38)~ 10,(((((((((30,31)~ 29,28)~ 27) 25) 24) 14) 12,(((((28,(31,30)~ 29)~ 27) 25) 24) 34) 32)~ 11,((((37,36)~ 35) 34) 32) 11)+ 11) 10)+ 10,9)~ 8,7)~ 6)~ 0
&t ((2,((5,4)~ 3,(5) 3)+ 3)~ 1,(7,(9,(((((40,39)~ 38,(39,40)~ 38)+ 38,(39,40)~ 38)+ 38,((((((((((28,(30,31)~ 29)~ 27) 25) 24) 14) 12,(((((28,(31,30)~ 29)~ 27) 25) 24) 34) 32)~ 11,(((((26) 25) 24) 14) 12) 11)+ 11,(((((18,17)~ 16,((22,21)~ 20,(23,23)+ 23)~ 19)~ 15) 14) 12) 11)+ 11,((13) 12) 11)+ 11,(((((((((31,30)~ 29) 27) 25) 24) 14) 12,(((((28,(31,30)~ 29)~ 27) 25) 24) 34) 32)~ 11,(((((26) 25) 24) 14) 12) 11)+ 11,((33) 32) 11)+ 11)+ 11)~ 10,(((((36,37)~ 35) 34) 32) 11) 10)+ 10)~ 8)~ 6)~ 0
&t ((((2,(5,4)~ 3)~ 1,((5) 3) 1)+ 1,((4) 3) 1)+ 1,(((((((((((((((28) 27) 25) 24) 14) 12,((((((31,30)~ 29) 27) 25) 24) 34) 32)~ 11,(((((((30) 29) 27) 25) 24) 14) 12,((((((31) 29,28)~ 27) 25) 24) 34) 32)~ 11)+ 11,(((((26) 25) 24) 14) 12) 11)+ 11,(((((23,(22,21)~ 20)~ 19) 15) 14) 12) 11)+ 11,(((((((28,(31,30)~ 29)~ 27) 25) 24) 14) 12,(((((28,(31,30)~ 29)~ 27) 25) 24) 34) 32)~ 11,(((((26) 25) 24) 34) 32,((((18,17)~ 16,(23,((22,21)~ 20,(22,21)~ 20)+ 20)~ 19)~ 15) 14) 12)~ 11)+ 11)+ 11,((13) 12) 11)+ 11,(((((((((30,31)~ 29) 27) 25) 24) 14) 12,(((((28,(31,30)~ 29)~ 27) 25) 24) 34) 32)~ 11,(((((26) 25) 24) 14) 12) 11)+ 11,(((((36,37)~ 35,(36,37)~ 35)+ 35) 34) 32) 11)+ 11)+ 11,(39,40)~ 38)~ 10,9)~ 8,7)~ 6)~ 0
&t ((7,(((((9,((((((23,(22,21)~ 20)~ 19) 15) 14) 12) 11) 10)~ 8,(((((((18,17)~ 16) 15) 14) 12) 11) 10) 8)+ 8,(((((((26,(28,(30,31)~ 29)~ 27)~ 25) 24) 34) 32,(13) 12)~ 11) 10) 8)+ 8,((((((((((28,(31,30)~ 29)~ 27) 25) 24) 14) 12,(((((28,(31,30)~ 29)~ 27) 25) 24) 34) 32)~ 11,(((((26) 25) 24) 14) 12,((((26) 25) 24) 34) 32)~ 11)+ 11,((((37,(36,36)+ 36)~ 35) 34) 32) 11)+ 11) 10) 8)+ 8,(((((33) 32) 11,(39,40)~ 38)~ 10,(((((37,(36,36)+ 36)~ 35) 34) 32) 11) 10)+ 10) 8)+ 8)~ 6,(((5,4)~ 3,(4,5)~ 3)+ 3) 1)~ 0
&t ((7,(((((((((((28,(31,30)~ 29)~ 27) 25) 24) 14) 12,(((((28,(31,30)~ 29)~ 27) 25) 24) 34) 32)~ 11,(((((26) 25) 24) 14) 12) 11)+ 11,(((((17) 16,(23,(22,21)~ 20)~ 19)~ 15) 14) 12) 11)+ 11,((((((((28,(30,31)~ 29)~ 27) 25) 24) 14) 12,(((((28,(31,30)~ 29)~ 27) 25) 24) 34) 32)~ 11,(((((26) 25) 24) 14) 12) 11)+ 11,((((37,36)~ 35) 34) 32) 11)+ 11)+ 11,((40,39)~ 38,((39,40)~ 38,(40) 38)+ 38)+ 38)~ 10) 8)~ 6,(((4,5)~ 3,(5,4)~ 3)+ 3) 1)~ 0
&t ((7,(9,(((40,39)~ 38,(40) 38)+ 38,(((((((((((28,(31,30)~ 29)~ 27) 25) 24) 14) 12,(((((28,(31,30)~ 29)~ 27) 25) 24) 34) 32)~ 11,((((((28) 27) 25) 24) 14) 12,((((((31,30)~ 29) 27) 25) 24) 34) 32)~ 11)+ 11,(((((26) 25) 24) 14) 12) 11)+ 11,((((36,37)~ 35) 34) 32) 11)+ 11,((33) 32) 11)+ 11,(((((((((((28) 27) 25) 24) 14) 12,((((((30,31)~ 29) 27) 25) 24) 34) 32)~ 11,((((((((30,31)~ 29) 27) 25) 24) 14) 12,((((((31,30)~ 29) 27) 25) 24) 34) 32)~ 11,((((((28) 27) 25) 24) 14) 12) 11)+ 11)+ 11,(((((26) 25) 24) 14) 12) 11)+ 11,(((((23,(22,21)~ 20)~ 19) 15) 14) 12) 11)+ 11,((13) 12) 11)+ 11,(((((18) 16) 15) 14) 12) 11)+ 11)+ 11)~ 10)~ 8)~ 6,(((2,2)+ 2,((4,5)~ 3,(4,5)~ 3)+ 3)~ 1,(2) 1)+ 1)~ 0
&t ((7,(9,((39,40)~ 38,((((((37) 35) 34) 32,(13,(((18,17)~ 16,(23,(21,22)~ 20)~ 19)~ 15) 14)~ 12)~ 11,((((37,36)~ 35) 34) 32) 11)+ 11,((33) 32) 11)+ 11)~ 10)~ 8)~ 6,((4,5)~ 3,2)~ 1)~ 0
&t ((((7,(7,7)+ 7)+ 7,(9) 8)~ 6,((((40,39)~ 38,(((((((((((28,(30,31)~ 29)~ 27) 25) 24) 14) 12,(((((28,(30,31)~ 29)~ 27) 25) 24) 34) 32)~ 11,(((13,(13,13)+ 13)+ 13) 12) 11)+ 11,(((((23) 19) 15) 14) 12) 11)+ 11,(((((18,17)~ 16) 15) 14) 12) 11)+ 11,((((((((28,(30,31)~ 29)~ 27) 25) 24) 14) 12,(((((28,(30,31)~ 29)~ 27) 25) 24) 34) 32)~ 11,(((((26) 25) 24) 14) 12,((((26) 25) 24) 34) 32)~ 11)+ 11,((((36,37)~ 35) 34) 32) 11)+ 11)+ 11,((33) 32) 11)+ 11)~ 10) 8) 6)+ 6,((((5,4)~ 3,(4,5)~ 3)+ 3,2)~ 1,(2,((4,5)~ 3,(4,5)~ 3)+ 3)~ 1)+ 1)~ 0
&t (((9,((39,40)~ 38,(((((((((28) 27) 25) 24) 14) 12,((((((31,30)~ 29) 27) 25) 24) 34) 32)~ 11,((((((28,(31,30)~ 29)~ 27) 25) 24) 14) 12,((((((31,30)~ 29) 27) 25) 24) 34) 32)~ 11)+ 11,((33,((36,37)~ 35) 34)~ 32) 11)+ 11,(((((((((28) 27) 25) 24) 14) 12,(((((28,(30,31)~ 29)~ 27) 25) 24) 34) 32)~ 11,(((((26) 25) 24) 14) 12,((((26) 25) 24) 34) 32)~ 11)+ 11,(((((17,18)~ 16,(23,(21,22)~ 20)~ 19)~ 15) 14) 12) 11)+ 11,((13) 12) 11)+ 11)+ 11)~ 10)~ 8) 6,(((5,4)~ 3,(5,4)~ 3)+ 3,2)~ 1)~ 0
&t (((9,((((((((((((28,(31,30)~ 29)~ 27) 25) 24) 14) 12,(((((28,(31,30)~ 29)~ 27) 25) 24) 34) 32)~ 11,((((((28,(31,30)~ 29)~ 27) 25) 24) 14) 12,(((((28,(31,30)~ 29)~ 27) 25) 24) 34) 32)~ 11)+ 11,(((((26) 25) 24) 14) 12) 11)+ 11,(((((18,17)~ 16,(23,((21,22)~ 20,(22,21)~ 20)+ 20)~ 19)~ 15) 14) 12) 11)+ 11,((13) 12) 11)+ 11,(((((((((28,(31,30)~ 29)~ 27) 25) 24) 14) 12,(((((28,(31,30)~ 29)~ 27) 25) 24) 34) 32)~ 11,(((((26) 25) 24) 14) 12) 11)+ 11,((((37) 35) 34) 32) 11)+ 11,((33) 32) 11)+ 11)+ 11,(40,39)~ 38)~ 10)~ 8) 6,(((4,5)~ 3,(5,4)~ 3)+ 3,2)~ 1)~ 0
&t ((((5,4)~ 3,(5,4)~ 3)+ 3) 1,(((9,9)+ 9) 8,7)~ 6)~ 0
&t ((2,((5,4)~ 3,(5,4)~ 3)+ 3)~ 1) 0
&t ((2,((4,5)~ 3,(5,4)~ 3)+ 3)~ 1,((((7,(((((33,33)+ 33) 32) 11) 10) 8)~ 6,(((((((((23,(21,22)~ 20)~ 19,((18,17)~ 16,(17) 16)+ 16)~ 15) 14) 12,((((((30) 29,28)~ 27,26)~ 25) 24) 34) 32)~ 11,((13) 12) 11)+ 11) 10) 8) 6)+ 6,((((((((26) 25) 24) 14) 12,(((36,37)~ 35) 34) 32)~ 11) 10) 8) 6)+ 6,(((((40,39)~ 38,(40,39)~ 38)+ 38) 10) 8) 6)+ 6)~ 0
&t (((7,(((39,40)~ 38,(((((((((28,(31,30)~ 29)~ 27) 25) 24) 14) 12,(((((28,(30,31)~ 29)~ 27) 25) 24) 34) 32)~ 11,(((((26) 25) 24) 14) 12,((((26) 25) 24) 34) 32)~ 11)+ 11,((((36,37)~ 35) 34) 32) 11)+ 11,(((((((28,(30,31)~ 29)~ 27) 25) 24) 14) 12,(((((28,(30,31)~ 29)~ 27) 25) 24) 34) 32)~ 11,((13,(((23) 19,(17,18)~ 16)~ 15) 14)~ 12) 11)+ 11)+ 11)~ 10) 8)~ 6,((9) 8) 6)+ 6,(((5,(4,4)+ 4)~ 3,(5,4)~ 3)+ 3,2)~ 1)~ 0
&t (((9,((((((((((((26) 25) 24) 14) 12,((((26) 25) 24) 34) 32)~ 11,((((((28,(30,31)~ 29)~ 27) 25) 24) 14) 12,(((((28,(30,31)~ 29)~ 27) 25) 24) 34) 32)~ 11)+ 11,(((((17) 16,(23,(21,22)~ 20)~ 19)~ 15) 14) 12) 11)+ 11,(((13,13)+ 13) 12) 11)+ 11,(((((26) 25) 24) 14) 12) 11)+ 11,(((33,33)+ 33,((36,37)~ 35) 34)~ 32) 11)+ 11,(39,40)~ 38)~ 10,((40,39)~ 38) 10)+ 10)~ 8) 6,((((4,5)~ 3,(5,4)~ 3)+ 3,2)~ 1,(2,((5,4)~ 3,(5,(4,4)+ 4)~ 3)+ 3)~ 1)+ 1)~ 0
&t ((7,((9,9)+ 9) 8)~ 6,(((2,2)+ 2,((5,4)~ 3,(5,4)~ 3)+ 3)~ 1,(((5,4)~ 3,(5,4)~ 3)+ 3) 1)+ 1)~ 0
&t ((2,((5,4)~ 3,(4,(5,5)+ 5)~ 3)+ 3)~ 1,((((40,39)~ 38,((((((((((28,(31,30)~ 29)~ 27) 25) 24) 14) 12,(((((28,(31,30)~ 29)~ 27) 25) 24) 34) 32)~ 11,(((((26) 25) 24) 14) 12) 11)+ 11,((((37,36)~ 35) 34) 32) 11)+ 11,((((((((28,(31,30)~ 29)~ 27) 25) 24) 14) 12,(((((28,(30,31)~ 29)~ 27) 25) 24) 34) 32)~ 11,(((((26) 25) 24) 14) 12) 11)+ 11,(((13,(((17,18)~ 16,(23,(21,22)~ 20)~ 19)~ 15) 14)~ 12) 11,(((13,13)+ 13) 12) 11)+ 11)+ 11)+ 11,((33) 32) 11)+ 11)~ 10,(9,9)+ 9)~ 8,7)~ 6)~ 0
&t (((7,(((39,40)~ 38,(((((((((28,(31,30)~ 29)~ 27) 25) 24) 14) 12,(((((28,(30,31)~ 29)~ 27) 25) 24) 34) 32)~ 11,(((((26) 25) 24) 14) 12) 11)+ 11,((((36) 35) 34) 32) 11)+ 11,(((((((((28,(31,30)~ 29)~ 27) 25) 24) 14) 12,(((((28,(31,30)~ 29)~ 27) 25) 24) 34) 32)~ 11,(((((26) 25) 24) 14) 12) 11)+ 11,((13,(((18,17)~ 16,(23,(22,21)~ 20)~ 19)~ 15) 14)~ 12) 11)+ 11,((33) 32) 11)+ 11)+ 11)~ 10) 8)~ 6,((9) 8) 6)+ 6,((((4,5)~ 3,(5) 3)+ 3,2)~ 1,(((4,5)~ 3,(5,(4,4)+ 4)~ 3)+ 3,(2,2)+ 2)~ 1)+ 1)~ 0
&t ((7,(9,(((40,39)~ 38,(((((((((((28,(31,30)~ 29)~ 27) 25) 24) 14) 12,(((((28,(31,30)~ 29)~ 27) 25) 24) 34) 32)~ 11,((((((28,(31,30)~ 29)~ 27) 25) 24) 14) 12,(((((28,(30,31)~ 29)~ 27) 25) 24) 34) 32)~ 11)+ 11,(((((26) 25) 24) 14) 12) 11)+ 11,((((((((30,31)~ 29) 27) 25) 24) 14) 12,(((((28,(31,30)~ 29)~ 27) 25) 24) 34) 32)~ 11,(((((26) 25) 24) 14) 12) 11)+ 11)+ 11,((((36,37)~ 35) 34) 32) 11)+ 11,((((((((28,(30,31)~ 29)~ 27) 25) 24) 14) 12,(((((28,(30,31)~ 29)~ 27) 25) 24) 34) 32)~ 11,(((((26) 25) 24) 14) 12) 11)+ 11,(((((18,17)~ 16,(23,(22,21)~ 20)~ 19)~ 15) 14) 12) 11)+ 11)+ 11)~ 10,(((((((((((28,(30,31)~ 29)~ 27) 25) 24) 14) 12,(((((28,(31,30)~ 29)~ 27) 25) 24) 34) 32)~ 11,(((((((28) 27) 25) 24) 14) 12,(((((28) 27) 25) 24) 34) 32)~ 11,(((((((30) 29) 27) 25) 24) 14) 12,((((((31) 29) 27) 25) 24) 34) 32)~ 11)+ 11)+ 11,(((((26) 25) 24) 14) 12) 11)+ 11,((((37,36)~ 35) 34) 32) 11)+ 11,((13,(((18,17)~ 16,((22,21)~ 20) 19)~ 15) 14)~ 12) 11)+ 11,(39,40)~ 38)~ 10)+ 10)~ 8)~ 6,(((4,5)~ 3,(5,4)~ 3)+ 3,2)~ 1)~ 0
&t ((7,((((9,((((((((((28,(31,30)~ 29)~ 27) 25) 24) 14) 12,(((((28,(31,30)~ 29)~ 27) 25) 24) 34) 32)~ 11,(((((26) 25) 24) 14) 12) 11)+ 11,(((((23,(22,21)~ 20)~ 19,(17,18)~ 16)~ 15) 14) 12) 11)+ 11,((13) 12) 11)+ 11) 10)~ 8,(((((((((((28,(31,30)~ 29)~ 27) 25) 24) 14) 12,((((((30,31)~ 29) 27,26)~ 25) 24) 34) 32)~ 11,((((((28) 27) 25) 24) 14) 12) 11)+ 11,((((36,37)~ 35) 34) 32) 11)+ 11,((33) 32) 11)+ 11) 10) 8)+ 8,((((40,39)~ 38,(40,39)~ 38)+ 38) 10) 8)+ 8,(((39,(40,40)+ 40)~ 38,((((((((((28,(31,30)~ 29)~ 27) 25) 24) 14) 12,(((((28,(30,31)~ 29)~ 27) 25) 24) 34) 32)~ 11,((((36) 35) 34) 32) 11)+ 11,((33) 32) 11)+ 11,((13,(((23,(((21,22)~ 20,(21) 20)+ 20,(22,21)~ 20)+ 20)~ 19,(17,18)~ 16)~ 15) 14)~ 12) 11)+ 11,(((((26) 25) 24) 14) 12) 11)+ 11)~ 10) 8)+ 8)~ 6,(((4,5)~ 3,(4) 3)+ 3,2)~ 1)~ 0
&t ((7,((9,((39,40)~ 38,((((((((((28,(30,31)~ 29)~ 27) 25) 24) 14) 12,(((((28,(30,31)~ 29)~ 27) 25) 24) 34) 32)~ 11,(((((26) 25) 24) 14) 12) 11)+ 11,((((((((21,22)~ 20,((22,21)~ 20,(22,21)~ 20)+ 20)+ 20) 19,(17,18)~ 16)~ 15,((23) 19) 15)+ 15) 14) 12) 11)+ 11,((13) 12) 11)+ 11,((33) 32) 11)+ 11)~ 10)~ 8,(9,((39) 38,((((((((((28,(31,30)~ 29)~ 27) 25) 24) 14) 12,(((((28,(30,31)~ 29)~ 27) 25) 24) 34) 32)~ 11,(((((26) 25) 24) 14) 12) 11)+ 11,((13) 12) 11)+ 11,(((((17,(18,18)+ 18)~ 16,((22,21)~ 20,(23,23)+ 23)~ 19)~ 15) 14) 12) 11)+ 11,(((((((((28,(30,31)~ 29)~ 27) 25) 24) 14) 12,(((((28,(31,30)~ 29)~ 27) 25) 24) 34) 32)~ 11,(((((26) 25) 24) 14) 12) 11)+ 11,((((36,(37,37)+ 37)~ 35) 34) 32) 11)+ 11,((33) 32) 11)+ 11)+ 11)~ 10)~ 8)+ 8)~ 6,((2,(5,4)~ 3)~ 1,((4,5)~ 3) 1)+ 1)~ 0
&t (((7,(7,7)+ 7)+ 7,(((((40,39)~ 38,((((((((28,(31,30)~ 29)~ 27) 25) 24) 14) 12,(((((28,(30,31)~ 29)~ 27) 25) 24) 34) 32)~ 11,(((((26) 25) 24) 14) 12) 11)+ 11,((((37) 35) 34) 32) 11)+ 11)~ 10,(((((((((28,(30,31)~ 29)~ 27) 25) 24) 14) 12,(((((28,(31,30)~ 29)~ 27) 25) 24) 34) 32)~ 11,(((((26) 25) 24) 14) 12) 11)+ 11,((13) 12) 11)+ 11) 10)+ 10,((((((18,17)~ 16) 15) 14) 12) 11) 10)+ 10,9)~ 8)~ 6) 0
&t ((7,(((((((33) 32) 11,(40,39)~ 38)~ 10,((((((((((28,(31,30)~ 29)~ 27) 25) 24) 14) 12,(((((28,(30,31)~ 29)~ 27) 25) 24) 34) 32)~ 11,(((((26) 25) 24) 14) 12) 11)+ 11,(((((18,(17,17)+ 17)~ 16,(23,(21,22)~ 20)~ 19)~ 15) 14) 12) 11)+ 11,(((13,13)+ 13) 12) 11)+ 11) 10)+ 10,(((((37,36)~ 35) 34) 32) 11) 10)+ 10,((((((((28,(30,31)~ 29)~ 27) 25) 24) 14) 12,(((((28,(31,30)~ 29)~ 27) 25) 24) 34) 32)~ 11,(((((26) 25) 24) 14) 12) 11)+ 11) 10)+ 10) 8)~ 6,((2,2)+ 2,((5,4)~ 3,(5) 3)+ 3)~ 1)~ 0
&t ((7,(9,(((((((((((28,(30) 29)~ 27) 25) 24) 14) 12,(((((28,(30,31)~ 29)~ 27) 25) 24) 34) 32)~ 11,(((((26) 25) 24) 14) 12) 11)+ 11,((((36,37)~ 35) 34) 32) 11)+ 11,((33) 32) 11)+ 11,(((((((((28,(30,31)~ 29)~ 27) 25) 24) 14) 12,(((((28,(30,31)~ 29)~ 27) 25) 24) 34) 32)~ 11,(((((26) 25) 24) 14) 12) 11)+ 11,(((((18) 16,(23,(22,21)~ 20)~ 19)~ 15) 14) 12) 11)+ 11,((13) 12) 11)+ 11)+ 11) 10)~ 8)~ 6,((((4,4)+ 4,5)~ 3,(4,(5,5)+ 5)~ 3)+ 3,(2,2)+ 2)~ 1)~ 0
&t (((2,(5,4)~ 3)~ 1,((((4,5)~ 3,(4) 3)+ 3,(5,4)~ 3)+ 3) 1)+ 1,((((((40,39)~ 38,(39,40)~ 38)+ 38,((((((((26) 25) 24) 14) 12,((((26) 25) 24) 34) 32)~ 11,((((((28,(31,30)~ 29)~ 27) 25) 24) 14) 12,(((((28,(31,30)~ 29)~ 27) 25) 24) 34) 32)~ 11)+ 11,(((((37,(36,36)+ 36)~ 35,((37,37)+ 37) 35)+ 35) 34) 32) 11)+ 11,((13,(((17,18)~ 16,(23,(22,21)~ 20)~ 19)~ 15) 14)~ 12) 11)+ 11)~ 10) 8,7)~ 6,((9) 8) 6)+ 6)~ 0
&t (((((2,((4,5)~ 3,(4,5)~ 3)+ 3)~ 1,((((((((((28,(31,30)~ 29)~ 27) 25) 24) 14) 12,(((((28,(31,30)~ 29)~ 27) 25) 24) 34) 32)~ 11,(((((26) 25) 24) 14) 12) 11)+ 11) 10) 8) 6)~ 0,(((((((((23,(21,22)~ 20)~ 19) 15) 14) 12) 11) 10) 8) 6) 0)+ 0,((((4,5)~ 3,(5) 3)+ 3,2)~ 1,((7,(((((((((28,(31,30)~ 29)~ 27) 25) 24) 14) 12,(((((28,(30,31)~ 29)~ 27) 25) 24) 34) 32)~ 11,(((((26) 25) 24) 14) 12) 11)+ 11) 10) 8)~ 6,((((9,(((33) 32) 11) 10)~ 8,(((39,40)~ 38) 10) 8)+ 8,((((((37,36)~ 35) 34) 32) 11) 10) 8)+ 8) 6)+ 6)~ 0)+ 0,((((((13) 12) 11) 10) 8) 6) 0)+ 0
&t ((2,((4,5)~ 3,(5,4)~ 3)+ 3)~ 1,(((((7,7)+ 7,(7,7)+ 7)+ 7,7)+ 7,7)+ 7,(9) 8)~ 6)~ 0
&t (((7,(((39,40)~ 38,((((((((((30,31)~ 29) 27) 25) 24) 14) 12,(((((28,(30,31)~ 29)~ 27) 25) 24) 34) 32)~ 11,(((((26) 25) 24) 14) 12) 11)+ 11,((((36,37)~ 35) 34) 32) 11)+ 11,((((((((((((28,(30,31)~ 29)~ 27) 25) 24) 14) 12,(((((28,(31,30)~ 29)~ 27) 25) 24) 34) 32)~ 11,((((((28,(30,31)~ 29)~ 27) 25) 24) 14) 12,(((((28,(31,30)~ 29)~ 27) 25) 24) 34) 32)~ 11)+ 11,(((((26) 25) 24) 14) 12) 11)+ 11,(((((((((28) 27) 25) 24) 14) 12,((((((31,30)~ 29) 27) 25) 24) 34) 32)~ 11,(((((((((30) 29) 27) 25) 24) 14) 12,((((((30) 29) 27) 25) 24) 34) 32)~ 11,(((((((31) 29) 27) 25) 24) 14) 12) 11)+ 11,((((((28) 27) 25) 24) 14) 12) 11)+ 11)+ 11,((((((28,(31,30)~ 29)~ 27) 25) 24) 14) 12,(((((28,(30,31)~ 29)~ 27) 25) 24) 34) 32)~ 11)+ 11,(((((26) 25) 24) 14) 12) 11)+ 11)+ 11,((((((22,21)~ 20,(23,23)+ 23)~ 19) 15) 14) 12) 11)+ 11,((13,(((17,18)~ 16) 15) 14)~ 12) 11)+ 11,((33) 32) 11)+ 11)+ 11)~ 10) 8)~ 6,((9) 8) 6)+ 6,((((2,(5) 3)~ 1,((4) 3) 1)+ 1,((5,4)~ 3) 1)+ 1,(2,((4,5)~ 3,(4,5)~ 3)+ 3)~ 1)+ 1)~ 0
&t ((7,((((((((((((28,(30,31)~ 29)~ 27) 25) 24) 14) 12,(((((28,(30,31)~ 29)~ 27) 25) 24) 34) 32)~ 11,(((((26) 25) 24) 14) 12) 11)+ 11,((((((18,17)~ 16,(18) 16)+ 16,(23,((21,22)~ 20,(21,22)~ 20)+ 20)~ 19)~ 15) 14) 12) 11)+ 11,(((13,13)+ 13) 12) 11)+ 11,(((((((((28,(31,30)~ 29)~ 27) 25) 24) 14) 12,(((((28,(30,31)~ 29)~ 27) 25) 24) 34) 32)~ 11,(((((26) 25) 24) 14) 12,((((26) 25) 24) 34) 32)~ 11)+ 11,((33) 32) 11)+ 11,((((36) 35) 34) 32) 11)+ 11)+ 11) 10,9)~ 8)~ 6) 0
&t ((7) 6,(((4,5)~ 3,2)~ 1,((4,5)~ 3) 1)+ 1)~ 0
&t ((7,(((((((((((28,(31,30)~ 29)~ 27) 25) 24) 14) 12,(((((28,(31,30)~ 29)~ 27) 25) 24) 34) 32)~ 11,(((((26) 25) 24) 14) 12) 11)+ 11,((((37,36)~ 35) 34) 32) 11)+ 11,((((((((((((30) 29) 27) 25) 24) 14) 12,((((((31) 29,28)~ 27) 25) 24) 34) 32)~ 11,((((((28) 27) 25) 24) 14) 12,((((((31,30)~ 29) 27) 25) 24) 34) 32)~ 11)+ 11,(((((26) 25) 24) 14) 12) 11)+ 11,(((((23,(22,21)~ 20)~ 19) 15) 14) 12) 11)+ 11,((13) 12) 11)+ 11,((33) 32) 11)+ 11)+ 11,(39,40)~ 38)~ 10) 8)~ 6,(((4,5)~ 3,(4,5)~ 3)+ 3,2)~ 1)~ 0
&t (((7,((((((((((((28,(31,30)~ 29)~ 27) 25) 24) 14) 12,(((((28,(30,31)~ 29)~ 27) 25) 24) 34) 32)~ 11,(((((26) 25) 24) 14) 12) 11)+ 11,(((((18,17)~ 16,((21,22)~ 20) 19)~ 15) 14) 12) 11)+ 11,((33) 32) 11)+ 11,((((((((28,(31,30)~ 29)~ 27) 25) 24) 14) 12,(((((28,(30,31)~ 29)~ 27) 25) 24) 34) 32)~ 11,(((((26) 25) 24) 14) 12) 11)+ 11,((((37,36)~ 35) 34) 32) 11)+ 11)+ 11) 10) 8)~ 6,((((((40,39)~ 38,(40) 38)+ 38,(39) 38)+ 38) 10) 8) 6)+ 6,(((4,5)~ 3,(4,5)~ 3)+ 3,2)~ 1)~ 0
&t (((9,((((40,39)~ 38,(40,39)~ 38)+ 38,((((((28,(30,31)~ 29)~ 27) 25) 24) 14) 12,(((((28,(31,30)~ 29)~ 27) 25) 24) 34) 32)~ 11)~ 10,(((((((((28,(30,31)~ 29)~ 27) 25) 24) 14) 12,(((((28,(30,31)~ 29)~ 27) 25) 24) 34) 32)~ 11,(((((26) 25) 24) 14) 12) 11)+ 11,((13,(((17,18)~ 16,((22,21)~ 20,(23,23)+ 23)~ 19)~ 15) 14)~ 12) 11)+ 11) 10)+ 10)~ 8) 6) 0
&t ((((9,9)+ 9,(((((((((((28) 27) 25) 24) 14) 12,((((((30,31)~ 29) 27) 25) 24) 34) 32)~ 11,((((((28,(31,30)~ 29)~ 27) 25) 24) 14) 12,((((((30,31)~ 29) 27) 25) 24) 34) 32)~ 11)+ 11,(((((26) 25) 24) 14) 12) 11)+ 11,((((((37,36)~ 35,((37,37)+ 37) 35)+ 35,(36,37)~ 35)+ 35) 34) 32) 11)+ 11,(39,40)~ 38)~ 10,(((((((((((28,(31,30)~ 29)~ 27) 25) 24) 14) 12,(((((28,(30,31)~ 29)~ 27) 25) 24) 34) 32)~ 11,(((((26) 25) 24) 14) 12) 11)+ 11,(((((18,17)~ 16,(23,(21,22)~ 20)~ 19)~ 15) 14) 12) 11)+ 11,((13) 12) 11)+ 11,(((((17,18)~ 16,((22) 20,23)~ 19)~ 15) 14) 12) 11)+ 11) 10)+ 10)~ 8) 6,((((5,4)~ 3,((4,5)~ 3,(5) 3)+ 3)+ 3,2)~ 1,(2,((5,4)~ 3,(4,5)~ 3)+ 3)~ 1)+ 1)~ 0
&t ((2,((4,5)~ 3,(5) 3)+ 3)~ 1,((((9) 8,(7,7)+ 7)~ 6,(7) 6)+ 6,(((((((((((((28,(31,30)~ 29)~ 27) 25) 24) 14) 12,(((((28,(31,30)~ 29)~ 27) 25) 24) 34) 32)~ 11,(((((26) 25) 24) 14) 12) 11)+ 11,((13,(((17,18)~ 16,(23,((22,(21,21)+ 21)~ 20,(22,21)~ 20)+ 20)~ 19)~ 15) 14)~ 12) 11)+ 11,((33,((37,36)~ 35) 34)~ 32) 11)+ 11,((33) 32) 11)+ 11) 10) 8) 6)+ 6)~ 0
&t (((9,((((40,39)~ 38,(((((((((((30,31)~ 29) 27) 25) 24) 14) 12,((((((30,31)~ 29) 27) 25) 24) 34) 32)~ 11,((((((28) 27) 25) 24) 14) 12) 11)+ 11,((((((28) 27) 25) 24) 14) 12,((((((31,30)~ 29) 27) 25) 24) 34) 32)~ 11)+ 11,(((((26) 25) 24) 14) 12) 11)+ 11,(((((36,37)~ 35,(37,36)~ 35)+ 35) 34) 32) 11)+ 11)~ 10,(((33) 32) 11) 10)+ 10,(((((((((28,(31,30)~ 29)~ 27) 25) 24) 14) 12,(((((28,(31,30)~ 29)~ 27) 25) 24) 34) 32)~ 11,(((((((18,17)~ 16,(23,(22,21)~ 20)~ 19)~ 15,((17,18)~ 16) 15)+ 15,((23,(22,(21,21)+ 21)~ 20)~ 19) 15)+ 15) 14) 12) 11)+ 11,((13) 12) 11)+ 11) 10)+ 10)~ 8) 6,(((5,4)~ 3,(4,5)~ 3)+ 3,2)~ 1)~ 0
&t ((2,(5,4)~ 3)~ 1,(((7,(9) 8)~ 6,((((((((((((28,(31,30)~ 29)~ 27) 25) 24) 14) 12,(((((28,(30,31)~ 29)~ 27) 25) 24) 34) 32)~ 11,(((((26) 25) 24) 14) 12) 11)+ 11,((((37,36)~ 35) 34) 32) 11)+ 11,(40,39)~ 38)~ 10,((((((((((((28) 27) 25) 24) 14) 12,((((((30,31)~ 29) 27) 25) 24) 34) 32)~ 11,((((((((31) 29) 27) 25) 24) 14) 12,((((((30) 29) 27) 25) 24) 34) 32)~ 11,((((((28) 27) 25) 24) 14) 12,(((((28) 27) 25) 24) 34) 32)~ 11)+ 11)+ 11,(((((26) 25) 24) 14) 12) 11)+ 11,((((((23) 19,(18,17)~ 16)~ 15,(((22,21)~ 20) 19) 15)+ 15) 14) 12) 11)+ 11,(((13,(13,13)+ 13)+ 13) 12) 11)+ 11,(((33,33)+ 33) 32) 11)+ 11) 10)+ 10) 8) 6)+ 6,(7) 6)+ 6)~ 0
&t ((7,(9,(((((((((((28,(30,31)~ 29)~ 27) 25) 24) 14) 12,(((((28,(31,30)~ 29)~ 27) 25) 24) 34) 32)~ 11,((((((((30) 29) 27) 25) 24) 14) 12,((((((31) 29,28)~ 27) 25) 24) 34) 32)~ 11,(((((((31) 29) 27) 25) 24) 14) 12,((((((30) 29,28)~ 27) 25) 24) 34) 32)~ 11)+ 11)+ 11,(((((26) 25) 24) 14) 12) 11)+ 11,(((((26) 25) 24) 14) 12) 11)+ 11,(((((((((28,(31,30)~ 29)~ 27) 25) 24) 14) 12,(((((28,(31,30)~ 29)~ 27) 25) 24) 34) 32)~ 11,(((((26) 25) 24) 14) 12) 11)+ 11,(((13,13)+ 13,((((23) 19,(17,18)~ 16)~ 15,((((22,21)~ 20,(22) 20)+ 20) 19) 15)+ 15) 14)~ 12) 11)+ 11,((33,((37,36)~ 35) 34)~ 32) 11)+ 11)+ 11) 10)~ 8)~ 6,((((4,5)~ 3,(4,5)~ 3)+ 3,2)~ 1,(2) 1)+ 1)~ 0
&t (((9,((39,40)~ 38,(((((((((28,(31,30)~ 29)~ 27) 25) 24) 14) 12,(((((28,(30,31)~ 29)~ 27) 25) 24) 34) 32)~ 11,(((((26) 25) 24) 14) 12) 11)+ 11,((((36,37)~ 35) 34) 32) 11)+ 11,(((((((((28,(30,31)~ 29)~ 27) 25) 24) 14) 12,(((((28,(30,31)~ 29)~ 27) 25) 24) 34) 32)~ 11,(((((26) 25) 24) 14) 12) 11)+ 11,(((((23,(22,21)~ 20)~ 19) 15) 14) 12) 11)+ 11,(((13,13)+ 13) 12) 11)+ 11)+ 11)~ 10)~ 8) 6,(((4,5)~ 3,(5,4)~ 3)+ 3) 1)~ 0
&t ((7,(((39,40)~ 38,(((((((((28) 27) 25) 24) 14) 12,((((((31,30)~ 29) 27) 25) 24) 34) 32)~ 11,(((((26) 25) 24) 34) 32,(13,(((26) 25) 24) 14)~ 12)~ 11)+ 11,(((((17,18)~ 16,(23,(22,21)~ 20)~ 19)~ 15) 14) 12) 11)+ 11,(((((((((((28) 27) 25) 24) 14) 12,(((((28,(30,31)~ 29)~ 27) 25) 24) 34) 32)~ 11,(((((((31) 29) 27) 25) 24) 14) 12) 11)+ 11,(((((((30) 29) 27) 25) 24) 14) 12) 11)+ 11,((((37) 35) 34) 32) 11)+ 11,((((36) 35) 34) 32) 11)+ 11,((33) 32) 11)+ 11)+ 11)~ 10) 8)~ 6) 0
&t ((2,(5,4)~ 3)~ 1,(((7,(7,7)+ 7)+ 7,((((40,39)~ 38,(40,39)~ 38)+ 38,(((((((((28,(30,31)~ 29)~ 27) 25) 24) 14) 12,(((((28,(31) 29)~ 27) 25) 24) 34) 32)~ 11,(((((26) 25) 24) 14) 12) 11)+ 11,((((((22,21)~ 20,23)~ 19,(18,17)~ 16)~ 15) 14,13)~ 12) 11)+ 11,(((((((((28,(30,31)~ 29)~ 27) 25) 24) 14) 12,(((((28,(31,30)~ 29)~ 27) 25) 24) 34) 32)~ 11,(((((26) 25) 24) 14) 12,((((26) 25) 24) 34) 32)~ 11)+ 11,((((36,37)~ 35) 34) 32) 11)+ 11,(((33,33)+ 33) 32) 11)+ 11)+ 11)~ 10) 8)~ 6,((9) 8) 6)+ 6)~ 0
&t ((7,((9,((40) 38) 10)~ 8,((((39,40)~ 38,((((((((((28,(31,30)~ 29)~ 27) 25) 24) 14) 12,(((((28,(30,31)~ 29)~ 27) 25) 24) 34) 32)~ 11,(((((26) 25) 24) 14) 12) 11)+ 11,(((((((28,(31,30)~ 29)~ 27) 25) 24) 14) 12,(((((28,(31,30)~ 29)~ 27) 25) 24) 34) 32)~ 11,(((((26) 25) 24) 14) 12) 11)+ 11)+ 11,((((37,36)~ 35) 34) 32) 11)+ 11,((((((((26) 25) 24) 14) 12,((((26) 25) 24) 34) 32)~ 11,((13) 12) 11)+ 11,(((((17,18)~ 16,(23,(21,22)~ 20)~ 19)~ 15) 14) 12) 11)+ 11,((33) 32) 11)+ 11)+ 11)~ 10,((((((((((28,(30,31)~ 29)~ 27) 25) 24) 14) 12,(((((28,(31,30)~ 29)~ 27) 25) 24) 34) 32)~ 11,((13) 12) 11)+ 11,(((((((22,22)+ 22,21)~ 20,23)~ 19) 15) 14) 12) 11)+ 11,((((((((28,(31,30)~ 29)~ 27) 25) 24) 14) 12,(((((28,(30,31)~ 29)~ 27) 25) 24) 34) 32)~ 11,(((((26) 25) 24) 14) 12) 11)+ 11,((33) 32) 11)+ 11)+ 11) 10)+ 10) 8)+ 8)~ 6) 0
&t ((7,(9,((39) 38,(((((((((28,(30,31)~ 29)~ 27) 25) 24) 14) 12,(((((28,(31,30)~ 29)~ 27) 25) 24) 34) 32)~ 11,(((((26) 25) 24) 14) 12,((((26) 25) 24) 34) 32)~ 11)+ 11,((13) 12) 11)+ 11,(((((((((28,(31,30)~ 29)~ 27) 25) 24) 14) 12,(((((28,(30,31)~ 29)~ 27) 25) 24) 34) 32)~ 11,(((((26) 25) 24) 14) 12) 11)+ 11,((33) 32) 11)+ 11,((((37,36)~ 35) 34) 32) 11)+ 11)+ 11)~ 10)~ 8)~ 6,(((4,5)~ 3,(5,4)~ 3)+ 3,(2,2)+ 2)~ 1)~ 0
&t ((((9) 8,(7,7)+ 7)~ 6,((((39,(40,40)+ 40)~ 38,((((((((26) 25) 24) 14) 12,((((26) 25) 24) 34) 32)~ 11,(((((23,(22,21)~ 20)~ 19) 15) 14) 12) 11)+ 11,((13) 12) 11)+ 11,((((((((28,(31,30)~ 29)~ 27) 25) 24) 14) 12,(((((28,(31,30)~ 29)~ 27) 25) 24) 34) 32)~ 11,(((((26) 25) 24) 14) 12) 11)+ 11,((((36,(37,37)+ 37)~ 35) 34) 32) 11)+ 11)+ 11)~ 10) 8,7)~ 6)+ 6) 0
&t (((((4,5)~ 3,(5) 3)+ 3) 1,(7) 6)~ 0,(((9) 8) 6,(2,((4,5)~ 3,(4,5)~ 3)+ 3)~ 1)~ 0)+ 0
&t ((2,((5,4)~ 3,(5) 3)+ 3)~ 1,(((((((40) 38,((((((((((28) 27) 25) 24) 14) 12,(((((28) 27) 25) 24) 34) 32)~ 11,(((((((31) 29) 27) 25) 24) 14) 12,((((((30) 29) 27) 25) 24) 34) 32)~ 11)+ 11,((((((28) 27) 25) 24) 14) 12,((((((31,30)~ 29) 27) 25) 24) 34) 32)~ 11)+ 11,(((((26) 25) 24) 14) 12) 11)+ 11,((((37,36)~ 35) 34) 32) 11)+ 11)~ 10,(((((((((26) 25) 24) 14) 12,((((26) 25) 24) 34) 32)~ 11,((((((28,(31,30)~ 29)~ 27) 25) 24) 14) 12,(((((28,(31,30)~ 29)~ 27) 25) 24) 34) 32)~ 11)+ 11,(((((23,(22,21)~ 20)~ 19,(17,18)~ 16)~ 15) 14) 12) 11)+ 11,((13) 12) 11)+ 11) 10)+ 10) 8,7)~ 6,((9) 8) 6)+ 6,((((((((((((26) 25) 24) 14) 12,(((((28,(31,30)~ 29)~ 27) 25) 24) 34) 32)~ 11,(((13,(((17,18)~ 16) 15) 14)~ 12) 11,(((((23) 19) 15) 14) 12) 11)+ 11)+ 11,((((((22,21)~ 20) 19) 15) 14) 12) 11)+ 11,((((((((28,(31,30)~ 29)~ 27) 25) 24) 14) 12,(((((28,(30,31)~ 29)~ 27) 25) 24) 34) 32)~ 11,(((((26) 25) 24) 14) 12) 11)+ 11,((((36,37)~ 35) 34) 32) 11)+ 11)+ 11,((33) 32) 11)+ 11) 10) 8) 6)+ 6)~ 0
&t ((7,(9,(((((((((((28,(31,30)~ 29)~ 27) 25) 24) 14) 12,(((((28,(30,31)~ 29)~ 27) 25) 24) 34) 32)~ 11,(((((26) 25) 24) 14) 12) 11)+ 11,(((((17,18)~ 16,(23,(21,22)~ 20)~ 19)~ 15) 14) 12) 11)+ 11,((13) 12) 11)+ 11,((((((((((30,31)~ 29,28)~ 27) 25) 24) 14) 12,(((((28,(31) 29)~ 27) 25) 24) 34) 32)~ 11,(((((26) 25) 24) 14) 12) 11)+ 11,((33) 32) 11)+ 11,(((((37,36)~ 35,(37,36)~ 35)+ 35) 34) 32) 11)+ 11)+ 11) 10)~ 8)~ 6) 0
&t ((7,(((((((40,39)~ 38,(40,39)~ 38)+ 38,(((((((((((28,(31,30)~ 29)~ 27) 25) 24) 14) 12,(((((28,(30,31)~ 29)~ 27) 25) 24) 34) 32)~ 11,(((((26) 25) 24) 14) 12) 11)+ 11,((13) 12) 11)+ 11,((((((22,21)~ 20) 19,(18,17)~ 16)~ 15) 14) 12) 11)+ 11,((((((((28,(31,30)~ 29)~ 27) 25) 24) 14) 12,(((((28,(30,31)~ 29)~ 27) 25) 24) 34) 32)~ 11,(((((26) 25) 24) 14) 12,((((26) 25) 24) 34) 32)~ 11)+ 11,((((36,37)~ 35) 34) 32) 11)+ 11)+ 11,((33) 32) 11)+ 11)~ 10,((39,40)~ 38) 10)+ 10,9)~ 8,(((40,39)~ 38) 10) 8)+ 8,(((((((((((28,(30,31)~ 29)~ 27) 25) 24) 14) 12,(((((28,(30,31)~ 29)~ 27) 25) 24) 34) 32)~ 11,(((((26) 25) 24) 14) 12) 11)+ 11,(((((37,37)+ 37) 35) 34) 32) 11)+ 11,((((((((((28,(31,30)~ 29)~ 27) 25) 24) 14) 12,(((((28,(30,31)~ 29)~ 27) 25) 24) 34) 32)~ 11,(((((26) 25) 24) 14) 12) 11)+ 11,((((((23) 19,(17,18)~ 16)~ 15,(((22,(21,21)+ 21)~ 20) 19) 15)+ 15) 14) 12) 11)+ 11,((33) 32) 11)+ 11,((13) 12) 11)+ 11)+ 11) 10) 8)+ 8)~ 6) 0
&t ((7,(9,(((((((((((28) 27) 25) 24) 14) 12,((((((30,31)~ 29) 27) 25) 24) 34) 32)~ 11,(((((((((31) 29) 27) 25) 24) 14) 12,((((((31) 29) 27) 25) 24) 34) 32)~ 11,(((((((30) 29) 27) 25) 24) 14) 12) 11)+ 11,((((((28) 27) 25) 24) 14) 12) 11)+ 11)+ 11,(((((26) 25) 24) 14) 12) 11)+ 11,((((36,37)~ 35) 34) 32) 11)+ 11,((13) 12) 11)+ 11) 10)~ 8)~ 6,(((5,4)~ 3,(5,4)~ 3)+ 3,2)~ 1)~ 0
&t ((2,((((5,4)~ 3,(4,5)~ 3)+ 3,((4,5)~ 3,(4,5)~ 3)+ 3)+ 3,((4,5)~ 3,(4,5)~ 3)+ 3)+ 3)~ 1) 0
&t ((7,(((((((((28,(30,31)~ 29)~ 27) 25) 24) 14) 12,(((((28,(30,31)~ 29)~ 27) 25) 24) 34) 32)~ 11,((((((((((28,(31,30)~ 29)~ 27) 25) 24) 14) 12,(((((28,(30,31)~ 29)~ 27) 25) 24) 34) 32)~ 11,((((((17) 16,((21,22)~ 20) 19)~ 15,(((23,23)+ 23) 19) 15)+ 15) 14) 12) 11)+ 11,(((((26) 25) 24) 14) 12) 11)+ 11,((13) 12) 11)+ 11,((33) 32) 11)+ 11)+ 11,(40,39)~ 38)~ 10) 8)~ 6,(((4,5)~ 3,(4,(5,5)+ 5)~ 3)+ 3,2)~ 1)~ 0
&t ((7,(((((((((26) 25) 24) 14) 12,((((26) 25) 24) 34) 32)~ 11,((((((28,(31,30)~ 29)~ 27) 25) 24) 14) 12,(((((28,(30,31)~ 29)~ 27) 25) 24) 34) 32)~ 11)+ 11,(((((((((((31) 29) 27) 25) 24) 14) 12,(((((28,(30) 29)~ 27) 25) 24) 34) 32)~ 11,((((((28) 27) 25) 24) 14) 12,((((((30,31)~ 29) 27) 25) 24) 34) 32)~ 11)+ 11,(((((26) 25) 24) 14) 12) 11)+ 11,((((((23) 19,(18,(17,17)+ 17)~ 16)~ 15,(((22) 20) 19) 15)+ 15) 14) 12) 11)+ 11,((13) 12) 11)+ 11)+ 11,(39,40)~ 38)~ 10,9)~ 8)~ 6) 0
&t ((2,((5,4)~ 3,(4,5)~ 3)+ 3)~ 1,(((((7,7)+ 7,7)+ 7,7)+ 7,(9) 8)~ 6,((((39,40)~ 38) 10) 8) 6)+ 6)~ 0
&t ((7,(((40,39)~ 38,(((((((((28,(31,30)~ 29)~ 27) 25) 24) 14) 12,(((((28,(31,30)~ 29)~ 27) 25) 24) 34) 32)~ 11,(((((26) 25) 24) 14) 12) 11)+ 11,((((37,36)~ 35) 34) 32) 11)+ 11,(((((((((28,(31,30)~ 29)~ 27) 25) 24) 14) 12,(((((28,(31,30)~ 29)~ 27) 25) 24) 34) 32)~ 11,(((((26) 25) 24) 14) 12) 11)+ 11,(((((18) 16,(23,(22,21)~ 20)~ 19)~ 15) 14) 12) 11)+ 11,((13) 12) 11)+ 11)+ 11)~ 10,9)~ 8)~ 6) 0
&t ((7,(9,((39,40)~ 38,((((((((((28,(31,30)~ 29)~ 27) 25) 24) 14) 12,(((((28,(30,31)~ 29)~ 27) 25) 24) 34) 32)~ 11,(((((26) 25) 24) 14) 12) 11)+ 11,(((((36,37)~ 35,((37,37)+ 37,(36,36)+ 36)~ 35)+ 35) 34) 32) 11)+ 11,((33) 32) 11)+ 11,(((((((((28,(31,30)~ 29)~ 27) 25) 24) 14) 12,(((((28,(30,31)~ 29)~ 27) 25) 24) 34) 32)~ 11,(((((26) 25) 24) 14) 12) 11)+ 11,((((((17) 16,((21,22)~ 20) 19)~ 15,(((23,23)+ 23) 19) 15)+ 15) 14) 12) 11)+ 11,((13) 12) 11)+ 11)+ 11)~ 10)~ 8)~ 6) 0
&t ((7,(9,(((39,40)~ 38,(40) 38)+ 38,(((((((((28,(31,30)~ 29)~ 27) 25) 24) 14) 12,(((((28,(30,31)~ 29)~ 27) 25) 24) 34) 32)~ 11,(((((26) 25) 24) 14) 12) 11)+ 11,((((36) 35) 34) 32) 11)+ 11,((((((((((28) 27) 25) 24) 14) 12,((((((30,31)~ 29) 27) 25) 24) 34) 32)~ 11,((((((28,(30,31)~ 29)~ 27) 25) 24) 14) 12,(((((28,(30,31)~ 29)~ 27) 25) 24) 34) 32)~ 11)+ 11,(((((26) 25) 24) 14) 12) 11)+ 11,(((((17,(18,18)+ 18)~ 16,(23,(21,22)~ 20)~ 19)~ 15) 14) 12) 11)+ 11,((13) 12) 11)+ 11)+ 11)~ 10)~ 8)~ 6,(((5,4)~ 3,(5) 3)+ 3,2)~ 1)~ 0
&t ((7,(((((((((((((28) 27) 25) 24) 14) 12,((((((31,30)~ 29) 27) 25) 24) 34) 32)~ 11,((((((28,(31,30)~ 29)~ 27) 25) 24) 14) 12,(((((28,(30,31)~ 29)~ 27) 25) 24) 34) 32)~ 11)+ 11,(((((26) 25) 24) 14) 12) 11)+ 11,((13) 12) 11)+ 11,((33) 32) 11)+ 11,((((((((28,(31,30)~ 29)~ 27) 25) 24) 14) 12,(((((28,(30,31)~ 29)~ 27) 25) 24) 34) 32)~ 11,((((((28) 27) 25) 24) 14) 12,((((((30,31)~ 29) 27) 25) 24) 34) 32)~ 11)+ 11,((((36) 35) 34) 32) 11)+ 11)+ 11) 10,(9,9)+ 9)~ 8)~ 6,(((5,4)~ 3,((5,5)+ 5,4)~ 3)+ 3,2)~ 1)~ 0
&t ((7,((((((((((((((28,(31,30)~ 29)~ 27) 25) 24) 14) 12,(((((28,(31,30)~ 29)~ 27) 25) 24) 34) 32)~ 11,(((((26) 25) 24) 14) 12) 11)+ 11,(((((23,(21,22)~ 20)~ 19) 15) 14) 12) 11)+ 11,((13) 12) 11)+ 11,((((((((((((31) 29) 27) 25) 24) 14) 12,((((((31) 29) 27) 25) 24) 34) 32)~ 11,(((((((30) 29) 27) 25) 24) 14) 12) 11)+ 11,((((((28) 27) 25) 24) 14) 12) 11)+ 11,((((((28) 27) 25) 24) 14) 12,((((((31,30)~ 29) 27) 25) 24) 34) 32)~ 11)+ 11,(((((26) 25) 24) 14) 12) 11)+ 11,((((37,36)~ 35) 34) 32) 11)+ 11)+ 11,(40) 38)~ 10,((39,40)~ 38) 10)+ 10,((((((((((((28) 27) 25) 24) 14) 12,((((((31,30)~ 29) 27) 25) 24) 34) 32)~ 11,((((((28,(31,30)~ 29)~ 27) 25) 24) 14) 12,(((((28,(30,31)~ 29)~ 27) 25) 24) 34) 32)~ 11)+ 11,(((((26) 25) 24) 14) 12) 11)+ 11,((((37,36)~ 35) 34) 32) 11)+ 11,((((((((((31) 29) 27) 25) 24) 14) 12,((((((30) 29) 27) 25) 24) 34) 32)~ 11,(((((26,(28,(30,31)~ 29)~ 27)~ 25) 24) 14) 12,(((((28,(31,30)~ 29)~ 27) 25) 24) 34) 32)~ 11)+ 11,(((((23,(22,21)~ 20)~ 19) 15) 14) 12) 11)+ 11,(((((18,17)~ 16) 15) 14) 12) 11)+ 11)+ 11,(((13,(13,13)+ 13)+ 13) 12) 11)+ 11) 10)+ 10,9)~ 8)~ 6) 0
&t ((7,((((((((((((22,21)~ 20,(23,23)+ 23)~ 19,(17,18)~ 16)~ 15) 14) 12,((((26) 25) 24) 34) 32)~ 11,((13) 12) 11)+ 11,(((((((28,(30,31)~ 29)~ 27) 25) 24) 14) 12,(((((28,(30,31)~ 29)~ 27) 25) 24) 34) 32)~ 11,(((((26) 25) 24) 14) 12) 11)+ 11)+ 11,((((37,36)~ 35) 34) 32) 11)+ 11,((33) 32) 11)+ 11,(39,40)~ 38)~ 10,9)~ 8)~ 6) 0
&t ((7,(((((((((((28,(31,30)~ 29)~ 27) 25) 24) 14) 12,(((((28,(30,31)~ 29)~ 27) 25) 24) 34) 32)~ 11,(((((26) 25) 24) 14) 12) 11)+ 11,((((33) 32,(((((18,17)~ 16,(18,17)~ 16)+ 16) 15) 14) 12)~ 11,(((((23) 19) 15) 14) 12) 11)+ 11,(((((((22,21)~ 20,(21,22)~ 20)+ 20) 19,(17,18)~ 16)~ 15) 14) 12) 11)+ 11)+ 11,((13) 12) 11)+ 11) 10) 8)~ 6) 0
&t (((7,(7,7)+ 7)+ 7,((((((((((26) 25) 24) 14) 12,((((26) 25) 24) 34) 32)~ 11,((((((28) 27) 25) 24) 14) 12,((((((30,31)~ 29) 27) 25) 24) 34) 32)~ 11)+ 11,((((37,36)~ 35) 34) 32) 11)+ 11,(((((((((28,(30,31)~ 29)~ 27) 25) 24) 14) 12,(((((28,(31,30)~ 29)~ 27) 25) 24) 34) 32)~ 11,(((((26) 25) 24) 14) 12) 11)+ 11,(((13,((((21,22)~ 20) 19) 15) 14)~ 12) 11,(((((18,17)~ 16) 15) 14) 12) 11)+ 11)+ 11,((33) 32) 11)+ 11)+ 11,(((39,40)~ 38,((40,40)+ 40) 38)+ 38,((39,39)+ 39) 38)+ 38)~ 10,(9,(9,9)+ 9)+ 9)~ 8)~ 6) 0
&t ((((7,(((((((((((28,(30,31)~ 29)~ 27) 25) 24) 14) 12,(((((28,(30,31)~ 29)~ 27) 25) 24) 34) 32)~ 11,(((((26) 25) 24) 14) 12) 11)+ 11,(((((18,17)~ 16,(23,(21,22)~ 20)~ 19)~ 15) 14) 12) 11)+ 11,((((13,13)+ 13,(13,13)+ 13)+ 13) 12) 11)+ 11) 10) 8)~ 6,((((((((((((28,(30,31)~ 29)~ 27) 25) 24) 14) 12,(((((28,(30,31)~ 29)~ 27) 25) 24) 34) 32)~ 11,(((((26) 25) 24) 14) 12) 11)+ 11,((((36,37)~ 35) 34) 32) 11)+ 11,((33) 32) 11)+ 11,(39,40)~ 38)~ 10) 8) 6)+ 6,(((9,9)+ 9) 8) 6)+ 6,((((4,5)~ 3,(4,5)~ 3)+ 3,2)~ 1,(2,((4,5)~ 3,(4,5)~ 3)+ 3)~ 1)+ 1)~ 0
&t ((((5,4)~ 3,(5) 3)+ 3) 1,(7,(((((((((((((28) 27) 25) 24) 14) 12,((((((31,30)~ 29) 27) 25) 24) 34) 32)~ 11,(((((((30) 29) 27) 25) 24) 14) 12,((((((31) 29,28)~ 27) 25) 24) 34) 32)~ 11)+ 11,(((((26) 25) 24) 14) 12,((((26) 25) 24) 34) 32)~ 11)+ 11,(((((26) 25) 24) 14) 12) 11)+ 11,((((37) 35) 34) 32) 11)+ 11,(((39,40)~ 38,(40) 38)+ 38,((40,40)+ 40) 38)+ 38)~ 10,(((((((((((28,(30,31)~ 29)~ 27) 25) 24) 14) 12,(((((28,(30,31)~ 29)~ 27) 25) 24) 34) 32)~ 11,(((((26) 25) 24) 14) 12) 11)+ 11,(((((((21,22)~ 20) 19,(17,18)~ 16)~ 15,((23) 19) 15)+ 15) 14) 12) 11)+ 11,((13) 12) 11)+ 11,((33) 32) 11)+ 11) 10)+ 10) 8)~ 6)~ 0
&t (((4) 3,2)~ 1,(((9) 8,7)~ 6,(((((((((((22,(21,21)+ 21)~ 20,23)~ 19,(17,18)~ 16)~ 15) 14) 12,(((((28,(30,31)~ 29)~ 27,26)~ 25) 24) 34) 32)~ 11,((13) 12) 11)+ 11,((((((26) 25) 24) 14) 12,((((26) 25) 24) 34) 32)~ 11,((((37,36)~ 35) 34,33)~ 32) 11)+ 11)+ 11) 10) 8) 6)+ 6)~ 0
&t ((7) 6,(((4,5)~ 3,(5,4)~ 3)+ 3,2)~ 1)~ 0
&t (((((39,40)~ 38) 10,9)~ 8) 6,(2,((4,5)~ 3,(5,4)~ 3)+ 3)~ 1)~ 0
&t ((((7,7)+ 7,(((39,40)~ 38,((((((((((((31) 29) 27) 25) 24) 14) 12,(((((28,(30) 29)~ 27) 25) 24) 34) 32)~ 11,((((((28) 27) 25) 24) 14) 12,((((((30,31)~ 29) 27) 25) 24) 34) 32)~ 11)+ 11,(((((26) 25) 24) 14) 12) 11)+ 11,((13) 12) 11)+ 11,(((((((((28) 27) 25) 24) 14) 12,((((((30,31)~ 29) 27) 25) 24) 34) 32)~ 11,(((((((31,30)~ 29) 27) 25) 24) 14) 12,(((((28,(30,31)~ 29)~ 27) 25) 24) 34) 32)~ 11)+ 11,(((((26) 25) 24) 14) 12) 11)+ 11,((((37,36)~ 35) 34) 32) 11)+ 11)+ 11,((33) 32) 11)+ 11)~ 10) 8)~ 6,((9,((((((((28,(30,31)~ 29)~ 27) 25) 24) 14) 12,(((((28,(30,31)~ 29)~ 27) 25) 24) 34) 32)~ 11,(((((((((28,(31,30)~ 29)~ 27) 25) 24) 14) 12,(((((28,(30,31)~ 29)~ 27) 25) 24) 34) 32)~ 11,(((((26) 25) 24) 14) 12) 11)+ 11,(((((17,18)~ 16,(23,(22,21)~ 20)~ 19)~ 15) 14) 12) 11)+ 11,((13) 12) 11)+ 11)+ 11) 10)~ 8) 6)+ 6,((((5,4)~ 3,(5) 3)+ 3,(4) 3)+ 3,2)~ 1)~ 0
&t (((2,((4,(5,5)+ 5)~ 3,(4,5)~ 3)+ 3)~ 1,(((4,5)~ 3,(4,5)~ 3)+ 3) 1)+ 1,(((((39,40)~ 38,((((((((26) 25) 24) 14) 12,((((26) 25) 24) 34) 32)~ 11,((((((28,(31,30)~ 29)~ 27) 25) 24) 14) 12,(((((28,(30,31)~ 29)~ 27) 25) 24) 34) 32)~ 11)+ 11,((((37,36)~ 35) 34) 32) 11)+ 11,(((((((((28,(30,31)~ 29)~ 27) 25) 24) 14) 12,(((((28,(31,30)~ 29)~ 27) 25) 24) 34) 32)~ 11,(((((26) 25) 24) 14) 12) 11)+ 11,((13,(((23,(22,21)~ 20)~ 19,(17,18)~ 16)~ 15) 14)~ 12) 11)+ 11,((33) 32) 11)+ 11)+ 11)~ 10) 8,7)~ 6,((9,((39,40)~ 38,(((33) 32,(13,(((18,17)~ 16,((23,23)+ 23,((21,(22,22)+ 22)~ 20,(((21,22)~ 20,(22,21)~ 20)+ 20,(21,22)~ 20)+ 20)+ 20)~ 19)~ 15) 14)~ 12)~ 11,(((((((((((31) 29) 27) 25) 24) 14) 12,((((((30) 29) 27) 25) 24) 34) 32)~ 11,((((((28) 27) 25) 24) 14) 12,(((((28) 27) 25) 24) 34) 32)~ 11)+ 11,((((((28) 27) 25) 24) 14) 12,((((((31,30)~ 29) 27) 25) 24) 34) 32)~ 11)+ 11,(((((26) 25) 24) 14) 12,((((26) 25) 24) 34) 32)~ 11)+ 11,((((37,36)~ 35) 34) 32) 11)+ 11)+ 11)~ 10)~ 8) 6)+ 6)~ 0
&t ((7,(9,((((((((((((28) 27) 25) 24) 14) 12,((((((31,30)~ 29) 27) 25) 24) 34) 32)~ 11,((((((28,(31,30)~ 29)~ 27) 25) 24) 14) 12,(((((28,(30,31)~ 29)~ 27) 25) 24) 34) 32)~ 11)+ 11,(((((26) 25) 24) 14) 12) 11)+ 11,((((((18) 16,((21,22)~ 20) 19)~ 15,((17) 16) 15)+ 15) 14) 12) 11)+ 11,((13) 12) 11)+ 11,((((((((28) 27) 25) 24) 14) 12,((((((31,30)~ 29) 27) 25) 24) 34) 32)~ 11,((((((28,(31,30)~ 29)~ 27) 25) 24) 14) 12,(((((28,(30,31)~ 29)~ 27) 25) 24) 34) 32)~ 11)+ 11,(((((26) 25) 24) 14) 12) 11)+ 11)+ 11) 10)~ 8)~ 6) 0
&t (((9,((39) 38,((((((((((((30) 29) 27) 25) 24) 14) 12,((((((31) 29,28)~ 27) 25) 24) 34) 32)~ 11,((((((28) 27) 25) 24) 14) 12,((((((30,31)~ 29) 27) 25) 24) 34) 32)~ 11)+ 11,(((((26) 25) 24) 14) 12) 11)+ 11,((13) 12) 11)+ 11,((33) 32) 11)+ 11,((((36,37)~ 35) 34) 32) 11)+ 11)~ 10)~ 8) 6,(((5,4)~ 3,(5,4)~ 3)+ 3,2)~ 1)~ 0
&t ((2,((5,(4,4)+ 4)~ 3,(4,5)~ 3)+ 3)~ 1,(((((7,(9) 8)~ 6,((((39,40)~ 38) 10) 8) 6)+ 6,((((((((((((31,30)~ 29) 27) 25) 24) 14) 12,(((((28,(31,30)~ 29)~ 27) 25) 24) 34) 32)~ 11,(((((26) 25) 24) 14) 12) 11)+ 11,(((((18,17)~ 16,(23,((22,21)~ 20,(22) 20)+ 20)~ 19)~ 15) 14) 12) 11)+ 11) 10) 8) 6)+ 6,((((((((((((30) 29) 27) 25) 24) 14) 12,(((((28,(31) 29)~ 27) 25) 24) 34) 32)~ 11,((((((28) 27) 25) 24) 14) 12,((((((31,30)~ 29) 27) 25) 24) 34) 32)~ 11)+ 11,(((((26) 25) 24) 14) 12) 11)+ 11) 10) 8) 6)+ 6,(((((13) 12) 11) 10) 8) 6)+ 6)~ 0
&t ((((9) 8,7)~ 6,((((39,40)~ 38,(((((((((((28,(30,31)~ 29)~ 27) 25) 24) 14) 12,(((((28,(30,31)~ 29)~ 27) 25) 24) 34) 32)~ 11,((((((28,(31,30)~ 29)~ 27) 25) 24) 14) 12,(((((28,(30,31)~ 29)~ 27) 25) 24) 34) 32)~ 11)+ 11,(((((26) 25) 24) 14) 12) 11)+ 11,((13,(((17,18)~ 16,(23,(21,22)~ 20)~ 19)~ 15) 14)~ 12) 11)+ 11,((33) 32) 11)+ 11,(((((26) 25) 24) 14) 12,(((37,36)~ 35) 34) 32)~ 11)+ 11)~ 10) 8) 6)+ 6,(((4,5)~ 3,(4,5)~ 3)+ 3,2)~ 1)~ 0
&t ((((2,(5,4)~ 3)~ 1,((5) 3) 1)+ 1,((4) 3) 1)+ 1,(((((9,((39,40)~ 38) 10)~ 8,((((((((((28) 27) 25) 24) 14) 12,(((((28,(31,30)~ 29)~ 27) 25) 24) 34) 32)~ 11,((((((28,(31,30)~ 29)~ 27) 25) 24) 14) 12,(((((28,(31,30)~ 29)~ 27) 25) 24) 34) 32)~ 11)+ 11,(((((26) 25) 24) 14) 12) 11)+ 11) 10) 8)+ 8,((((((((((((((31) 29) 27) 25) 24) 14) 12,(((((28,(30) 29)~ 27) 25) 24) 34) 32)~ 11,((((((28) 27) 25) 24) 14) 12) 11)+ 11,(((((26) 25) 24) 14) 12,((((26) 25) 24) 34) 32)~ 11)+ 11,(((((17,18)~ 16,((22,21)~ 20) 19)~ 15) 14) 12) 11)+ 11,((13) 12) 11)+ 11,(((13,13)+ 13) 12) 11)+ 11) 10) 8)+ 8,((((33) 32) 11) 10) 8)+ 8) 6)~ 0
&t (((7,((((((((((((28,(31,30)~ 29)~ 27) 25) 24) 14) 12,(((((28,(31,30)~ 29)~ 27) 25) 24) 34) 32)~ 11,(((((26) 25) 24) 14) 12) 11)+ 11,((33) 32) 11)+ 11,(((((((26) 25) 24) 14) 12,((((26) 25) 24) 34) 32)~ 11,((((((28,(31,30)~ 29)~ 27) 25) 24) 14) 12,(((((28,(30,31)~ 29)~ 27) 25) 24) 34) 32)~ 11)+ 11,((((((23,23)+ 23,(21,22)~ 20)~ 19) 15) 14) 12) 11)+ 11)+ 11,((((37,36)~ 35) 34) 32) 11)+ 11) 10) 8)~ 6,((9) 8) 6)+ 6,(((4,5)~ 3,2)~ 1,((4) 3) 1)+ 1)~ 0
&t ((2,((5,4)~ 3,(4,5)~ 3)+ 3)~ 1,((((9,(((((37,36)~ 35) 34) 32) 11) 10)~ 8,(((((((((((30) 29) 27) 25) 24) 14) 12,(((((28,(31) 29)~ 27) 25) 24) 34) 32)~ 11,((((((28) 27) 25) 24) 14) 12,((((((30,31)~ 29) 27) 25) 24) 34) 32)~ 11)+ 11,(((((26) 25) 24) 14) 12,((((26) 25) 24) 34) 32)~ 11)+ 11) 10) 8)+ 8,((((39,40)~ 38,(((((((((28,(31,30)~ 29)~ 27) 25) 24) 14) 12,(((((28,(30,31)~ 29)~ 27) 25) 24) 34) 32)~ 11,(((((26) 25) 24) 14) 12) 11)+ 11,((((((18,(17,17)+ 17)~ 16,(18,(17,17)+ 17)~ 16)+ 16,(23,(21,22)~ 20)~ 19)~ 15) 14) 12) 11)+ 11,((13) 12) 11)+ 11)~ 10,(((33) 32) 11) 10)+ 10) 8)+ 8,7)~ 6)~ 0
&t (((7,7)+ 7,(((9,((((((((((28,(31,30)~ 29)~ 27) 25) 24) 14) 12,(((((28,(30,31)~ 29)~ 27) 25) 24) 34) 32)~ 11,(((((26) 25) 24) 14) 12) 11)+ 11,((((37,36)~ 35) 34) 32) 11)+ 11,(((((((((28,(30,31)~ 29)~ 27) 25) 24) 14) 12,(((((28,(30,31)~ 29)~ 27) 25) 24) 34) 32)~ 11,(((((26) 25) 24) 14) 12) 11)+ 11,(((((18) 16,(23,(22,(21,21)+ 21)~ 20)~ 19)~ 15) 14) 12) 11)+ 11,((13) 12) 11)+ 11)+ 11) 10)~ 8,(((40,39)~ 38) 10) 8)+ 8,(((40,39)~ 38) 10) 8)+ 8)~ 6,(((((4,5)~ 3,(5,4)~ 3)+ 3,2)~ 1,(2,((4,5)~ 3,(4,5)~ 3)+ 3)~ 1)+ 1,(2,((4,(5,5)+ 5)~ 3,(4,5)~ 3)+ 3)~ 1)+ 1)~ 0
&t ((7,(((((40,40)+ 40,39)~ 38,((((((((((28) 27) 25) 24) 14) 12,((((((31,30)~ 29) 27) 25) 24) 34) 32)~ 11,(((((((30) 29) 27) 25) 24) 14) 12,(((((28,(31) 29)~ 27) 25) 24) 34) 32)~ 11)+ 11,((((37,36)~ 35) 34) 32) 11)+ 11,(((((26) 25) 24) 14) 12) 11)+ 11,((33) 32) 11)+ 11)~ 10,((((((((((28,(31,30)~ 29)~ 27) 25) 24) 14) 12,(((((28,(31,30)~ 29)~ 27) 25) 24) 34) 32)~ 11,(((((26) 25) 24) 14) 12) 11)+ 11,(((13,13)+ 13) 12) 11)+ 11,(((((((22,21)~ 20,23)~ 19,(23) 19)+ 19,(17,18)~ 16)~ 15) 14) 12) 11)+ 11) 10)+ 10) 8)~ 6) 0
&t ((((9,9)+ 9) 8,7)~ 6,((2,(4,5)~ 3)~ 1,((4,5)~ 3) 1)+ 1)~ 0
&t (((((((40,39)~ 38,((33,((37,36)~ 35) 34)~ 32) 11)~ 10,((((((23,((21,22)~ 20,(22,21)~ 20)+ 20)~ 19,(17,18)~ 16)~ 15) 14) 12) 11) 10)+ 10,(((13) 12) 11) 10)+ 10) 8) 6,(((2,(4) 3)~ 1,(((4,4)+ 4,5)~ 3) 1)+ 1,((5) 3) 1)+ 1)~ 0
&t (((2,((4,5)~ 3,((5,4)~ 3,(5,4)~ 3)+ 3)+ 3)~ 1,(2,((5,4)~ 3,(5,4)~ 3)+ 3)~ 1)+ 1,(((((((((((((28,(31,30)~ 29)~ 27) 25) 24) 14) 12,(((((28,(31,30)~ 29)~ 27) 25) 24) 34) 32)~ 11,(((((26) 25) 24) 14) 12) 11)+ 11,((13) 12) 11)+ 11,((((((23) 19,(17,(18,18)+ 18)~ 16)~ 15,(((22,21)~ 20) 19) 15)+ 15) 14) 12) 11)+ 11,(((((((((28) 27) 25) 24) 14) 12,(((((28,(31,30)~ 29)~ 27) 25) 24) 34) 32)~ 11,(((((26) 25) 24) 14) 12) 11)+ 11,((((36,37)~ 35) 34) 32) 11)+ 11,((33) 32) 11)+ 11)+ 11) 10) 8,7)~ 6)~ 0
&t (((7,7)+ 7,(((((((((((28,(30,31)~ 29)~ 27) 25) 24) 14) 12,((((26,(28,(30,31)~ 29)~ 27)~ 25) 24) 34) 32)~ 11,((((36,37)~ 35) 34) 32) 11)+ 11,((33) 32) 11)+ 11,(((((((((28,(31,30)~ 29)~ 27) 25) 24) 14) 12,(((((28,(31,30)~ 29)~ 27) 25) 24) 34) 32)~ 11,(((((26) 25) 24) 14) 12) 11)+ 11,((((((23,(21) 20)~ 19,((22) 20) 19)+ 19,(17,18)~ 16)~ 15) 14) 12) 11)+ 11,((13) 12) 11)+ 11)+ 11,((40,39)~ 38,(39,40)~ 38)+ 38)~ 10) 8)~ 6) 0
&t ((((7,7)+ 7) 6,((2,((4,5)~ 3,(4,5)~ 3)+ 3)~ 1,(((4,5)~ 3,(5,4)~ 3)+ 3,(2,2)+ 2)~ 1)+ 1)~ 0,(((((4,5)~ 3,2)~ 1,((4) 3) 1)+ 1,((5) 3) 1)+ 1,((9) 8) 6)~ 0)+ 0
&t ((7,(9,(((((((((((28,(31,30)~ 29)~ 27) 25) 24) 14) 12,(((((28,(30,31)~ 29)~ 27) 25) 24) 34) 32)~ 11,(((((26) 25) 24) 14) 12) 11)+ 11,(((((17,18)~ 16) 15) 14) 12) 11)+ 11,((13) 12,(((36,(37,37)+ 37)~ 35) 34) 32)~ 11)+ 11,((33) 32) 11)+ 11,(39,40)~ 38)~ 10)~ 8)~ 6) 0
&t ((7,(9,((((((((((((28) 27) 25) 24) 14) 12,((((((31,30)~ 29) 27) 25) 24) 34) 32)~ 11,((((((((30) 29) 27) 25) 24) 14) 12,((((((30,31)~ 29) 27) 25) 24) 34) 32)~ 11,((((((28) 27) 25) 24) 14) 12) 11)+ 11)+ 11,(((((26) 25) 24) 14) 12) 11)+ 11,((((36,37)~ 35) 34) 32) 11)+ 11,((33) 32) 11)+ 11,((13,(((18,17)~ 16,(23,((21,22)~ 20,(22) 20)+ 20)~ 19)~ 15) 14)~ 12) 11)+ 11) 10)~ 8)~ 6,(((4,5)~ 3,(5,4)~ 3)+ 3) 1)~ 0
&t (((2,((4,5)~ 3,(5,(4,4)+ 4)~ 3)+ 3)~ 1,((2,2)+ 2,((4,5)~ 3,(4,5)~ 3)+ 3)~ 1)+ 1,(((((40,39)~ 38,(40) 38)+ 38,((((((((26) 25) 24) 34) 32,(13,(((18,17)~ 16,(23,(21,22)~ 20)~ 19)~ 15) 14)~ 12)~ 11,((((((((((28) 27) 25) 24) 14) 12,(((((28) 27) 25) 24) 34) 32)~ 11,(((((((30) 29) 27) 25) 24) 14) 12,((((((31) 29) 27) 25) 24) 34) 32)~ 11)+ 11,((((((28) 27) 25) 24) 14) 12,((((((31,30)~ 29) 27) 25) 24) 34) 32)~ 11)+ 11,(((((26) 25) 24) 14) 12) 11)+ 11,((((36) 35) 34) 32) 11)+ 11)+ 11,(((33,33)+ 33) 32) 11)+ 11,(((((((((28,(31,30)~ 29)~ 27) 25) 24) 14) 12,(((((28,(30,31)~ 29)~ 27) 25) 24) 34) 32)~ 11,(((((18,17)~ 16,(23,(21,22)~ 20)~ 19)~ 15) 14) 12) 11)+ 11,((13) 12,((((26) 25) 24) 34) 32)~ 11)+ 11,((((((((((28,(31,30)~ 29)~ 27) 25) 24) 14) 12,(((((28,(30,31)~ 29)~ 27) 25) 24) 34) 32)~ 11,((((((((31) 29) 27) 25) 24) 14) 12,((((((30) 29,28)~ 27) 25) 24) 34) 32)~ 11,((((((28) 27) 25) 24) 14) 12,((((((31,30)~ 29) 27) 25) 24) 34) 32)~ 11)+ 11)+ 11,(((((26) 25) 24) 14) 12) 11)+ 11,((((36,37)~ 35) 34) 32) 11)+ 11,((33) 32) 11)+ 11)+ 11)+ 11)~ 10) 8) 6)~ 0
&t ((2,((5,4)~ 3,(4,5)~ 3)+ 3)~ 1,((7,7)+ 7,(9,((39,40)~ 38,((((((26) 25) 24) 14) 12,(((37,36)~ 35) 34) 32)~ 11,((((((((((30,31)~ 29) 27) 25) 24) 14) 12,(((((28,(30,31)~ 29)~ 27) 25) 24) 34) 32)~ 11,(((((26) 25) 24) 14) 12) 11)+ 11,((13,(((((22,21)~ 20) 19,(18,(17,17)+ 17)~ 16)~ 15,((23) 19) 15)+ 15) 14)~ 12) 11)+ 11,((33) 32) 11)+ 11)+ 11)~ 10)~ 8)~ 6)~ 0
&t ((7,((((((((((((28,(30,31)~ 29)~ 27) 25) 24) 14) 12,(((((28,(31,30)~ 29)~ 27) 25) 24) 34) 32)~ 11,((((((26) 25) 24) 14) 12,((((26) 25) 24) 34) 32)~ 11,(((((26) 25) 24) 14) 12) 11)+ 11)+ 11,((((((21,22)~ 20,23)~ 19,(17,18)~ 16)~ 15) 14,13)~ 12) 11)+ 11,(40,39)~ 38)~ 10,(((33) 32) 11) 10)+ 10,(((((((((((((30) 29) 27) 25) 24) 14) 12,((((((30) 29) 27) 25) 24) 34) 32)~ 11,(((((((31) 29) 27) 25) 24) 14) 12) 11)+ 11,((((((28) 27) 25) 24) 14) 12) 11)+ 11,((((((28) 27) 25) 24) 14) 12,((((((31,30)~ 29) 27) 25) 24) 34) 32)~ 11)+ 11,(((((26) 25) 24) 14) 12) 11)+ 11,((((36,37)~ 35) 34) 32) 11)+ 11) 10)+ 10) 8)~ 6) 0
&t (((((2,2)+ 2,((4,5)~ 3,(5,4)~ 3)+ 3)~ 1,(2,((4,5)~ 3,(5,4)~ 3)+ 3)~ 1)+ 1,(2,((4,5)~ 3,(4,5)~ 3)+ 3)~ 1)+ 1,(((9) 8,(7,7)+ 7)~ 6,(((((((((((((((28,(31,30)~ 29)~ 27) 25) 24) 14) 12,(((((28,(31,30)~ 29)~ 27) 25) 24) 34) 32)~ 11,(((((18,17)~ 16) 15) 14) 12) 11)+ 11,((13) 12) 11)+ 11,(((((23) 19) 15) 14) 12) 11)+ 11,(((((26) 25) 24) 14) 12) 11)+ 11,(((((((((((31) 29) 27) 25) 24) 14) 12,((((((30) 29) 27) 25) 24) 34) 32)~ 11,((((((28) 27) 25) 24) 14) 12,(((((28) 27) 25) 24) 34) 32)~ 11)+ 11,((((((28) 27) 25) 24) 14) 12,((((((30,31)~ 29) 27) 25) 24) 34) 32)~ 11)+ 11,(((((26) 25) 24) 14) 12) 11)+ 11,((((37,36)~ 35) 34) 32) 11)+ 11)+ 11,((((((21) 20) 19) 15) 14) 12) 11)+ 11,(((39,40)~ 38,(40) 38)+ 38,(39) 38)+ 38)~ 10) 8) 6)+ 6)~ 0
&t (((9,((39,40)~ 38,(((((((26,(28,(31,30)~ 29)~ 27)~ 25) 24) 34) 32,((((18,17)~ 16,(23,(21,22)~ 20)~ 19)~ 15) 14) 12)~ 11,((13) 12) 11)+ 11,((((((((((28,(30,31)~ 29)~ 27) 25) 24) 14) 12,(((((28,(31,30)~ 29)~ 27) 25) 24) 34) 32)~ 11,(((((26) 25) 24) 14) 12) 11)+ 11,(((((37,36)~ 35,((36,37)~ 35,(36) 35)+ 35)+ 35) 34) 32) 11)+ 11,(((((((((28,(31,30)~ 29)~ 27) 25) 24) 14) 12,(((((28,(31,30)~ 29)~ 27) 25) 24) 34) 32)~ 11,(((((26) 25) 24) 14) 12) 11)+ 11,((((36,37)~ 35) 34) 32) 11)+ 11,((33) 32) 11)+ 11)+ 11,(((((((((((28,(31,30)~ 29)~ 27) 25) 24) 14) 12,(((((28,(30,31)~ 29)~ 27) 25) 24) 34) 32)~ 11,(((((((30,31)~ 29) 27) 25) 24) 14) 12,(((((28,(31,30)~ 29)~ 27) 25) 24) 34) 32)~ 11)+ 11,(((((26) 25) 24) 14) 12) 11)+ 11,(((((18,17)~ 16,(23,(22,21)~ 20)~ 19)~ 15) 14) 12) 11)+ 11,((13) 12) 11)+ 11,((((((26,(28,(31,30)~ 29)~ 27)~ 25) 24) 34) 32,((((23,(22,21)~ 20)~ 19,(18,17)~ 16)~ 15) 14) 12)~ 11,((13) 12) 11)+ 11)+ 11)+ 11)+ 11)~ 10)~ 8) 6,(((5,4)~ 3,(5,4)~ 3)+ 3,2)~ 1)~ 0
&t ((((((39,40)~ 38,((((((((((28,(30,31)~ 29)~ 27) 25) 24) 14) 12,(((((28,(30,31)~ 29)~ 27) 25) 24) 34) 32)~ 11,(((((26) 25) 24) 14) 12) 11)+ 11,((((((((30,31)~ 29,28)~ 27) 25) 24) 14) 12,(((((28,(30,31)~ 29)~ 27) 25) 24) 34) 32)~ 11,(((((26) 25) 24) 14) 12,((((26) 25) 24) 34) 32)~ 11)+ 11)+ 11,((((36,37)~ 35) 34) 32) 11)+ 11,((((37,36)~ 35) 34) 32,((((26,(28,(30,31)~ 29)~ 27)~ 25) 24) 14) 12)~ 11)+ 11)~ 10,(((((((26,(28) 27)~ 25) 24) 34) 32,((((23,(((21,(22,22)+ 22)~ 20,(22,21)~ 20)+ 20,(21) 20)+ 20)~ 19,(18,(17,17)+ 17)~ 16)~ 15) 14) 12)~ 11,((13) 12) 11)+ 11) 10)+ 10) 8) 6,(((5,4)~ 3,(4,5)~ 3)+ 3,2)~ 1)~ 0
&t ((2,((5,4)~ 3,(4,5)~ 3)+ 3)~ 1) 0
&t ((((7) 6,(2,(((4,5)~ 3,(5,4)~ 3)+ 3,(5,4)~ 3)+ 3)~ 1)~ 0,(((9,(((((39,40)~ 38,(((((((((28,(31,30)~ 29)~ 27) 25) 24) 14) 12,(((((28,(30,31)~ 29)~ 27) 25) 24) 34) 32)~ 11,(((((26) 25) 24) 14) 12) 11)+ 11,((13) 12) 11)+ 11,(((((18,17)~ 16,(23,(22,21)~ 20)~ 19)~ 15) 14) 12) 11)+ 11)~ 10,((40,39)~ 38) 10)+ 10,(((33,((37,36)~ 35) 34)~ 32) 11) 10)+ 10,((((((((28,(30,31)~ 29)~ 27) 25) 24) 14) 12,(((((28,(31,30)~ 29)~ 27) 25) 24) 34) 32)~ 11,(((((26) 25) 24) 14) 12) 11)+ 11) 10)+ 10)~ 8) 6,((((5,4)~ 3,(5,4)~ 3)+ 3,(4,5)~ 3)+ 3,2)~ 1)~ 0)+ 0,((7) 6) 0)+ 0
&t (((7,7)+ 7,((9,(9,9)+ 9)+ 9,((39,40)~ 38,(((((((((28,(30,31)~ 29)~ 27) 25) 24) 14) 12,(((((28,(31,30)~ 29)~ 27) 25) 24) 34) 32)~ 11,(((((26) 25) 24) 14) 12) 11)+ 11,(((((18,17)~ 16,(23,(21,22)~ 20)~ 19)~ 15) 14) 12) 11)+ 11,((33) 32) 11)+ 11)~ 10)~ 8)~ 6,(((5,4)~ 3,(5,4)~ 3)+ 3,2)~ 1)~ 0
&t (((7,7)+ 7,(9,(((39,40)~ 38,(((((((((((((28) 27) 25) 24) 14) 12,((((((31,30)~ 29) 27) 25) 24) 34) 32)~ 11,(((((((31) 29) 27) 25) 24) 14) 12,((((((30) 29,28)~ 27) 25) 24) 34) 32)~ 11)+ 11,(((((26) 25) 24) 14) 12) 11)+ 11,((((((23,23)+ 23,(22,21)~ 20)~ 19) 15) 14) 12) 11)+ 11,(((((17,18)~ 16) 15) 14) 12) 11)+ 11,((13) 12) 11)+ 11,((((((((28) 27) 25) 24) 14) 12,(((((28,(31,30)~ 29)~ 27) 25) 24) 34) 32)~ 11,(((((26) 25) 24) 14) 12) 11)+ 11,((((37,36)~ 35) 34) 32) 11)+ 11)+ 11,((33) 32) 11)+ 11)~ 10,((((((((((((28) 27) 25) 24) 14) 12,((((((30,31)~ 29) 27) 25) 24) 34) 32)~ 11,(((((((31) 29) 27) 25) 24) 14) 12,((((((30) 29,28)~ 27) 25) 24) 34) 32)~ 11)+ 11,(((((26) 25) 24) 14) 12) 11)+ 11,((((((((28,(31,30)~ 29)~ 27) 25) 24) 14) 12,(((((28,(30,31)~ 29)~ 27) 25) 24) 34) 32)~ 11,((((((28) 27) 25) 24) 14) 12,((((((30,31)~ 29) 27) 25) 24) 34) 32)~ 11)+ 11,(((((26) 25) 24) 14) 12) 11)+ 11)+ 11,((((36,(37,37)+ 37)~ 35) 34) 32) 11)+ 11,(((((((((28,(31,30)~ 29)~ 27) 25) 24) 14) 12,(((((28,(30,31)~ 29)~ 27) 25) 24) 34) 32)~ 11,(((((26) 25) 24) 14) 12) 11)+ 11,(((((23,(21) 20)~ 19,(17,18)~ 16)~ 15) 14) 12) 11)+ 11,(((33,33)+ 33) 32) 11)+ 11)+ 11) 10)+ 10)~ 8)~ 6) 0
&t ((2,((5,4)~ 3,(4,5)~ 3)+ 3)~ 1,((((9,9)+ 9,((39,40)~ 38,(((((((((((28) 27) 25) 24) 14) 12,(((((28) 27) 25) 24) 34) 32)~ 11,(((((((31) 29) 27) 25) 24) 14) 12,((((((30) 29) 27) 25) 24) 34) 32)~ 11)+ 11,((((((28) 27) 25) 24) 14) 12,((((((31,30)~ 29) 27) 25) 24) 34) 32)~ 11)+ 11,(((((26) 25) 24) 14) 12) 11)+ 11,((((37,36)~ 35) 34) 32) 11)+ 11,((13,(((18,17)~ 16) 15) 14)~ 12) 11)+ 11)~ 10)~ 8,((9,9)+ 9) 8)+ 8) 6)~ 0
&t ((((((7,7)+ 7,((((((((((((((28,(30,31)~ 29)~ 27) 25) 24) 14) 12,(((((28,(31,30)~ 29)~ 27) 25) 24) 34) 32)~ 11,((((((28,(30,31)~ 29)~ 27) 25) 24) 14) 12,(((((28,(31,30)~ 29)~ 27) 25) 24) 34) 32)~ 11)+ 11,(((((26) 25) 24) 14) 12) 11)+ 11,((((37,36)~ 35) 34) 32) 11)+ 11,((((36,37)~ 35) 34) 32) 11)+ 11,((((37,36)~ 35) 34) 32) 11)+ 11,(((((26) 25) 24) 14) 12) 11)+ 11) 10) 8)~ 6,(((((33) 32) 11) 10) 8) 6)+ 6,((((((((((((28,(31,30)~ 29)~ 27) 25) 24) 14) 12,(((((28,(30,31)~ 29)~ 27) 25) 24) 34) 32)~ 11,(((((26) 25) 24) 14) 12) 11)+ 11,(((((18,17)~ 16,((21) 20,23)~ 19)~ 15) 14) 12) 11)+ 11,(((13,13)+ 13) 12) 11)+ 11) 10) 8) 6)+ 6,((((((((26,(28,(30,31)~ 29)~ 27)~ 25) 24) 34) 32,((((18) 16,(23,(22,21)~ 20)~ 19)~ 15) 14) 12)~ 11) 10) 8) 6)+ 6,((2,((5,4)~ 3,(5,4)~ 3)+ 3)~ 1,(((5,4)~ 3,(5,4)~ 3)+ 3) 1)+ 1)~ 0
&t ((((7,7)+ 7,((((((((((17,18)~ 16,(23,(21,22)~ 20)~ 19)~ 15) 14) 12,((((26,(28,(31,30)~ 29)~ 27)~ 25) 24) 34) 32)~ 11,((13) 12) 11)+ 11,(40,39)~ 38)~ 10,(((((((((28,(31,30)~ 29)~ 27) 25) 24) 14) 12,(((((28,(30,31)~ 29)~ 27) 25) 24) 34) 32)~ 11,(((((26) 25) 24) 14) 12) 11)+ 11,((((36,37)~ 35) 34) 32) 11)+ 11) 10)+ 10,(((33) 32) 11) 10)+ 10) 8)~ 6,(7) 6)+ 6,(((5,4)~ 3,(4,5)~ 3)+ 3,2)~ 1)~ 0
&t ((7,(9,((((((((((28,(30,31)~ 29)~ 27) 25) 24) 14) 12,(((((28,(31,30)~ 29)~ 27) 25) 24) 34) 32)~ 11,(((((26) 25) 24) 14) 12,((((26) 25) 24) 34) 32)~ 11)+ 11,((33) 32) 11)+ 11,(((13,13)+ 13,(((18,17)~ 16,((23,23)+ 23) 19)~ 15) 14)~ 12) 11)+ 11) 10)~ 8)~ 6,(((4,5)~ 3,(5,4)~ 3)+ 3,2)~ 1)~ 0
&t ((((5,4)~ 3,(4,5)~ 3)+ 3) 1,((((((((33) 32) 11) 10) 8,7)~ 6,((((((((((((((30) 29) 27) 25) 24) 14) 12,((((((31) 29,28)~ 27) 25) 24) 34) 32)~ 11,((((((28) 27) 25) 24) 14) 12,((((((30,31)~ 29) 27) 25) 24) 34) 32)~ 11)+ 11,(((((26) 25) 24) 34) 32,((((18,17)~ 16,(23,(22,21)~ 20)~ 19)~ 15) 14) 12)~ 11)+ 11,((13) 12) 11)+ 11,((((((((((31) 29) 27) 25) 24) 14) 12,((((((30) 29,28)~ 27) 25) 24) 34) 32)~ 11,((((((28) 27) 25) 24) 14) 12,((((((31,30)~ 29) 27) 25) 24) 34) 32)~ 11)+ 11,(((((26) 25) 24) 14) 12) 11)+ 11,((((36,37)~ 35) 34) 32) 11)+ 11)+ 11,(40,39)~ 38)~ 10) 8) 6)+ 6,((((((((((((((28,(31,30)~ 29)~ 27) 25) 24) 14) 12,(((((28,(30,31)~ 29)~ 27) 25) 24) 34) 32)~ 11,(((((26) 25) 24) 14) 12) 11)+ 11,(((((18,17)~ 16,(23,(21,22)~ 20)~ 19)~ 15) 14) 12) 11)+ 11,((13) 12) 11)+ 11,((33) 32) 11)+ 11,((((((((28,(31,30)~ 29)~ 27) 25) 24) 14) 12,(((((28,(30,31)~ 29)~ 27) 25) 24) 34) 32)~ 11,(((((26) 25) 24) 14) 12) 11)+ 11,((((36,37)~ 35) 34) 32) 11)+ 11)+ 11,(39,40)~ 38)~ 10,9)~ 8) 6)+ 6,((((40,39)~ 38,(((((((((((28,(31,30)~ 29)~ 27) 25) 24) 14) 12,(((((28,(30,31)~ 29)~ 27) 25) 24) 34) 32)~ 11,(((((26) 25) 24) 14) 12) 11)+ 11,((((((((28,(31,30)~ 29)~ 27) 25) 24) 14) 12,((((((30,31)~ 29) 27) 25) 24) 34) 32)~ 11,((((((28) 27) 25) 24) 14) 12) 11)+ 11,(((((26) 25) 24) 14) 12) 11)+ 11)+ 11,((((37) 35) 34) 32) 11)+ 11,((((((((((28,(30,31)~ 29)~ 27) 25) 24) 14) 12,(((((28,(31,30)~ 29)~ 27) 25) 24) 34) 32)~ 11,(((((26) 25) 24) 14) 12) 11)+ 11,(((((18,17)~ 16,(23,(22,21)~ 20)~ 19)~ 15) 14) 12) 11)+ 11,((13) 12) 11)+ 11,((((36,37)~ 35) 34) 32) 11)+ 11)+ 11,((33) 32) 11)+ 11)~ 10) 8) 6)+ 6)~ 0
&t (((7,7)+ 7,(((((9,(((33) 32) 11) 10)~ 8,(((40,39)~ 38) 10) 8)+ 8,((((((((((28,(31,30)~ 29)~ 27) 25) 24) 14) 12,(((((28,(31,30)~ 29)~ 27) 25) 24) 34) 32)~ 11,(((((26) 25) 24) 14) 12) 11)+ 11,(((((26) 25) 24) 14) 12) 11)+ 11) 10) 8)+ 8,((((((((((((28,(30,31)~ 29)~ 27) 25) 24) 14) 12,(((((28,(31,30)~ 29)~ 27) 25) 24) 34) 32)~ 11,(((((26) 25) 24) 14) 12) 11)+ 11,((((37,36)~ 35) 34) 32) 11)+ 11,((33) 32) 11)+ 11,(((13) 12,((((26,(28,(30,31)~ 29)~ 27)~ 25) 24) 34) 32)~ 11,(((((17,(18,18)+ 18)~ 16,(23,(21,22)~ 20)~ 19)~ 15) 14) 12) 11)+ 11)+ 11) 10) 8)+ 8,((((((((((28,(30,31)~ 29)~ 27) 25) 24) 14) 12,(((((28,(30,31)~ 29)~ 27) 25) 24) 34) 32)~ 11,(((((26) 25) 24) 14) 12) 11)+ 11,(((13,13)+ 13,((((17) 16,((22,21)~ 20) 19)~ 15,((23) 19) 15)+ 15) 14)~ 12) 11)+ 11) 10) 8)+ 8)~ 6) 0
&t ((2,((4,5)~ 3,(5,4)~ 3)+ 3)~ 1,((((((((37) 35) 34) 32) 11) 10,(9,(9,9)+ 9)+ 9)~ 8,((((((33) 32) 11,(39,40)~ 38)~ 10,((((((((((28) 27) 25) 24) 14) 12,((((((30,31)~ 29) 27) 25) 24) 34) 32)~ 11,((((((((30) 29) 27) 25) 24) 14) 12,((((((31) 29) 27) 25) 24) 34) 32)~ 11,((((((28) 27) 25) 24) 14) 12,(((((28) 27) 25) 24) 34) 32)~ 11)+ 11)+ 11,(((((26) 25) 24) 14) 12) 11)+ 11,(((((((((28,(30,31)~ 29)~ 27) 25) 24) 14) 12,(((((28,(31,30)~ 29)~ 27) 25) 24) 34) 32)~ 11,(((((26) 25) 24) 14) 12) 11)+ 11,(((((((22,21)~ 20) 19,(17) 16)~ 15,(((21,22)~ 20) 19,((17,18)~ 16,(18,17)~ 16)+ 16)~ 15)+ 15) 14) 12) 11)+ 11,(((13,13)+ 13) 12) 11)+ 11)+ 11) 10)+ 10,(((((((((28,(31,30)~ 29)~ 27) 25) 24) 14) 12,(((((28,(30,31)~ 29)~ 27) 25) 24) 34) 32)~ 11,(((((26) 25) 24) 14) 12) 11)+ 11,(((((((28,(31,30)~ 29)~ 27) 25) 24) 14) 12,(((((28,(31,30)~ 29)~ 27) 25) 24) 34) 32)~ 11,(((((26) 25) 24) 14) 12) 11)+ 11)+ 11) 10)+ 10) 8)+ 8,7)~ 6)~ 0
&t (((2,(4,5)~ 3)~ 1,((5,4)~ 3) 1)+ 1,((((((((((((((((28,(31,30)~ 29)~ 27) 25) 24) 14) 12,(((((28,(31,30)~ 29)~ 27) 25) 24) 34) 32)~ 11,(((((26) 25) 24) 14) 12,((((26) 25) 24) 34) 32)~ 11)+ 11,(((((37,36)~ 35,(36,37)~ 35)+ 35) 34) 32) 11)+ 11,((33) 32) 11)+ 11,((((((((((28,(31,30)~ 29)~ 27) 25) 24) 14) 12,(((((28,(30,31)~ 29)~ 27) 25) 24) 34) 32)~ 11,((((((((31) 29) 27) 25) 24) 14) 12,(((((28,(30) 29)~ 27) 25) 24) 34) 32)~ 11,((((((28) 27) 25) 24) 14) 12,((((((31,30)~ 29) 27) 25) 24) 34) 32)~ 11)+ 11)+ 11,(((((26) 25) 24) 14) 12) 11)+ 11,((13) 12) 11)+ 11,(((((23,(22,21)~ 20)~ 19,(18,17)~ 16)~ 15) 14) 12) 11)+ 11)+ 11,((40,39)~ 38,(39,(40,40)+ 40)~ 38)+ 38)~ 10) 8,(7,7)+ 7)~ 6,(((((13) 12) 11) 10) 8) 6)+ 6,((((((((((((((((30,31)~ 29) 27) 25) 24) 14) 12,(((((28,(30,31)~ 29)~ 27) 25) 24) 34) 32)~ 11,((((((28) 27) 25) 24) 14) 12,((((((31,30)~ 29) 27) 25) 24) 34) 32)~ 11)+ 11,(((((26) 25) 24) 14) 12) 11)+ 11,((((37,36)~ 35) 34) 32) 11)+ 11,((((36,37)~ 35) 34) 32) 11)+ 11,((((((((28,(31,30)~ 29)~ 27) 25) 24) 14) 12,(((((28,(31,30)~ 29)~ 27) 25) 24) 34) 32)~ 11,(((((26) 25) 24) 14) 12) 11)+ 11,(((((((((31,30)~ 29) 27) 25) 24) 14) 12,((((((30,31)~ 29) 27) 25) 24) 34) 32)~ 11,((((((28) 27) 25) 24) 14) 12) 11)+ 11,(((((26) 25) 24) 14) 12) 11)+ 11)+ 11)+ 11,(((((((28,(30,31)~ 29)~ 27) 25) 24) 14) 12,(((((28,(31,30)~ 29)~ 27) 25) 24) 34) 32)~ 11,((((((21,22)~ 20) 19,(18,17)~ 16)~ 15) 14) 12) 11)+ 11)+ 11) 10) 8) 6)+ 6,((9) 8) 6)+ 6)~ 0
&t ((((4,(5,5)+ 5)~ 3,(5,4)~ 3)+ 3) 1,(((((((((((((28,(31,30)~ 29)~ 27) 25) 24) 14) 12,(((((28,(30,31)~ 29)~ 27) 25) 24) 34) 32)~ 11,((13,(((23,(21,22)~ 20)~ 19,(17,18)~ 16)~ 15) 14)~ 12) 11)+ 11,(((((((((28) 27) 25) 24) 14) 12,((((((31,30)~ 29) 27) 25) 24) 34) 32)~ 11,((((((28,(30,31)~ 29)~ 27) 25) 24) 14) 12,(((((28,(30,31)~ 29)~ 27) 25) 24) 34) 32)~ 11)+ 11,(((((26) 25) 24) 34) 32,(((((17,17)+ 17,(18,18)+ 18)~ 16,((21,22)~ 20) 19)~ 15) 14) 12)~ 11)+ 11,(((((23) 19) 15) 14,13)~ 12) 11)+ 11)+ 11,(((((((((30,31)~ 29,28)~ 27) 25) 24) 14) 12,(((((28,(30,31)~ 29)~ 27) 25) 24) 34) 32)~ 11,(((((26) 25) 24) 14) 12) 11)+ 11,((((36,37)~ 35) 34) 32) 11)+ 11)+ 11,((33) 32) 11)+ 11) 10,9)~ 8,(7,7)+ 7)~ 6)~ 0
&t ((7,(9,((((((((((28,(30,31)~ 29)~ 27) 25) 24) 14) 12,(((((28,(31,30)~ 29)~ 27) 25) 24) 34) 32)~ 11,(((((26) 25) 24) 14) 12) 11)+ 11,(((((23) 19,(17,18)~ 16)~ 15) 14) 12) 11)+ 11,(((40,39)~ 38,(40) 38)+ 38,(39,40)~ 38)+ 38)~ 10,((((((((26) 25) 24) 14) 12,((((26) 25) 24) 34) 32)~ 11,((((((28) 27) 25) 24) 14) 12,((((((30,31)~ 29) 27) 25) 24) 34) 32)~ 11)+ 11,((((36,37)~ 35) 34) 32) 11)+ 11) 10)+ 10)~ 8)~ 6) 0
&t ((7,(((((((((((((28) 27) 25) 24) 14) 12,((((((31,30)~ 29) 27) 25) 24) 34) 32)~ 11,((((((((30) 29) 27) 25) 24) 14) 12,((((((31) 29) 27) 25) 24) 34) 32)~ 11,((((((28) 27) 25) 24) 14) 12,(((((28) 27) 25) 24) 34) 32)~ 11)+ 11)+ 11,(((((26) 25) 24) 14) 12) 11)+ 11,((((37,36)~ 35) 34) 32) 11)+ 11,(((33,33)+ 33) 32) 11)+ 11,(39,40)~ 38)~ 10,(((((((((((31) 29) 27) 25) 24) 14) 12,((((((30) 29,28)~ 27) 25) 24) 34) 32)~ 11,((((((28) 27) 25) 24) 14) 12,((((((31,30)~ 29) 27) 25) 24) 34) 32)~ 11)+ 11,((13) 12) 11)+ 11,(((((18,17)~ 16,(23,(22,21)~ 20)~ 19)~ 15) 14) 12) 11)+ 11) 10)+ 10) 8)~ 6) 0
&t ((2,((5,4)~ 3,(4,5)~ 3)+ 3)~ 1,(((((((13) 12,((((26,(28,(30,31)~ 29)~ 27)~ 25) 24) 34) 32)~ 11,(((((18,17)~ 16) 15) 14) 12) 11)+ 11,((((((((28,(30,31)~ 29)~ 27) 25) 24) 14) 12,(((((28,(30,31)~ 29)~ 27) 25) 24) 34) 32)~ 11,(((((26) 25) 24) 14) 12) 11)+ 11,(((33,33)+ 33) 32) 11)+ 11)+ 11) 10,9)~ 8,(7,7)+ 7)~ 6)~ 0
&t ((2) 1,(7,((((((((36,37)~ 35) 34) 32,((((26,(28,(31,30)~ 29)~ 27)~ 25) 24) 14) 12)~ 11,(40,39)~ 38)~ 10,((((((((((28,(31,30)~ 29)~ 27) 25) 24) 14) 12,(((((28,(30,31)~ 29)~ 27) 25) 24) 34) 32)~ 11,(((((26) 25) 24) 14) 12) 11)+ 11,(((((23,(22,21)~ 20)~ 19,(18,17)~ 16)~ 15) 14) 12) 11)+ 11,((13) 12) 11)+ 11) 10)+ 10,(((33) 32) 11) 10)+ 10) 8)~ 6)~ 0
&t ((2,((5,4)~ 3,(5) 3)+ 3)~ 1,(((((((((33) 32) 11,(40,39)~ 38)~ 10,((((((((28,(31,30)~ 29)~ 27) 25) 24) 14) 12,(((((28,(31,30)~ 29)~ 27) 25) 24) 34) 32)~ 11,(((((26) 25) 24) 14) 12) 11)+ 11) 10)+ 10,(((((((((28,(31,30)~ 29)~ 27) 25) 24) 14) 12,(((((28,(31,30)~ 29)~ 27) 25) 24) 34) 32)~ 11,(((((26) 25) 24) 14) 12) 11)+ 11,((((((36,37)~ 35,(37) 35)+ 35,(36) 35)+ 35) 34) 32) 11)+ 11) 10)+ 10,((((((23) 19,(18,17)~ 16)~ 15) 14) 12) 11) 10)+ 10) 8,(7,7)+ 7)~ 6,((9) 8) 6)+ 6)~ 0
&t (((((40) 38,((((((((((28,(30,31)~ 29)~ 27) 25) 24) 14) 12,(((((28,(30,31)~ 29)~ 27) 25) 24) 34) 32)~ 11,(((((26) 25) 24) 14) 12) 11)+ 11,((((36,37)~ 35) 34) 32) 11)+ 11,(((((((((28,(31,30)~ 29)~ 27) 25) 24) 14) 12,(((((28,(31,30)~ 29)~ 27) 25) 24) 34) 32)~ 11,(((((26) 25) 24) 14) 12) 11)+ 11,(((((23,(22,21)~ 20)~ 19) 15) 14) 12) 11)+ 11,((13) 12) 11)+ 11)+ 11,((((((((((28) 27) 25) 24) 14) 12,((((((30,31)~ 29) 27) 25) 24) 34) 32)~ 11,(((((((30) 29) 27) 25) 24) 14) 12,((((((31) 29,28)~ 27) 25) 24) 34) 32)~ 11)+ 11,(((((26) 25) 24) 14) 12) 11)+ 11,((13,(((18,17)~ 16,(23,(22,21)~ 20)~ 19)~ 15) 14)~ 12) 11)+ 11,(((((((((((28) 27) 25) 24) 14) 12,((((((30,31)~ 29) 27) 25) 24) 34) 32)~ 11,((((((((31,30)~ 29) 27) 25) 24) 14) 12,((((((30,31)~ 29) 27) 25) 24) 34) 32)~ 11,((((((28) 27) 25) 24) 14) 12) 11)+ 11)+ 11,(((((26) 25) 24) 14) 12) 11)+ 11,((((36,37)~ 35) 34) 32) 11)+ 11,((33) 32) 11)+ 11,((33) 32) 11)+ 11)+ 11)+ 11)~ 10) 8) 6) 0
&t ((7,(9,((((40,39)~ 38,((((37,36)~ 35) 34) 32) 11)~ 10,((((((((28,(31,30)~ 29)~ 27) 25) 24) 14) 12,(((((28,(30,31)~ 29)~ 27) 25) 24) 34) 32)~ 11,(((((26) 25) 24) 14) 12) 11)+ 11) 10)+ 10,(((((((((28) 27) 25) 24) 14) 12,((((((31,30)~ 29) 27) 25) 24) 34) 32)~ 11,(((((26,(28) 27)~ 25) 24) 14) 12,((((((30,31)~ 29) 27) 25) 24) 34) 32)~ 11)+ 11,(((13,(((17,18)~ 16) 15) 14)~ 12) 11,(((((23,(22,21)~ 20)~ 19) 15) 14) 12) 11)+ 11)+ 11) 10)+ 10)~ 8)~ 6,((2,((5,4)~ 3,(5,4)~ 3)+ 3)~ 1,((((2,2)+ 2,(4,5)~ 3)~ 1,((4) 3) 1)+ 1,((5) 3) 1)+ 1)+ 1)~ 0
&t ((((9) 8,7)~ 6,((((40,39)~ 38,((((((((((28,(30,31)~ 29)~ 27) 25) 24) 14) 12,(((((28,(31,30)~ 29)~ 27) 25) 24) 34) 32)~ 11,(((((26) 25) 24) 14) 12) 11)+ 11,(((((18,17)~ 16,(23,((22,21)~ 20,(21) 20)+ 20)~ 19)~ 15) 14) 12) 11)+ 11,((33) 32) 11)+ 11,(((((((28,(31,30)~ 29)~ 27) 25) 24) 14) 12,(((((28,(30,31)~ 29)~ 27) 25) 24) 34) 32)~ 11,((((37,36)~ 35) 34) 32) 11)+ 11)+ 11)~ 10) 8) 6)+ 6,(((5,4)~ 3,(4,5)~ 3)+ 3,2)~ 1)~ 0
&t ((2,((4,5)~ 3,(5,4)~ 3)+ 3)~ 1,(((7,(((((((((28,(31,30)~ 29)~ 27) 25) 24) 14) 12,(((((28,(30,31)~ 29)~ 27) 25) 24) 34) 32)~ 11,(((((26) 25) 24) 14) 12) 11)+ 11) 10) 8)~ 6,((((((((23,(22,21)~ 20)~ 19,(17,18)~ 16)~ 15) 14) 12) 11,(40,39)~ 38)~ 10) 8) 6)+ 6,(((((((((((((28,(31,30)~ 29)~ 27) 25) 24) 14) 12,(((((28,(31,30)~ 29)~ 27) 25) 24) 34) 32)~ 11,((33) 32) 11)+ 11,(((((26) 25) 24) 14) 12) 11)+ 11,((((36,37)~ 35) 34) 32) 11)+ 11,((13) 12) 11)+ 11) 10) 8) 6)+ 6)~ 0
&t ((((9,(((33) 32,(13,(((26,(28,(30,31)~ 29)~ 27)~ 25) 24,(((22) 20,23)~ 19,(17,18)~ 16)~ 15)~ 14)~ 12)~ 11) 10)~ 8,(((39,40)~ 38) 10) 8)+ 8) 6,(((5,4)~ 3,(4,5)~ 3)+ 3,2)~ 1)~ 0
&t ((7,(((((((((((((30,31)~ 29,28)~ 27) 25) 24) 14) 12,(((((28,(30,31)~ 29)~ 27) 25) 24) 34) 32)~ 11,(((((26) 25) 24) 14) 12) 11)+ 11,((((((17,18)~ 16,(17,18)~ 16)+ 16,(23,(22,21)~ 20)~ 19)~ 15) 14) 12) 11)+ 11,((13) 12) 11)+ 11,((((((((((((31,30)~ 29) 27) 25) 24) 14) 12,((((((30,31)~ 29) 27) 25) 24) 34) 32)~ 11,((((((28) 27) 25) 24) 14) 12) 11)+ 11,((((((28) 27) 25) 24) 14) 12,((((((31,30)~ 29) 27) 25) 24) 34) 32)~ 11)+ 11,(((((26) 25) 24) 14) 12) 11)+ 11,((((36,37)~ 35) 34) 32) 11)+ 11,((33) 32) 11)+ 11)+ 11) 10,9)~ 8)~ 6) 0
&t ((2,((5,4)~ 3,((4,5)~ 3,(5) 3)+ 3)+ 3)~ 1,(((((((39,39)+ 39) 38,(((((26,(28,(31,30)~ 29)~ 27)~ 25) 24) 34) 32,((((17,18)~ 16,(23,(22,21)~ 20)~ 19)~ 15) 14) 12)~ 11)~ 10,(((((((((((31,30)~ 29) 27) 25) 24) 14) 12,((((((30,31)~ 29) 27) 25) 24) 34) 32)~ 11,((((((28) 27) 25) 24) 14) 12) 11)+ 11,(((((26) 25) 24) 14) 12) 11)+ 11,((((37) 35) 34) 32) 11)+ 11) 10)+ 10) 8,7)~ 6,(((9,(9,9)+ 9)+ 9) 8) 6)+ 6)~ 0
&t (((9,(((((((36,37)~ 35) 34) 32) 11,(((40,39)~ 38,((40,39)~ 38,(39,40)~ 38)+ 38)+ 38,(39,40)~ 38)+ 38)~ 10,((((((((((28,(30,31)~ 29)~ 27) 25) 24) 14) 12,(((((28,(31,30)~ 29)~ 27) 25) 24) 34) 32)~ 11,(((((26) 25) 24) 14) 12) 11)+ 11,(((((23,(22,21)~ 20)~ 19) 15) 14) 12) 11)+ 11,((13) 12) 11)+ 11) 10)+ 10,((((((((((28) 27) 25) 24) 14) 12,((((((31,30)~ 29) 27) 25) 24) 34) 32)~ 11,(((((((28) 27) 25) 24) 14) 12,((((((31,30)~ 29) 27) 25) 24) 34) 32)~ 11,(((((((28) 27) 25) 24) 14) 12,(((((28) 27) 25) 24) 34) 32)~ 11,(((((((30) 29) 27) 25) 24) 14) 12,((((((31) 29) 27) 25) 24) 34) 32)~ 11)+ 11)+ 11)+ 11,(((((26) 25) 24) 14) 12) 11)+ 11,(((((17) 16) 15) 14) 12) 11)+ 11) 10)+ 10)~ 8) 6,(((5,4)~ 3,2)~ 1,((4,5)~ 3) 1)+ 1)~ 0
&t (((9,((40,(39,39)+ 39)~ 38,(((((((((((28,(30,31)~ 29)~ 27) 25) 24) 14) 12,(((((28,(31,30)~ 29)~ 27) 25) 24) 34) 32)~ 11,(((((26) 25) 24) 14) 12) 11)+ 11,(((((18,17)~ 16,(23,(21,22)~ 20)~ 19)~ 15) 14) 12) 11)+ 11,((13) 12) 11)+ 11,((33) 32) 11)+ 11,(((((((((((31) 29) 27) 25) 24) 14) 12,((((((30) 29,28)~ 27) 25) 24) 34) 32)~ 11,((((((28) 27) 25) 24) 14) 12,((((((31,30)~ 29) 27) 25) 24) 34) 32)~ 11)+ 11,(((((26) 25) 24) 14) 12) 11)+ 11,((((((26) 25) 24) 14) 12,((((26) 25) 24) 34) 32)~ 11,((((((28,(31,30)~ 29)~ 27) 25) 24) 14) 12,(((((28,(31,30)~ 29)~ 27) 25) 24) 34) 32)~ 11)+ 11)+ 11,((((37,36)~ 35) 34) 32) 11)+ 11)+ 11)~ 10)~ 8) 6,(((4,5)~ 3,(4,5)~ 3)+ 3) 1)~ 0
&t ((((7,(((39,40)~ 38,(((((((26) 25) 24) 14) 12,((((26) 25) 24) 34) 32)~ 11,(((((((((28,(30,31)~ 29)~ 27) 25) 24) 14) 12,(((((28,(30,31)~ 29)~ 27) 25) 24) 34) 32)~ 11,(((((26) 25) 24) 14) 12) 11)+ 11,((((((23) 19,(18,17)~ 16)~ 15,(((22,21)~ 20) 19) 15)+ 15) 14) 12) 11)+ 11,((13) 12) 11)+ 11)+ 11,((33,((36) 35) 34)~ 32) 11)+ 11)~ 10) 8)~ 6,(((((((((((26) 25) 24) 14) 12,((((26) 25) 24) 34) 32)~ 11,(((((((28) 27) 25) 24) 14) 12,((((((30,31)~ 29) 27) 25) 24) 34) 32)~ 11,((((((((30) 29) 27) 25) 24) 14) 12,((((((31) 29) 27) 25) 24) 34) 32)~ 11,((((((28) 27) 25) 24) 14) 12,(((((28) 27) 25) 24) 34) 32)~ 11)+ 11)+ 11)+ 11,((((36,37)~ 35) 34) 32) 11)+ 11,((((((((((28,(31,30)~ 29)~ 27) 25) 24) 14) 12,(((((28,(30,31)~ 29)~ 27) 25) 24) 34) 32)~ 11,(((((26) 25) 24) 14) 12) 11)+ 11,((((((21) 20) 19) 15) 14) 12) 11)+ 11,(((13,13)+ 13) 12) 11)+ 11,(((33,33)+ 33) 32) 11)+ 11)+ 11) 10) 8) 6)+ 6,((9) 8) 6)+ 6,((2,((4,5)~ 3,(5,4)~ 3)+ 3)~ 1,(((5,4)~ 3,(5,4)~ 3)+ 3) 1)+ 1)~ 0
&t ((2,((5,4)~ 3,(4,5)~ 3)+ 3)~ 1,(((7,(((((((((26) 25) 24) 34) 32,((((18) 16,((21,22)~ 20) 19)~ 15) 14) 12)~ 11,((((((((31) 29) 27) 25) 24) 14) 12,((((((30) 29,28)~ 27) 25) 24) 34) 32)~ 11,((((((28) 27) 25) 24) 14) 12,((((((30,31)~ 29) 27) 25) 24) 34) 32)~ 11)+ 11)+ 11,((13) 12) 11)+ 11) 10) 8)~ 6,((((((((((((((31) 29) 27) 25) 24) 14) 12,(((((28,(30) 29)~ 27) 25) 24) 34) 32)~ 11,((((((28) 27) 25) 24) 14) 12,((((((30,31)~ 29) 27) 25) 24) 34) 32)~ 11)+ 11,((((((((28,(31,30)~ 29)~ 27) 25) 24) 14) 12,(((((28,(30,31)~ 29)~ 27) 25) 24) 34) 32)~ 11,(((((26) 25) 24) 14) 12) 11)+ 11,(((((26) 25) 24) 14) 12) 11)+ 11)+ 11,((((37,36)~ 35) 34) 32) 11)+ 11,(((33,33)+ 33) 32) 11)+ 11) 10) 8) 6)+ 6,((((40,39)~ 38) 10,9)~ 8) 6)+ 6)~ 0
&t (((9) 8) 6,((((2,2)+ 2,(5,4)~ 3)~ 1,((4) 3) 1)+ 1,((5) 3) 1)+ 1)~ 0
&t ((7) 6,((((4,5)~ 3,(5,4)~ 3)+ 3,2)~ 1,(2) 1)+ 1)~ 0
&t (((9,(((39,40)~ 38,(40,39)~ 38)+ 38,(((((((((((28,(30,31)~ 29)~ 27) 25) 24) 14) 12,(((((28,(31,30)~ 29)~ 27) 25) 24) 34) 32)~ 11,((((((28) 27) 25) 24) 14) 12,((((((30,31)~ 29) 27) 25) 24) 34) 32)~ 11)+ 11,(((((26) 25) 24) 14) 12) 11)+ 11,(((((23,((22,21)~ 20,(22,21)~ 20)+ 20)~ 19) 15) 14) 12) 11)+ 11,((13) 12) 11)+ 11,((((((((28,(30,31)~ 29)~ 27) 25) 24) 14) 12,(((((28,(30,31)~ 29)~ 27) 25) 24) 34) 32)~ 11,(((((26) 25) 24) 14) 12) 11)+ 11,((((36) 35) 34) 32) 11)+ 11)+ 11)~ 10)~ 8) 6,(((4,5)~ 3,((5,5)+ 5,4)~ 3)+ 3,2)~ 1)~ 0
&t (((((9,((40,39)~ 38) 10)~ 8,(((((((((((28,(30,31)~ 29)~ 27) 25) 24) 14) 12,(((((28,(31,30)~ 29)~ 27) 25) 24) 34) 32)~ 11,(((((26) 25) 24) 14) 12) 11)+ 11,((13) 12) 11)+ 11,(((((17,18)~ 16,(((23,(22,21)~ 20)~ 19,(23) 19)+ 19,((21,22)~ 20) 19)+ 19)~ 15) 14) 12) 11)+ 11) 10) 8)+ 8,((((((((26) 25) 24) 14) 12,((((26) 25) 24) 34) 32)~ 11,(((((((28) 27) 25) 24) 14) 12,((((((31,30)~ 29) 27) 25) 24) 34) 32)~ 11,(((((((28) 27) 25) 24) 14) 12,((((((31,30)~ 29) 27) 25) 24) 34) 32)~ 11,((((((((30) 29) 27) 25) 24) 14) 12,((((((31) 29) 27) 25) 24) 34) 32)~ 11,(((((((28) 27) 25) 24) 14) 12,((((((31,30)~ 29) 27) 25) 24) 34) 32)~ 11,((((((28) 27) 25) 24) 14) 12,(((((28) 27) 25) 24) 34) 32)~ 11)+ 11)+ 11)+ 11)+ 11)+ 11) 10) 8)+ 8) 6,(((5,4)~ 3,(5) 3)+ 3,2)~ 1)~ 0
&t (((7,7)+ 7,((((9,(((((((28,(30,31)~ 29)~ 27) 25) 24) 14) 12,(((((28,(30,31)~ 29)~ 27) 25) 24) 34) 32)~ 11) 10)~ 8,(((((((26) 25) 24) 14) 12) 11) 10) 8)+ 8,((((33,((36,37)~ 35) 34)~ 32) 11) 10) 8)+ 8,((((39,40)~ 38,(40,39)~ 38)+ 38) 10) 8)+ 8)~ 6,(((5,4)~ 3,(5,4)~ 3)+ 3,2)~ 1)~ 0
&t ((2,((5,4)~ 3,(4,5)~ 3)+ 3)~ 1,((((7,(((((((((28) 27) 25) 24) 14) 12,(((((28,(30,31)~ 29)~ 27) 25) 24) 34) 32)~ 11,(((((26) 25) 24) 14) 12) 11)+ 11) 10) 8)~ 6,(((((((((((((28,(31,30)~ 29)~ 27) 25) 24) 14) 12,(((((28,(30,31)~ 29)~ 27) 25) 24) 34) 32)~ 11,(((((26) 25) 24) 14) 12) 11)+ 11,((13) 12) 11)+ 11,(((((17,18)~ 16,(23,(21,(22,22)+ 22)~ 20)~ 19)~ 15) 14) 12) 11)+ 11,((13,(((23,(21,22)~ 20)~ 19) 15) 14)~ 12) 11)+ 11) 10) 8) 6)+ 6,(((((((37,36)~ 35) 34) 32) 11) 10) 8) 6)+ 6,((9) 8) 6)+ 6)~ 0
&t ((2,((5,4)~ 3,(((4,5)~ 3,(5) 3)+ 3,(4) 3)+ 3)+ 3)~ 1,((7,(9) 8)~ 6,(((((((((((((((31) 29) 27) 25) 24) 14) 12,(((((28,(30) 29)~ 27) 25) 24) 34) 32)~ 11,(((((((30) 29) 27) 25) 24) 14) 12,((((((31) 29,28)~ 27) 25) 24) 34) 32)~ 11)+ 11,(((((26) 25) 24) 14) 12) 11)+ 11,((((((21,22)~ 20,23)~ 19,(18,17)~ 16)~ 15) 14) 12) 11)+ 11,((13) 12) 11)+ 11,(((((((((28,(30,31)~ 29)~ 27) 25) 24) 14) 12,((((((30,31)~ 29) 27) 25) 24) 34) 32)~ 11,(((((26) 25) 24) 14) 12) 11)+ 11,((((36,(37,37)+ 37)~ 35) 34) 32) 11)+ 11,(((33,33)+ 33) 32) 11)+ 11)+ 11) 10) 8) 6)+ 6)~ 0
&t ((2) 1,((((((7,(9) 8)~ 6,((((((((26) 25) 24) 14) 12) 11) 10) 8) 6)+ 6,(((((33) 32) 11) 10) 8) 6)+ 6,(((((((37,36)~ 35) 34) 32) 11) 10) 8) 6)+ 6,((((39,40)~ 38) 10) 8) 6)+ 6,((((((((((((28,(30,31)~ 29)~ 27) 25) 24) 14) 12,(((((28,(30,31)~ 29)~ 27) 25) 24) 34) 32)~ 11,(((((26) 25) 24) 14) 12) 11)+ 11,((((((21,22)~ 20,23)~ 19) 15) 14) 12) 11)+ 11,((13) 12) 11)+ 11) 10) 8) 6)+ 6)~ 0
&t ((2,(5,4)~ 3)~ 1,(7,((((((((((((((30) 29) 27) 25) 24) 14) 12,((((((31) 29) 27) 25) 24) 34) 32)~ 11,((((((28) 27) 25) 24) 14) 12,(((((28) 27) 25) 24) 34) 32)~ 11)+ 11,(((((26) 25) 24) 14) 12,((((26) 25) 24) 34) 32)~ 11)+ 11,((33) 32) 11)+ 11,((((36,37)~ 35) 34) 32) 11)+ 11,((((((((28,(30,31)~ 29)~ 27) 25) 24) 14) 12,(((((28,(30,31)~ 29)~ 27) 25) 24) 34) 32)~ 11,(((((26) 25) 24) 14) 12) 11)+ 11,((13,(((18,17)~ 16,(23,(22,21)~ 20)~ 19)~ 15) 14)~ 12) 11)+ 11)+ 11) 10) 8)~ 6)~ 0
&t ((2,(((5,4)~ 3,(5) 3)+ 3,(4) 3)+ 3)~ 1,(((7,(((40,39)~ 38) 10) 8)~ 6,((((((((((((((30) 29) 27) 25) 24) 14) 12,(((((28,(31) 29)~ 27) 25) 24) 34) 32)~ 11,((((((28) 27) 25) 24) 14) 12,((((((30,31)~ 29) 27) 25) 24) 34) 32)~ 11)+ 11,(((((26) 25) 24) 14) 12) 11)+ 11,((13,(((23) 19) 15) 14)~ 12) 11)+ 11,((((((21,22)~ 20) 19,(17,18)~ 16)~ 15,((26) 25) 24)~ 14) 12,(33) 32)~ 11)+ 11) 10) 8) 6)+ 6,((9) 8) 6)+ 6)~ 0
&t ((((4,5)~ 3,(4,5)~ 3)+ 3) 1,(((((((((((((28,(30,31)~ 29)~ 27) 25) 24) 14) 12,(((((28,(31,30)~ 29)~ 27) 25) 24) 34) 32)~ 11,(((((26) 25) 24) 14) 12) 11)+ 11,((((37,36)~ 35) 34) 32) 11)+ 11,((33) 32) 11)+ 11,((13,(((23,(22,21)~ 20)~ 19,(18,17)~ 16)~ 15) 14)~ 12) 11)+ 11,(40,39)~ 38)~ 10) 8,7)~ 6)~ 0
&t (((((5) 3,2)~ 1,((5,4)~ 3) 1)+ 1,((4) 3) 1)+ 1,(7,(((((9,((39,40)~ 38) 10)~ 8,((((((((37,36)~ 35,(37) 35)+ 35,(36) 35)+ 35) 34) 32) 11) 10) 8)+ 8,((((33) 32) 11) 10) 8)+ 8,(((((((((28,(31,30)~ 29)~ 27) 25) 24) 14) 12,(((((28,(31,30)~ 29)~ 27) 25) 24) 34) 32)~ 11,(((((26) 25) 24) 14) 12) 11)+ 11) 10) 8)+ 8,((((((((((((28,(31,30)~ 29)~ 27) 25) 24) 14) 12,(((((28,(31,30)~ 29)~ 27) 25) 24) 34) 32)~ 11,(((((26) 25) 24) 14) 12) 11)+ 11,((13) 12) 11)+ 11,(((((23,(21,22)~ 20)~ 19) 15) 14) 12) 11)+ 11,(((((18,17)~ 16) 15) 14) 12) 11)+ 11) 10) 8)+ 8)~ 6)~ 0
&t (((((((7,((((((((26) 25) 24) 14) 12,((((26) 25) 24) 34) 32)~ 11,(((((((28) 27) 25) 24) 14) 12,((((((31,30)~ 29) 27) 25) 24) 34) 32)~ 11,(((((((30) 29) 27) 25) 24) 14) 12,(((((28,(31) 29)~ 27) 25) 24) 34) 32)~ 11)+ 11)+ 11) 10) 8)~ 6,((((((((23,(22,21)~ 20)~ 19) 15) 14) 12) 11) 10) 8) 6)+ 6,(((((13) 12) 11) 10) 8) 6)+ 6,((((40,39)~ 38) 10) 8) 6)+ 6,(((((((((((28,(31,30)~ 29)~ 27) 25) 24) 14) 12,(((((28,(30,31)~ 29)~ 27) 25) 24) 34) 32)~ 11,(((((26) 25) 24) 14) 12) 11)+ 11,((((37,36)~ 35) 34) 32) 11)+ 11) 10) 8) 6)+ 6,((((((33,33)+ 33) 32) 11) 10) 8) 6)+ 6,(((5,4)~ 3,(4,5)~ 3)+ 3,2)~ 1)~ 0
&t (((4) 3,2)~ 1,(7,(((((39,39)+ 39,40)~ 38,((33) 32) 11)~ 10,((((((((((28,(30,31)~ 29)~ 27) 25) 24) 14) 12,(((((28,(30,31)~ 29)~ 27) 25) 24) 34) 32)~ 11,(((((26) 25) 24) 14) 12) 11)+ 11,((((37,36)~ 35) 34) 32) 11)+ 11,((((((((28,(30,31)~ 29)~ 27) 25) 24) 14) 12,(((((28,(30,31)~ 29)~ 27) 25) 24) 34) 32)~ 11,(((((26) 25) 24) 14) 12) 11)+ 11,((13) 12) 11)+ 11)+ 11) 10)+ 10) 8)~ 6)~ 0
&t ((((2,((5,4)~ 3,(5,4)~ 3)+ 3)~ 1,(((5,4)~ 3,(4) 3)+ 3) 1)+ 1,((4,5)~ 3) 1)+ 1,((((((9,9)+ 9,(((((36,37)~ 35) 34) 32) 11) 10)~ 8,((((((((((((31,30)~ 29) 27) 25) 24) 14) 12,(((((28,(30,31)~ 29)~ 27) 25) 24) 34) 32)~ 11,(((((26) 25) 24) 14) 12) 11)+ 11,(((((18,17)~ 16,(23,(22,21)~ 20)~ 19)~ 15) 14) 12) 11)+ 11,((13) 12) 11)+ 11) 10) 8)+ 8,(((40,39)~ 38) 10) 8)+ 8,((((33) 32) 11) 10) 8)+ 8) 6)~ 0
&t ((2,(5,4)~ 3)~ 1,((9,((((((((((28,(30,31)~ 29)~ 27) 25) 24) 14) 12,(((((28,(30,31)~ 29)~ 27) 25) 24) 34) 32)~ 11,(((((26) 25) 24) 14) 12) 11)+ 11,((((37,(36,36)+ 36)~ 35) 34) 32) 11)+ 11,(40,39)~ 38)~ 10,((((((((((28,(30,31)~ 29)~ 27) 25) 24) 14) 12,(((((28,(30,31)~ 29)~ 27) 25) 24) 34) 32)~ 11,(((((26) 25) 24) 14) 12) 11)+ 11,(((((18,17)~ 16,(23,(22,21)~ 20)~ 19)~ 15) 14) 12) 11)+ 11,((13) 12) 11)+ 11) 10)+ 10)~ 8,((7,7)+ 7,7)+ 7)~ 6)~ 0
&t ((((7,(((((((((((28) 27) 25) 24) 14) 12,((((((31,30)~ 29) 27) 25) 24) 34) 32)~ 11,(((((((31) 29) 27) 25) 24) 14) 12,((((((30) 29,28)~ 27) 25) 24) 34) 32)~ 11)+ 11,(((((26) 25) 24) 14) 12) 11)+ 11,((((37,36)~ 35) 34) 32) 11)+ 11) 10) 8)~ 6,(((((33) 32) 11) 10) 8) 6)+ 6,(((((((13) 12) 11) 10,9)~ 8,(((((((18,(17,17)+ 17)~ 16,(23,(21,(22,22)+ 22)~ 20)~ 19)~ 15) 14) 12) 11) 10) 8)+ 8,(((((((((28,(31,30)~ 29)~ 27) 25) 24) 14) 12,(((((28,(30,31)~ 29)~ 27) 25) 24) 34) 32)~ 11,(((((26) 25) 24) 14) 12) 11)+ 11) 10) 8)+ 8) 6)+ 6,(((4,5)~ 3,(5,4)~ 3)+ 3,2)~ 1)~ 0
&t ((((2,(((4,5)~ 3,(5,4)~ 3)+ 3,(4,5)~ 3)+ 3)~ 1,(2) 1)+ 1,((((39,40)~ 38,(((((((((((28) 27) 25) 24) 14) 12,((((((30,31)~ 29) 27) 25) 24) 34) 32)~ 11,(((((((28) 27) 25) 24) 14) 12,((((((30,31)~ 29) 27) 25) 24) 34) 32)~ 11,((((((28,(31,30)~ 29)~ 27) 25) 24) 14) 12,(((((28,(31,30)~ 29)~ 27) 25) 24) 34) 32)~ 11)+ 11)+ 11,(((((26) 25) 24) 14) 12) 11)+ 11,((((37,36)~ 35) 34) 32) 11)+ 11,((33) 32) 11)+ 11,((((((26) 25) 24) 34) 32,(13,(((17,18)~ 16,(23,(21,22)~ 20)~ 19)~ 15) 14)~ 12)~ 11,((((((((26) 25) 24) 14) 12,((((26) 25) 24) 34) 32)~ 11,((((((28,(30,31)~ 29)~ 27) 25) 24) 14) 12,(((((28,(30,31)~ 29)~ 27) 25) 24) 34) 32)~ 11)+ 11,(((((17,18)~ 16,(23,(22,21)~ 20)~ 19)~ 15) 14) 12) 11)+ 11,(((13,13)+ 13) 12) 11)+ 11)+ 11)+ 11)~ 10) 8) 6)~ 0,((((5,4)~ 3,(4,5)~ 3)+ 3,2)~ 1,(7,(9) 8)~ 6)~ 0)+ 0
&t ((2,((4,5)~ 3,(4) 3)+ 3)~ 1,((((7,((9,9)+ 9) 8)~ 6,((((((33) 32) 11,(39,40)~ 38)~ 10,(((((((((28,(30,31)~ 29)~ 27) 25) 24) 14) 12,(((((28,(31,30)~ 29)~ 27) 25) 24) 34) 32)~ 11,(((((26) 25) 24) 14) 12) 11)+ 11,((((36,37)~ 35) 34) 32) 11)+ 11) 10)+ 10) 8) 6)+ 6,((((((((26,(28,(31,30)~ 29)~ 27)~ 25) 24) 34) 32,((((18,17)~ 16,(23,(21,22)~ 20)~ 19)~ 15) 14) 12)~ 11) 10) 8) 6)+ 6,(((((13) 12) 11) 10) 8) 6)+ 6)~ 0
&t (((9,((39,(40,40)+ 40)~ 38,(((((((((28,(30,31)~ 29)~ 27) 25) 24) 14) 12,(((((28,(31,30)~ 29)~ 27) 25) 24) 34) 32)~ 11,(((((26) 25) 24) 14) 12) 11)+ 11,((33,((37) 35) 34)~ 32) 11)+ 11,(((((((((28,(31,30)~ 29)~ 27) 25) 24) 14) 12,(((((28,(30,31)~ 29)~ 27) 25) 24) 34) 32)~ 11,(((((26) 25) 24) 14) 12) 11)+ 11,(((((18,17)~ 16) 15) 14) 12) 11)+ 11,((13) 12) 11)+ 11)+ 11)~ 10)~ 8) 6,((4,5)~ 3,2)~ 1)~ 0
&t ((2,(((5,4)~ 3,(4) 3)+ 3,(5) 3)+ 3)~ 1) 0
&t (((2,((4,5)~ 3,(5,4)~ 3)+ 3)~ 1,((((5,4)~ 3,(5,4)~ 3)+ 3,(5,4)~ 3)+ 3,(2,2)+ 2)~ 1)+ 1,((9,(((((((((((((28,(30,31)~ 29)~ 27) 25) 24) 14) 12,(((((28,(30,31)~ 29)~ 27) 25) 24) 34) 32)~ 11,(((((26) 25) 24) 14) 12) 11)+ 11,((13) 12) 11)+ 11,(((((18,17)~ 16,(23,(22,21)~ 20)~ 19)~ 15) 14) 12) 11)+ 11,((((((((((30,31)~ 29) 27) 25) 24) 14) 12,((((((31,30)~ 29) 27) 25) 24) 34) 32)~ 11,((((((28) 27) 25) 24) 14) 12) 11)+ 11,((((((28) 27) 25) 24) 14) 12,((((((30,31)~ 29) 27) 25) 24) 34) 32)~ 11)+ 11,(((((26) 25) 24) 14) 12) 11)+ 11)+ 11,((((37,36)~ 35) 34) 32) 11)+ 11,((33) 32) 11)+ 11) 10)~ 8,(7,(7,7)+ 7)+ 7)~ 6)~ 0
&t ((2) 1,(((9,9)+ 9,(((((((((((28,(31,30)~ 29)~ 27) 25) 24) 14) 12,(((((28,(30,31)~ 29)~ 27) 25) 24) 34) 32)~ 11,((((((28) 27) 25) 24) 14) 12,((((((31,30)~ 29) 27) 25) 24) 34) 32)~ 11)+ 11,(((((26) 25) 24) 14) 12) 11)+ 11,((((37,36)~ 35) 34) 32) 11)+ 11,(((((((((31,30)~ 29,28)~ 27) 25) 24) 14) 12,((((26) 25) 24) 34) 32)~ 11,(((13,((((23) 19,(18,17)~ 16)~ 15,(((18,(17,17)+ 17)~ 16,(18,17)~ 16)+ 16) 15)+ 15) 14)~ 12) 11,((((((22,21)~ 20) 19) 15) 14) 12) 11)+ 11)+ 11,((33) 32) 11)+ 11)+ 11,(40,39)~ 38)~ 10)~ 8) 6)~ 0
&t ((2,((4,5)~ 3,(4,5)~ 3)+ 3)~ 1,(((((40,39)~ 38,((33) 32) 11)~ 10,((((((((((((30,31)~ 29,28)~ 27) 25) 24) 14) 12,(((((28,(30,31)~ 29)~ 27) 25) 24) 34) 32)~ 11,(((((26) 25) 24) 14) 12) 11)+ 11,(((((((22,21)~ 20,(22,21)~ 20)+ 20) 19) 15) 14) 12) 11)+ 11,((13,(((17,18)~ 16) 15) 14)~ 12) 11)+ 11,((((((((28,(31,30)~ 29)~ 27) 25) 24) 14) 12,(((((28,(30,31)~ 29)~ 27) 25) 24) 34) 32)~ 11,(((((26) 25) 24) 14) 12) 11)+ 11,((33) 32) 11)+ 11)+ 11) 10)+ 10,9)~ 8,7)~ 6)~ 0
&t ((((4,5)~ 3,(4,5)~ 3)+ 3,2)~ 1,(((7,7)+ 7,(7,7)+ 7)+ 7,(((((33) 32) 11,(39,40)~ 38)~ 10,(((((((28,(30,31)~ 29)~ 27,26)~ 25) 24) 14) 12,(((37,36)~ 35) 34) 32)~ 11) 10)+ 10) 8)~ 6)~ 0
&t ((7,(((9,((((((18,(17,17)+ 17)~ 16) 15) 14) 12) 11) 10)~ 8,(((((((((23,(21,(22,22)+ 22)~ 20)~ 19,(23) 19)+ 19,((21,22)~ 20) 19)+ 19) 15) 14) 12) 11) 10) 8)+ 8,(((((((((26) 25) 24) 14) 12,(((37,36)~ 35) 34) 32)~ 11,((40,40)+ 40,39)~ 38)~ 10,((((((((28,(30,31)~ 29)~ 27) 25) 24) 14) 12,(((((28,(31,30)~ 29)~ 27) 25) 24) 34) 32)~ 11,(((((26) 25) 24) 14) 12) 11)+ 11) 10)+ 10,(((13) 12) 11) 10)+ 10) 8)+ 8)~ 6) 0
&t (((2,((4,5)~ 3,(4,5)~ 3)+ 3)~ 1,(2,((((5,4)~ 3,(5,4)~ 3)+ 3,(5) 3)+ 3,(4) 3)+ 3)~ 1)+ 1,(((((((((((((((((28) 27) 25) 24) 14) 12,((((((30,31)~ 29) 27) 25) 24) 34) 32)~ 11,((((((((31) 29) 27) 25) 24) 14) 12,((((((31,30)~ 29) 27) 25) 24) 34) 32)~ 11,((((((28) 27) 25) 24) 14) 12) 11)+ 11)+ 11,(((((26) 25) 24) 14) 12) 11)+ 11,((((((21,22)~ 20,23)~ 19,(17,18)~ 16)~ 15) 14) 12) 11)+ 11,((13) 12) 11)+ 11,((33) 32) 11)+ 11,(40,(39,39)+ 39)~ 38)~ 10,(((((37,36)~ 35) 34) 32) 11) 10)+ 10,(((((((((((28,(30,31)~ 29)~ 27) 25) 24) 14) 12,((((((30,31)~ 29) 27) 25) 24) 34) 32)~ 11,((((((28) 27) 25) 24) 14) 12) 11)+ 11,(((((26) 25) 24) 14) 12) 11)+ 11,((((37,36)~ 35) 34) 32) 11)+ 11,((((((((((28) 27) 25) 24) 14) 12,((((((31,30)~ 29) 27) 25) 24) 34) 32)~ 11,(((((((28) 27) 25) 24) 14) 12,((((((30,31)~ 29) 27) 25) 24) 34) 32)~ 11,(((((((30) 29) 27) 25) 24) 14) 12,((((((31) 29,28)~ 27) 25) 24) 34) 32)~ 11)+ 11)+ 11,(((((26) 25) 24) 14) 12) 11)+ 11,((13) 12) 11)+ 11,(((((18) 16,((23,23)+ 23,((22,21)~ 20,(22,21)~ 20)+ 20)~ 19)~ 15) 14) 12) 11)+ 11)+ 11) 10)+ 10) 8,7)~ 6,(7) 6)+ 6)~ 0
&t ((7,(((9,((((((((((28,(30,31)~ 29)~ 27) 25) 24) 14) 12,(((((28,(31,30)~ 29)~ 27) 25) 24) 34) 32)~ 11,(((((26) 25) 24) 14) 12) 11)+ 11,(((((((26) 25) 24) 14) 12,((((26) 25) 24) 34) 32)~ 11,((((((28,(31,30)~ 29)~ 27) 25) 24) 14) 12,(((((28,(30,31)~ 29)~ 27) 25) 24) 34) 32)~ 11)+ 11,(((((37,36)~ 35,(37,(36,36)+ 36)~ 35)+ 35) 34) 32) 11)+ 11)+ 11,((33) 32) 11)+ 11) 10)~ 8,((((((((26,(28,(31,30)~ 29)~ 27)~ 25) 24) 34) 32,(((((17,(18,18)+ 18)~ 16,(18,17)~ 16)+ 16,(23,(21,22)~ 20)~ 19)~ 15) 14) 12)~ 11,((13) 12) 11)+ 11) 10) 8)+ 8,(((40,39)~ 38) 10) 8)+ 8)~ 6,((((5,4)~ 3,(4) 3)+ 3,2)~ 1,((2,2)+ 2,((4,5)~ 3,(4,5)~ 3)+ 3)~ 1)+ 1)~ 0
&t ((2,(4,5)~ 3)~ 1) 0
&t ((2,((4,5)~ 3,(5,4)~ 3)+ 3)~ 1,((9,(((((((((((((28) 27) 25) 24) 14) 12,((((((30,31)~ 29) 27) 25) 24) 34) 32)~ 11,((((((((30) 29) 27) 25) 24) 14) 12,((((((31) 29) 27) 25) 24) 34) 32)~ 11,((((((28) 27) 25) 24) 14) 12,(((((28) 27) 25) 24) 34) 32)~ 11)+ 11)+ 11,((((((28) 27) 25) 24) 14) 12,((((((30,31)~ 29) 27) 25) 24) 34) 32)~ 11)+ 11,(((((26) 25) 24) 14) 12) 11)+ 11,(((((18,17)~ 16,(23,(21,22)~ 20)~ 19)~ 15) 14) 12) 11)+ 11,((13) 12) 11)+ 11,((((37,36)~ 35) 34,(33,33)+ 33)~ 32) 11)+ 11) 10)~ 8) 6)~ 0
&t ((2,((4,5)~ 3,(5,4)~ 3)+ 3)~ 1,((((7,((((((((((28) 27) 25) 24) 14) 12,((((((31,30)~ 29) 27) 25) 24) 34) 32)~ 11,(((((((31) 29) 27) 25) 24) 14) 12,(((((28,(30) 29)~ 27) 25) 24) 34) 32)~ 11)+ 11,(((((26) 25) 24) 14) 12) 11)+ 11) 10) 8)~ 6,((((((((23,(22,21)~ 20)~ 19) 15) 14) 12) 11) 10) 8) 6)+ 6,(((((((((((28,(31,30)~ 29)~ 27) 25) 24) 14) 12,((((((30,31)~ 29,28)~ 27) 25) 24) 34) 32)~ 11,(((((26) 25) 24) 14) 12) 11)+ 11,((33) 32) 11)+ 11) 10) 8) 6)+ 6,((((40,39)~ 38) 10) 8) 6)+ 6)~ 0
&t ((((((39,40)~ 38,(((33,33)+ 33) 32) 11)~ 10,(((((((((28,(30,31)~ 29)~ 27) 25) 24) 14) 12,(((((28,(31,30)~ 29)~ 27) 25) 24) 34) 32)~ 11,(((((26) 25) 24) 14) 12) 11)+ 11,((((((((((28,(30,31)~ 29)~ 27) 25) 24) 14) 12,(((((28,(31,30)~ 29)~ 27) 25) 24) 34) 32)~ 11,(((((26) 25) 24) 14) 12) 11)+ 11,(((((18,17)~ 16,(23,(21,(22,22)+ 22)~ 20)~ 19)~ 15) 14) 12) 11)+ 11,((13) 12) 11)+ 11,((33,((36) 35) 34)~ 32) 11)+ 11)+ 11) 10)+ 10) 8) 6,(((5,4)~ 3,(4,5)~ 3)+ 3,2)~ 1)~ 0
&t (((5,4)~ 3) 1,((((((9,((39) 38,(((((((36,37)~ 35,(36) 35)+ 35,(37) 35)+ 35) 34) 32,((((26,(28,(31,30)~ 29)~ 27)~ 25) 24) 14) 12)~ 11,((33) 32) 11)+ 11)~ 10)~ 8,((((13) 12) 11) 10) 8)+ 8,(((((((((((28,(30,31)~ 29)~ 27) 25) 24) 14) 12,(((((28,(30,31)~ 29)~ 27) 25) 24) 34) 32)~ 11,(((((26) 25) 24) 14) 12) 11)+ 11,((((((18,17)~ 16,((22,21)~ 20) 19)~ 15,((23) 19) 15)+ 15) 14) 12) 11)+ 11,(((((26) 25) 24) 14) 12) 11)+ 11) 10) 8)+ 8,(((((((((28,(31,30)~ 29)~ 27) 25) 24) 14) 12,(((((28,(31,30)~ 29)~ 27) 25) 24) 34) 32)~ 11,(((((26) 25) 24) 14) 12) 11)+ 11) 10) 8)+ 8,(((((((23,(22,21)~ 20)~ 19) 15) 14) 12) 11) 10) 8)+ 8) 6)~ 0
&t (((9,((39,(40,40)+ 40)~ 38,(((((((((((((28) 27) 25) 24) 14) 12,((((((31,30)~ 29) 27) 25) 24) 34) 32)~ 11,(((((((31) 29) 27) 25) 24) 14) 12,(((((28,(30) 29)~ 27) 25) 24) 34) 32)~ 11)+ 11,(((((26) 25) 24) 14) 12) 11)+ 11,(((((18,17)~ 16) 15) 14) 12) 11)+ 11,((((((21,22)~ 20,(23,23)+ 23)~ 19) 15) 14) 12) 11)+ 11,((13) 12) 11)+ 11,((33) 32) 11)+ 11,((((((((28) 27) 25) 24) 14) 12,(((((28,(30,31)~ 29)~ 27) 25) 24) 34) 32)~ 11,(((((26) 25) 24) 14) 12,((((26) 25) 24) 34) 32)~ 11)+ 11,((((36,37)~ 35) 34) 32) 11)+ 11)+ 11)~ 10)~ 8) 6,(((4,5)~ 3,(4) 3)+ 3,2)~ 1)~ 0
&t ((2,((4,5)~ 3,(4,5)~ 3)+ 3)~ 1,((((((((((((((28,(30,31)~ 29)~ 27) 25) 24) 14) 12,(((((28,(30,31)~ 29)~ 27) 25) 24) 34) 32)~ 11,(((((26) 25) 24) 14) 12,((((26) 25) 24) 34) 32)~ 11)+ 11,(((((17,18)~ 16,(23,(21,22)~ 20)~ 19)~ 15) 14) 12,(33) 32)~ 11)+ 11,((13) 12) 11)+ 11,(((((((28,(31,30)~ 29)~ 27) 25) 24) 14) 12,(((((28,(31,30)~ 29)~ 27) 25) 24) 34) 32)~ 11,(((((26) 25) 24) 14) 12) 11)+ 11)+ 11,((((36,37)~ 35) 34) 32) 11)+ 11) 10) 8,7)~ 6)~ 0
&t ((2,((5,4)~ 3,(5,(4,4)+ 4)~ 3)+ 3)~ 1,((((((((39,40)~ 38) 10,(9,9)+ 9)~ 8,(((((((((((((28,(31,30)~ 29)~ 27) 25) 24) 14) 12,(((((28,(31,30)~ 29)~ 27) 25) 24) 34) 32)~ 11,(((((26) 25) 24) 14) 12) 11)+ 11,((((((28,(31,30)~ 29)~ 27) 25) 24) 14) 12,(((((28,(31,30)~ 29)~ 27) 25) 24) 34) 32)~ 11)+ 11,((((37) 35) 34) 32) 11)+ 11,((33) 32) 11)+ 11,(((((((((28,(31,30)~ 29)~ 27) 25) 24) 14) 12,(((((28,(31,30)~ 29)~ 27) 25) 24) 34) 32)~ 11,(((((26) 25) 24) 14) 12) 11)+ 11,(((((18,17)~ 16,(23,(22,21)~ 20)~ 19)~ 15) 14) 12) 11)+ 11,(((13,13)+ 13) 12) 11)+ 11)+ 11) 10) 8)+ 8,(((39,40)~ 38) 10) 8)+ 8,((((((((((((28,(31,30)~ 29)~ 27) 25) 24) 14) 12,(((((28,(31,30)~ 29)~ 27) 25) 24) 34) 32)~ 11,(((((26) 25) 24) 14) 12) 11)+ 11,(((((18) 16,(23) 19)~ 15) 14) 12) 11)+ 11,(((13,13)+ 13) 12) 11)+ 11,((33) 32) 11)+ 11) 10) 8)+ 8,(((40,39)~ 38) 10) 8)+ 8) 6)~ 0
&t ((7,(((40,39)~ 38) 10) 8)~ 6) 0
&t ((2,((4,5)~ 3,(5) 3)+ 3)~ 1,((((((((((((28,(30,31)~ 29)~ 27) 25) 24) 14) 12,(((((28,(31,30)~ 29)~ 27) 25) 24) 34) 32)~ 11,(((((26) 25) 24) 14) 12) 11)+ 11,(((((23,((21,22)~ 20,(21,22)~ 20)+ 20)~ 19,(17,(18,18)+ 18)~ 16)~ 15) 14) 12) 11)+ 11,((((((((((((28) 27) 25) 24) 14) 12,(((((28) 27) 25) 24) 34) 32)~ 11,(((((((31) 29) 27) 25) 24) 14) 12,((((((30) 29) 27) 25) 24) 34) 32)~ 11)+ 11,((((((((30) 29) 27) 25) 24) 14) 12,((((((31) 29) 27) 25) 24) 34) 32)~ 11,((((((28) 27) 25) 24) 14) 12,(((((28) 27) 25) 24) 34) 32)~ 11)+ 11)+ 11,((((((28,(30,31)~ 29)~ 27) 25) 24) 14) 12,((((((30,31)~ 29) 27) 25) 24) 34) 32)~ 11)+ 11,(((((26) 25) 24) 14) 12) 11)+ 11,(((((36,37)~ 35,(36) 35)+ 35) 34) 32) 11)+ 11,((33) 32) 11)+ 11)+ 11,(40,39)~ 38)~ 10,9)~ 8,7)~ 6)~ 0
&t ((((9,(((39,40)~ 38,(((((((((((30) 29,28)~ 27) 25) 24) 14) 12,(((((28,(30,31)~ 29)~ 27) 25) 24) 34) 32)~ 11,(((((26) 25) 24) 14) 12) 11)+ 11,((((36,37)~ 35) 34) 32) 11)+ 11,((33) 32) 11)+ 11,(((((((((28,(31,30)~ 29)~ 27) 25) 24) 14) 12,(((((28,(31) 29)~ 27) 25) 24) 34) 32)~ 11,(((((((28) 27) 25) 24) 14) 12,((((((30,31)~ 29) 27) 25) 24) 34) 32)~ 11,(((((((28,(31,30)~ 29)~ 27) 25) 24) 14) 12,((((((30,31)~ 29) 27) 25) 24) 34) 32)~ 11,((((((28) 27) 25) 24) 14) 12,((((((30,31)~ 29) 27) 25) 24) 34) 32)~ 11)+ 11)+ 11)+ 11,(((((26) 25) 24) 14) 12) 11)+ 11,((((((18,17)~ 16,(18,17)~ 16)+ 16,(23,(21,22)~ 20)~ 19)~ 15) 14) 12) 11)+ 11)+ 11)~ 10,((((((((((28,(31,30)~ 29)~ 27) 25) 24) 14) 12,(((((28,(31,30)~ 29)~ 27) 25) 24) 34) 32)~ 11,(((((26) 25) 24) 14) 12) 11)+ 11,((33,((36,37)~ 35) 34)~ 32) 11)+ 11,((((((((((28,(31,30)~ 29)~ 27) 25) 24) 14) 12,(((((28,(30,31)~ 29)~ 27) 25) 24) 34) 32)~ 11,(((((26) 25) 24) 14) 12) 11)+ 11,(((((23) 19) 15) 14) 12) 11)+ 11,(((((((28,(30,31)~ 29)~ 27) 25) 24) 14) 12,(((((28,(31,30)~ 29)~ 27) 25) 24) 34) 32)~ 11,((((((26) 25) 24) 14) 12,((((26) 25) 24) 34) 32)~ 11,((((((28,(31,30)~ 29)~ 27) 25) 24) 14) 12,(((((28,(31,30)~ 29)~ 27) 25) 24) 34) 32)~ 11)+ 11)+ 11)+ 11,((((((22,21)~ 20) 19,(18,17)~ 16)~ 15) 14) 12) 11)+ 11)+ 11) 10)+ 10)~ 8,(7,7)+ 7)~ 6,(7) 6)+ 6,((((4,5)~ 3,(5,(4,4)+ 4)~ 3)+ 3,2)~ 1,(2,((4,5)~ 3,(5,4)~ 3)+ 3)~ 1)+ 1)~ 0
&t ((2,((4,5)~ 3,(5,4)~ 3)+ 3)~ 1,(((((39,40)~ 38,(((33,((36,37)~ 35,((26,(28,(31,30)~ 29)~ 27)~ 25) 24)~ 34)~ 32,((((17,18)~ 16,(23,(21,22)~ 20)~ 19)~ 15) 14) 12)~ 11,((13) 12) 11)+ 11)~ 10) 8,7)~ 6,((9) 8) 6)+ 6)~ 0
&t ((2,((4,5)~ 3,(5,4)~ 3)+ 3)~ 1,((((39,40)~ 38) 10,9)~ 8,7)~ 6)~ 0
&t (((9) 8) 6,((2,(((4,5)~ 3,(4) 3)+ 3,(5) 3)+ 3)~ 1,(2) 1)+ 1)~ 0
&t ((2,((5,4)~ 3,(5,4)~ 3)+ 3)~ 1,(((((((((((((((31) 29) 27) 25) 24) 14) 12,(((((28,(30) 29)~ 27) 25) 24) 34) 32)~ 11,(((((26) 25) 24) 14) 12) 11)+ 11,((((((23) 19,((17,18)~ 16,(18) 16)+ 16)~ 15,(((21,22)~ 20) 19) 15)+ 15) 14) 12) 11)+ 11,(((13,13)+ 13) 12) 11)+ 11,(((((((((28) 27) 25) 24) 14) 12,(((((28) 27) 25) 24) 34) 32)~ 11,(((((26) 25) 24) 14) 12) 11)+ 11,((((37,36)~ 35) 34) 32) 11)+ 11,((33) 32) 11)+ 11)+ 11,(40,(39,39)+ 39)~ 38)~ 10,((40,39)~ 38) 10)+ 10) 8,7)~ 6)~ 0
&t ((2,((5,4)~ 3,(5,4)~ 3)+ 3)~ 1) 0
&t (((9,((39,40)~ 38,(((((((17,18)~ 16,((22,21)~ 20) 19)~ 15) 14) 12,((((26) 25) 24) 34) 32)~ 11,((13) 12) 11)+ 11,((((((((28,(30,31)~ 29)~ 27) 25) 24) 14) 12,(((((28,(31,30)~ 29)~ 27) 25) 24) 34) 32)~ 11,(((((26) 25) 24) 14) 12) 11)+ 11,((33) 32) 11)+ 11)+ 11)~ 10)~ 8) 6) 0
&t ((2,((5,4)~ 3,(5,4)~ 3)+ 3)~ 1,((((39,40)~ 38,((((((((((28,(30,31)~ 29)~ 27) 25) 24) 14) 12,(((((28,(30,31)~ 29)~ 27) 25) 24) 34) 32)~ 11,((((((28) 27) 25) 24) 14) 12,((((((30,31)~ 29) 27) 25) 24) 34) 32)~ 11)+ 11,(((((26) 25) 24) 14) 12) 11)+ 11,((((37,36)~ 35) 34) 32) 11)+ 11,((((((((21,22)~ 20) 19,((17,17)+ 17,18)~ 16)~ 15,((23) 19) 15)+ 15) 14,(13,13)+ 13)~ 12,((((26) 25) 24) 34) 32)~ 11,((33) 32) 11)+ 11)+ 11)~ 10,9)~ 8,7)~ 6)~ 0
&t ((2,((5,4)~ 3,(4,5)~ 3)+ 3)~ 1,((((((39,40)~ 38,((33) 32) 11)~ 10,(((((((((28,(30,31)~ 29)~ 27) 25) 24) 14) 12,(((((28,(30,31)~ 29)~ 27) 25) 24) 34) 32)~ 11,(((((((28,(31,30)~ 29)~ 27) 25) 24) 14) 12,(((((28,(30,31)~ 29)~ 27) 25) 24) 34) 32)~ 11,(((((26) 25) 24) 14) 12) 11)+ 11)+ 11,((((36,37)~ 35) 34) 32) 11)+ 11) 10)+ 10,((((((((((28,(30,31)~ 29)~ 27) 25) 24) 14) 12,(((((28,(30,31)~ 29)~ 27) 25) 24) 34) 32)~ 11,(((((26) 25) 24) 14) 12) 11)+ 11,(((((18,17)~ 16,(23,(22) 20)~ 19)~ 15) 14) 12) 11)+ 11,((13) 12) 11)+ 11) 10)+ 10,(9,9)+ 9)~ 8,7)~ 6)~ 0
&t ((7,(((((39,40)~ 38) 10,(9,9)+ 9)~ 8,((((33) 32) 11) 10) 8)+ 8,(((((((((((28,(30,31)~ 29)~ 27) 25) 24) 14) 12,(((((28,(31,30)~ 29)~ 27) 25) 24) 34) 32)~ 11,(((((26) 25) 24) 14) 12) 11)+ 11,(((((18,17)~ 16,(23,(21,22)~ 20)~ 19)~ 15) 14) 12) 11)+ 11,(((((((((28,(30,31)~ 29)~ 27) 25) 24) 14) 12,(((((28,(30,31)~ 29)~ 27) 25) 24) 34) 32)~ 11,(((((26) 25) 24) 14) 12) 11)+ 11,((((36,37)~ 35) 34) 32) 11)+ 11,(((((((((28,(31,30)~ 29)~ 27) 25) 24) 14) 12,(((((28,(30,31)~ 29)~ 27) 25) 24) 34) 32)~ 11,(((((26) 25) 24) 14) 12) 11)+ 11,((((37,36)~ 35) 34) 32) 11)+ 11,((13) 12) 11)+ 11)+ 11)+ 11) 10) 8)+ 8)~ 6,(((4,5)~ 3,(4) 3)+ 3,2)~ 1)~ 0
&t ((((((((((7,(((((((((28,(30,31)~ 29)~ 27) 25) 24) 14) 12,(((((28,(30,31)~ 29)~ 27) 25) 24) 34) 32)~ 11,(((((26) 25) 24) 14) 12) 11)+ 11) 10) 8)~ 6,((((((((17,18)~ 16,(23,(22,21)~ 20)~ 19)~ 15) 14) 12) 11) 10) 8) 6)+ 6,(((((13) 12) 11) 10) 8) 6)+ 6,((((((((((((30,31)~ 29) 27) 25) 24) 14) 12,(((((28,(30,31)~ 29)~ 27) 25) 24) 34) 32)~ 11,(((((26) 25) 24) 14) 12) 11)+ 11,((((36,37)~ 35) 34) 32) 11)+ 11) 10) 8) 6)+ 6,(((((33) 32) 11) 10) 8) 6)+ 6,((((39,40)~ 38,((((((((28,(31,30)~ 29)~ 27) 25) 24) 14) 12,(((((28,(31,30)~ 29)~ 27) 25) 24) 34) 32)~ 11,(((((26) 25) 24) 14) 12) 11)+ 11,(((((((((((28,(31,30)~ 29)~ 27) 25) 24) 14) 12,(((((28,(30,31)~ 29)~ 27) 25) 24) 34) 32)~ 11,(((((26) 25) 24) 14) 12) 11)+ 11,(((((17,18)~ 16,(23,(22,21)~ 20)~ 19)~ 15) 14) 12) 11)+ 11,((13) 12) 11)+ 11,(((33,(33,33)+ 33)+ 33) 32) 11)+ 11,((((36,37)~ 35) 34) 32) 11)+ 11)+ 11)~ 10) 8) 6)+ 6,((((39,40)~ 38) 10) 8) 6)+ 6,((9) 8) 6)+ 6,((((((((((((((28,(30,31)~ 29)~ 27) 25) 24) 14) 12,(((((28,(31,30)~ 29)~ 27) 25) 24) 34) 32)~ 11,(((((26) 25) 24) 14) 12) 11)+ 11,((33) 32) 11)+ 11,(((((((((28,(31,30)~ 29)~ 27) 25) 24) 14) 12,(((((28,(31,30)~ 29)~ 27) 25) 24) 34) 32)~ 11,(((((26) 25) 24) 14) 12) 11)+ 11,(((((18) 16,(23,(22,21)~ 20)~ 19)~ 15) 14) 12) 11)+ 11,((13) 12) 11)+ 11)+ 11,(40,39)~ 38)~ 10,((40,39)~ 38,((((((((((28,(31,30)~ 29)~ 27) 25) 24) 14) 12,(((((28,(30,31)~ 29)~ 27) 25) 24) 34) 32)~ 11,(((((26) 25) 24) 14) 12) 11)+ 11,(((((23,(21,22)~ 20)~ 19,(18,17)~ 16)~ 15) 14) 12) 11)+ 11,((33) 32) 11)+ 11,((((((((28,(31,30)~ 29)~ 27) 25) 24) 14) 12,(((((28,(31,30)~ 29)~ 27) 25) 24) 34) 32)~ 11,(((((26) 25) 24) 14) 12) 11)+ 11,((((37) 35) 34) 32) 11)+ 11)+ 11)~ 10)+ 10,9)~ 8,(7,7)+ 7)~ 6,((7,7)+ 7) 6)+ 6)+ 6) 0
&t (((7,7)+ 7,(((40) 38,((((((((((((30,31)~ 29) 27) 25) 24) 14) 12,(((((28,(30,31)~ 29)~ 27) 25) 24) 34) 32)~ 11,(((((26) 25) 24) 14) 12,((((26) 25) 24) 34) 32)~ 11)+ 11,((((((21,22)~ 20) 19,(18,17)~ 16)~ 15) 14) 12) 11)+ 11,((33) 32) 11)+ 11,((((37,36)~ 35) 34) 32) 11)+ 11,((((((((28) 27) 25) 24) 14) 12,((((((31,30)~ 29) 27) 25) 24) 34) 32)~ 11,(((((((28) 27) 25) 24) 14) 12,((((((30,31)~ 29) 27) 25) 24) 34) 32)~ 11,((((((28,(30,31)~ 29)~ 27) 25) 24) 14) 12,(((((28,(30,31)~ 29)~ 27) 25) 24) 34) 32)~ 11)+ 11)+ 11,(((((26) 25) 24) 14) 12) 11)+ 11)+ 11)~ 10) 8)~ 6) 0
&t ((7,((((9,(((((((((((28,(30,31)~ 29)~ 27) 25) 24) 14) 12,(((((28,(31,30)~ 29)~ 27) 25) 24) 34) 32)~ 11,(((((26) 25) 24) 14) 12) 11)+ 11,((((((22) 20,23)~ 19,(17,18)~ 16)~ 15) 14) 12) 11)+ 11,(((13,13)+ 13) 12) 11)+ 11,(((((((((28,(30,31)~ 29)~ 27) 25) 24) 14) 12,(((((28,(30,31)~ 29)~ 27) 25) 24) 34) 32)~ 11,((((((28,(30,31)~ 29)~ 27) 25) 24) 14) 12,(((((28,(31,30)~ 29)~ 27) 25) 24) 34) 32)~ 11)+ 11,(((((26) 25) 24) 14) 12) 11)+ 11,(((13,13)+ 13,(((18,17)~ 16,(23,(22,21)~ 20)~ 19)~ 15) 14)~ 12) 11)+ 11)+ 11) 10)~ 8,(((((33,33)+ 33) 32) 11) 10) 8)+ 8,(((((((((((((31) 29) 27) 25) 24) 14) 12,((((((30) 29) 27) 25) 24) 34) 32)~ 11,((((((28) 27) 25) 24) 14) 12,(((((28) 27) 25) 24) 34) 32)~ 11)+ 11,((((((28) 27) 25) 24) 14) 12,((((((31,30)~ 29) 27) 25) 24) 34) 32)~ 11)+ 11,(((((26) 25) 24) 14) 12) 11)+ 11,((((36,37)~ 35) 34) 32) 11)+ 11) 10) 8)+ 8,(((39,40)~ 38) 10) 8)+ 8)~ 6) 0
&t (((7,7)+ 7,(((39,40)~ 38,((((((((((28,(31,30)~ 29)~ 27) 25) 24) 14) 12,(((((28,(30,31)~ 29)~ 27) 25) 24) 34) 32)~ 11,(((((26) 25) 24) 14) 12) 11)+ 11,((13) 12) 11)+ 11,(((((18,17)~ 16,((21,22)~ 20,(23,23)+ 23)~ 19)~ 15) 14) 12) 11)+ 11,((((((((28,(31,30)~ 29)~ 27) 25) 24) 14) 12,(((((28,(30,31)~ 29)~ 27) 25) 24) 34) 32)~ 11,(((((26) 25) 24) 14) 12) 11)+ 11,((((37,36)~ 35) 34) 32) 11)+ 11)+ 11)~ 10) 8)~ 6,((2,2)+ 2,((5,4)~ 3,(5,4)~ 3)+ 3)~ 1)~ 0
&t (((((39,40)~ 38) 10) 8,7)~ 6,(2,((4,5)~ 3,(4,5)~ 3)+ 3)~ 1)~ 0
&t (((2,(5,4)~ 3)~ 1,((5,4)~ 3) 1)+ 1,((((((((((((((28) 27) 25) 24) 14) 12,((((((30,31)~ 29) 27) 25) 24) 34) 32)~ 11,(((((((31) 29) 27) 25) 24) 14) 12,(((((28,(30) 29)~ 27) 25) 24) 34) 32)~ 11)+ 11,(((((26) 25) 24) 14) 12) 11)+ 11,(((((((18,17)~ 16,(17) 16)+ 16,(18) 16)+ 16) 15) 14) 12) 11)+ 11,(((13,13)+ 13) 12) 11)+ 11,(39) 38)~ 10) 8,7)~ 6,((((((((((26) 25) 24) 14) 12,(((37,36)~ 35) 34) 32)~ 11,((((((28,(31,30)~ 29)~ 27) 25) 24) 14) 12,(((((28,(31,30)~ 29)~ 27) 25) 24) 34) 32)~ 11)+ 11,((33) 32) 11)+ 11) 10) 8) 6)+ 6)~ 0
&t ((((9,(((((40,39)~ 38,((((((28,(30,31)~ 29)~ 27) 25) 24) 14) 12,((((36,37)~ 35,(37,36)~ 35)+ 35) 34) 32)~ 11)~ 10,((((((((((28) 27) 25) 24) 14) 12,((((((30,31)~ 29) 27) 25) 24) 34) 32)~ 11,((((((28,(30,31)~ 29)~ 27) 25) 24) 14) 12,(((((28,(31,30)~ 29)~ 27) 25) 24) 34) 32)~ 11)+ 11,(((((26) 25) 24) 14) 12) 11)+ 11,(((((18,17)~ 16,(23,(22,21)~ 20)~ 19)~ 15) 14) 12) 11)+ 11) 10)+ 10,(((33) 32) 11) 10)+ 10,(((13) 12) 11) 10)+ 10)~ 8,((((33) 32) 11) 10) 8)+ 8) 6,(((((4,5)~ 3,(4,5)~ 3)+ 3,2)~ 1,(2,((4,5)~ 3,(4) 3)+ 3)~ 1)+ 1,(2,(((5,4)~ 3,(5) 3)+ 3,(4) 3)+ 3)~ 1)+ 1)~ 0
&t (((((7,(((((((37,36)~ 35,(36,37)~ 35)+ 35) 34) 32) 11) 10) 8)~ 6,(((((33) 32) 11) 10) 8) 6)+ 6,((((((((((((((((30) 29) 27) 25) 24) 14) 12,((((((30) 29) 27) 25) 24) 34) 32)~ 11,(((((((31) 29) 27) 25) 24) 14) 12) 11)+ 11,((((((28) 27) 25) 24) 14) 12) 11)+ 11,((((((28) 27) 25) 24) 14) 12,((((((30,31)~ 29) 27) 25) 24) 34) 32)~ 11)+ 11,(((((26) 25) 24) 14) 12) 11)+ 11,(((((17) 16,((23,(23,23)+ 23)+ 23) 19)~ 15) 14) 12) 11)+ 11,((13) 12) 11)+ 11) 10) 8) 6)+ 6,(((9,(9,9)+ 9)+ 9) 8) 6)+ 6,(((4,5)~ 3,(4,5)~ 3)+ 3,2)~ 1)~ 0
&t ((((9,9)+ 9,((((40,39)~ 38,(((((((((28,(31,30)~ 29)~ 27) 25) 24) 14) 12,(((((28,(30,31)~ 29)~ 27) 25) 24) 34) 32)~ 11,(((((((28,(31,30)~ 29)~ 27) 25) 24) 14) 12,(((((28,(31,30)~ 29)~ 27) 25) 24) 34) 32)~ 11,((((((28) 27) 25) 24) 14) 12,((((((30,31)~ 29) 27) 25) 24) 34) 32)~ 11)+ 11)+ 11,(((((26) 25) 24) 14) 12) 11)+ 11,((((37,36)~ 35) 34) 32) 11)+ 11)~ 10,(((13,(((17,18)~ 16,(23,(22,21)~ 20)~ 19)~ 15) 14)~ 12) 11) 10)+ 10,((((((((28,(31,30)~ 29)~ 27) 25) 24) 14) 12,(((((28,(31,30)~ 29)~ 27) 25) 24) 34) 32)~ 11,(((((26) 25) 24) 14) 12) 11)+ 11) 10)+ 10)~ 8) 6) 0
&t (((2,((4,5)~ 3,(4,5)~ 3)+ 3)~ 1,(2,((5,4)~ 3,(4,5)~ 3)+ 3)~ 1)+ 1,(7,(((((40,39)~ 38,(((((((((28) 27) 25) 24) 14) 12,((((((30,31)~ 29) 27) 25) 24) 34) 32)~ 11,(((((((31) 29) 27) 25) 24) 14) 12,((((((30) 29,28)~ 27) 25) 24) 34) 32)~ 11)+ 11,(((((26) 25) 24) 14) 12) 11)+ 11,((((36,37)~ 35) 34) 32) 11)+ 11)~ 10,((((((17,18)~ 16,(23,(21,22)~ 20)~ 19)~ 15) 14) 12,((((26,(28,(31,30)~ 29)~ 27)~ 25) 24) 34) 32)~ 11) 10)+ 10,(((33) 32) 11) 10)+ 10,9)~ 8)~ 6)~ 0
&t ((2,((4,(5,5)+ 5)~ 3,((4,5)~ 3,(4,5)~ 3)+ 3)+ 3)~ 1,((9,(((39,40)~ 38,((((((((28,(31,30)~ 29)~ 27) 25) 24) 14) 12,(((((28,(30,31)~ 29)~ 27) 25) 24) 34) 32)~ 11,(((((17,18)~ 16,(23,((21,22)~ 20,(21,22)~ 20)+ 20)~ 19)~ 15) 14) 12) 11)+ 11,(((((((((28,(30,31)~ 29)~ 27) 25) 24) 14) 12,(((((28,(30,31)~ 29)~ 27) 25) 24) 34) 32)~ 11,(((((26) 25) 24) 14) 12) 11)+ 11,((((((((28) 27) 25) 24) 14) 12,((((((30,31)~ 29) 27) 25) 24) 34) 32)~ 11,((((((28,(30,31)~ 29)~ 27) 25) 24) 14) 12,(((((28,(31,30)~ 29)~ 27) 25) 24) 34) 32)~ 11)+ 11,(((((26) 25) 24) 14) 12) 11)+ 11)+ 11,((((36,37)~ 35) 34) 32) 11)+ 11)+ 11)~ 10,(((33) 32) 11) 10)+ 10)~ 8,((7,7)+ 7,7)+ 7)~ 6)~ 0
&t ((((7,(7,7)+ 7)+ 7,(((((40,39)~ 38,(40,39)~ 38)+ 38,(((((((((28,(31,30)~ 29)~ 27) 25) 24) 14) 12,(((((28,(30,31)~ 29)~ 27) 25) 24) 34) 32)~ 11,(((((26) 25) 24) 14) 12) 11)+ 11,((((37,36)~ 35) 34) 32) 11)+ 11,(((((((((28,(30,31)~ 29)~ 27) 25) 24) 14) 12,(((((28,(31,30)~ 29)~ 27) 25) 24) 34) 32)~ 11,(((((26) 25) 24) 14) 12) 11)+ 11,(((((18,17)~ 16,((22) 20,23)~ 19)~ 15) 14) 12) 11)+ 11,((13) 12) 11)+ 11)+ 11)~ 10,((40,39)~ 38) 10)+ 10) 8)~ 6,((9) 8) 6)+ 6,(((5,4)~ 3,(5) 3)+ 3,2)~ 1)~ 0
&t (((4,(5,5)+ 5)~ 3) 1,((7,(((((39,(40,(40,40)+ 40)+ 40)~ 38,((((((((28,(30,31)~ 29)~ 27) 25) 24) 14) 12,(((((28,(30,31)~ 29)~ 27) 25) 24) 34) 32)~ 11,(((((26) 25) 24) 14) 12) 11)+ 11,((((36,37)~ 35) 34) 32) 11)+ 11)~ 10,(((33) 32) 11) 10)+ 10,((((((((((((31) 29) 27) 25) 24) 14) 12,((((((30) 29,28)~ 27) 25) 24) 34) 32)~ 11,(((((((28) 27) 25) 24) 14) 12,(((((28) 27) 25) 24) 34) 32)~ 11,(((((((31) 29) 27) 25) 24) 14) 12,((((((30) 29) 27) 25) 24) 34) 32)~ 11)+ 11)+ 11,(((((26) 25) 24) 14) 12) 11)+ 11,((13) 12) 11)+ 11,(((((17,18)~ 16,(23,(21,22)~ 20)~ 19)~ 15) 14) 12) 11)+ 11) 10)+ 10) 8)~ 6,(((9,9)+ 9) 8) 6)+ 6)~ 0
&t ((7,((9,((39) 38,(((((((((28,(30,31)~ 29)~ 27) 25) 24) 14) 12,(((((28,(31,30)~ 29)~ 27) 25) 24) 34) 32)~ 11,(((((26) 25) 24) 14) 12) 11)+ 11,(((((36,36)+ 36,(37,37)+ 37)~ 35) 34) 32) 11)+ 11,((33) 32,(13,(((18,17)~ 16,(23,(21,22)~ 20)~ 19)~ 15) 14)~ 12)~ 11)+ 11)~ 10)~ 8,(((9,9)+ 9,9)+ 9) 8)+ 8)~ 6) 0
&t ((2,((5,4)~ 3,(5,4)~ 3)+ 3)~ 1) 0
&t ((2,((5,4)~ 3,(5,4)~ 3)+ 3)~ 1) 0
&t ((2,((4,5)~ 3,(4,5)~ 3)+ 3)~ 1,((7,(((39,(40,40)+ 40)~ 38,((((((((((28,(30,31)~ 29)~ 27) 25) 24) 14) 12,(((((28,(30,31)~ 29)~ 27) 25) 24) 34) 32)~ 11,(((((26) 25) 24) 14) 12) 11)+ 11,(((((18,17)~ 16,(23,(22,21)~ 20)~ 19)~ 15) 14) 12) 11)+ 11,((13) 12) 11)+ 11,((((((((28,(30,31)~ 29)~ 27) 25) 24) 14) 12,(((((28,(30,31)~ 29)~ 27) 25) 24) 34) 32)~ 11,(((((((28,(30,31)~ 29)~ 27) 25) 24) 14) 12,(((((28,(30,31)~ 29)~ 27) 25) 24) 34) 32)~ 11,((((((28) 27) 25) 24) 14) 12,((((((30,31)~ 29) 27) 25) 24) 34) 32)~ 11)+ 11)+ 11,(((((26) 25) 24) 14) 12) 11)+ 11)+ 11)~ 10) 8)~ 6,((9) 8) 6)+ 6)~ 0
&t ((2,((5,4)~ 3,(4,5)~ 3)+ 3)~ 1,((((((((((((((28,(30,31)~ 29)~ 27) 25) 24) 14) 12,(((((28,(31,30)~ 29)~ 27) 25) 24) 34) 32)~ 11,(((((26) 25) 24) 14) 12) 11)+ 11,(((((23,(22,21)~ 20)~ 19) 15) 14) 12) 11)+ 11,((13) 12) 11)+ 11,(((((((28) 27) 25) 24) 14) 12,((((((31,30)~ 29) 27) 25) 24) 34) 32)~ 11,((((((28) 27) 25) 24) 14) 12,(((((28,(31,30)~ 29)~ 27) 25) 24) 34) 32)~ 11)+ 11)+ 11,((33) 32) 11)+ 11) 10,9)~ 8,7)~ 6)~ 0
&t (((7,7)+ 7,(9,((40,39)~ 38,((((((((((28,(30,31)~ 29)~ 27) 25) 24) 14) 12,(((((28,(31,30)~ 29)~ 27) 25) 24) 34) 32)~ 11,(((((26) 25) 24) 14) 12) 11)+ 11,((13,(((18,17)~ 16,(23,(21,22)~ 20)~ 19)~ 15) 14)~ 12) 11)+ 11,((33) 32) 11)+ 11,((((((((28,(31,30)~ 29)~ 27) 25) 24) 14) 12,(((((28,(31,30)~ 29)~ 27) 25) 24) 34) 32)~ 11,(((((26) 25) 24) 14) 12) 11)+ 11,((((36,37)~ 35) 34) 32) 11)+ 11)+ 11)~ 10)~ 8)~ 6,(((5,4)~ 3,(4,5)~ 3)+ 3,2)~ 1)~ 0
&t ((2,((5,4)~ 3,(5,4)~ 3)+ 3)~ 1) 0
&t ((2,(((4,(5,5)+ 5)~ 3,(5,4)~ 3)+ 3,(5) 3)+ 3)~ 1,((((((((((((((30,31)~ 29) 27) 25) 24) 14) 12,(((((28) 27) 25) 24) 34) 32)~ 11,(((((26) 25) 24) 14) 12,((((26) 25) 24) 34) 32)~ 11)+ 11,(((((17,18)~ 16) 15) 14) 12) 11)+ 11,((((((((((((28,(31,30)~ 29)~ 27) 25) 24) 14) 12,(((((28,(30,31)~ 29)~ 27) 25) 24) 34) 32)~ 11,(((((26) 25) 24) 14) 12) 11)+ 11,(((((36,37)~ 35,(37) 35)+ 35) 34) 32) 11)+ 11,((((((((28) 27) 25) 24) 14) 12,((((((30,31)~ 29) 27) 25) 24) 34) 32)~ 11,(((((((28) 27) 25) 24) 14) 12,((((((31,30)~ 29) 27) 25) 24) 34) 32)~ 11,((((((((30) 29) 27) 25) 24) 14) 12,((((((30,31)~ 29) 27) 25) 24) 34) 32)~ 11,((((((28) 27) 25) 24) 14) 12) 11)+ 11)+ 11)+ 11,(((((26) 25) 24) 14) 12) 11)+ 11)+ 11,((((37,36)~ 35) 34) 32) 11)+ 11,(((((26) 25) 24) 14) 12,(((36,37)~ 35) 34) 32)~ 11)+ 11,((33) 32) 11)+ 11)+ 11,(40,39)~ 38)~ 10,(((39,(40,40)+ 40)~ 38,((((37,36)~ 35) 34) 32) 11)~ 10,((((((((((((31) 29) 27) 25) 24) 14) 12,((((((30) 29) 27) 25) 24) 34) 32)~ 11,((((((28) 27) 25) 24) 14) 12,(((((28) 27) 25) 24) 34) 32)~ 11)+ 11,(((((((30) 29) 27) 25) 24) 14) 12,((((((31) 29) 27) 25) 24) 34) 32)~ 11)+ 11,(((((26) 25) 24) 14) 12,((((26) 25) 24) 34) 32)~ 11)+ 11,((33) 32,(13,(((18,17)~ 16,(23,(21,22)~ 20)~ 19)~ 15) 14)~ 12)~ 11)+ 11) 10)+ 10)+ 10) 8,7)~ 6)~ 0
&t (((9,((39,(40,40)+ 40)~ 38,(((((((((((((28) 27) 25) 24) 14) 12,(((((28) 27) 25) 24) 34) 32)~ 11,(((((((30) 29) 27) 25) 24) 14) 12,((((((31) 29) 27) 25) 24) 34) 32)~ 11)+ 11,(((((((30) 29) 27) 25) 24) 14) 12,(((((28) 27) 25) 24) 34) 32)~ 11)+ 11,(((((26) 25) 24) 14) 12) 11)+ 11,((33) 32) 11)+ 11,(((((17,18)~ 16,(23,((22,21)~ 20,(21,22)~ 20)+ 20)~ 19)~ 15) 14) 12) 11)+ 11,((13) 12) 11)+ 11,((((((((28,(31,30)~ 29)~ 27) 25) 24) 14) 12,(((((28,(30,31)~ 29)~ 27) 25) 24) 34) 32)~ 11,(((((26) 25) 24) 14) 12) 11)+ 11,((((37) 35) 34) 32) 11)+ 11)+ 11)~ 10)~ 8) 6,((((5,5)+ 5,4)~ 3,(4,(5,5)+ 5)~ 3)+ 3,(2,2)+ 2)~ 1)~ 0
&t ((2,((5,4)~ 3,(5,4)~ 3)+ 3)~ 1,(((((((((((((((28,(30,31)~ 29)~ 27) 25) 24) 14) 12,(((((28,(30,31)~ 29)~ 27) 25) 24) 34) 32)~ 11,(((((26) 25) 24) 14) 12) 11)+ 11,(((((23) 19) 15) 14) 12) 11)+ 11,((((((22,21)~ 20) 19,(17,18)~ 16)~ 15) 14) 12) 11)+ 11,((13) 12) 11)+ 11,((((((((((28) 27) 25) 24) 14) 12,((((((30,31)~ 29) 27) 25) 24) 34) 32)~ 11,((((((28,(30,31)~ 29)~ 27) 25) 24) 14) 12,(((((28,(31,30)~ 29)~ 27) 25) 24) 34) 32)~ 11)+ 11,(((((26) 25) 24) 14) 12) 11)+ 11,(((((26) 25) 24) 14) 12) 11)+ 11,((((37,36)~ 35) 34) 32) 11)+ 11)+ 11,(((33,33)+ 33) 32) 11)+ 11) 10) 8) 6)~ 0
&t ((7,(9,((((39,40)~ 38,(((40,39)~ 38,(40) 38)+ 38,(39) 38)+ 38)+ 38,((((((((((((31) 29) 27) 25) 24) 14) 12,(((((28,(30) 29)~ 27) 25) 24) 34) 32)~ 11,((((((28) 27) 25) 24) 14) 12,((((((30,31)~ 29) 27) 25) 24) 34) 32)~ 11)+ 11,(((((26) 25) 24) 14) 12) 11)+ 11,((((36) 35) 34) 32) 11)+ 11,(((((((((((30,31)~ 29) 27) 25) 24) 14) 12,(((((28,(30,31)~ 29)~ 27) 25) 24) 34) 32)~ 11,(((((26) 25) 24) 14) 12) 11)+ 11,(((((23) 19,(17,(18,18)+ 18)~ 16)~ 15) 14) 12) 11)+ 11,((13) 12) 11)+ 11,(((((((((28,(31,30)~ 29)~ 27) 25) 24) 14) 12,(((((28,(31,30)~ 29)~ 27) 25) 24) 34) 32)~ 11,(((((26) 25) 24) 14) 12) 11)+ 11,(((((23,(22,21)~ 20)~ 19,(17,18)~ 16)~ 15) 14) 12) 11)+ 11,((13) 12) 11)+ 11)+ 11)+ 11,((((37,(36,36)+ 36)~ 35) 34) 32) 11)+ 11)~ 10,(((((((((((28,(30,31)~ 29)~ 27) 25) 24) 14) 12,(((((28,(31,30)~ 29)~ 27) 25) 24) 34) 32)~ 11,(((((26) 25) 24) 14) 12) 11)+ 11,(((((((((28,(30,31)~ 29)~ 27) 25) 24) 14) 12,(((((28,(30,31)~ 29)~ 27) 25) 24) 34) 32)~ 11,(((((26) 25) 24) 14) 12) 11)+ 11,((((((21,22)~ 20,23)~ 19) 15) 14) 12) 11)+ 11,((((37,36)~ 35) 34) 32) 11)+ 11)+ 11,((13) 12) 11)+ 11,((33) 32) 11)+ 11) 10)+ 10)~ 8)~ 6) 0
&t ((2,((((4,(5,5)+ 5)~ 3,(4,5)~ 3)+ 3,(5,4)~ 3)+ 3,(4) 3)+ 3)~ 1,((((((39,40)~ 38,((((((((((31) 29) 27) 25) 24) 14) 12,(((((28,(30) 29)~ 27) 25) 24) 34) 32)~ 11,((((((28) 27) 25) 24) 14) 12,((((((31,30)~ 29) 27) 25) 24) 34) 32)~ 11)+ 11,(((((26) 25) 24) 14) 12) 11)+ 11,((((((18,17)~ 16,((22,(21,21)+ 21)~ 20) 19)~ 15,((23) 19) 15)+ 15) 14) 12) 11)+ 11)~ 10,(((((((((((28) 27) 25) 24) 14) 12,((((((31,30)~ 29) 27) 25) 24) 34) 32)~ 11,(((((((30) 29) 27) 25) 24) 14) 12,(((((28,(31) 29)~ 27) 25) 24) 34) 32)~ 11)+ 11,(((((26) 25) 24) 14) 12) 11)+ 11,((((36,37)~ 35) 34) 32) 11)+ 11,((33) 32) 11)+ 11) 10)+ 10) 8,7)~ 6,((9) 8) 6)+ 6)~ 0
&t ((7) 6,((((5,4)~ 3,(5) 3)+ 3,(4) 3)+ 3) 1)~ 0
&t ((7,((((39,40)~ 38,((33,((((37,(36,36)+ 36)~ 35,(37,36)~ 35)+ 35,(37,36)~ 35)+ 35) 34)~ 32) 11)~ 10,((((((((26) 25) 24) 34) 32,((((17,18)~ 16) 15) 14) 12)~ 11,(((((23,(21,22)~ 20)~ 19) 15) 14) 12) 11)+ 11,((13) 12) 11)+ 11) 10)+ 10) 8)~ 6) 0
&t ((2,((5,4)~ 3,(4,5)~ 3)+ 3)~ 1,(((7,7)+ 7,((9,9)+ 9) 8)~ 6,((((40,39)~ 38,((((((((((28,(31,30)~ 29)~ 27) 25) 24) 14) 12,(((((28,(31,30)~ 29)~ 27) 25) 24) 34) 32)~ 11,(((((26) 25) 24) 14) 12) 11)+ 11,(((((23,(22,21)~ 20)~ 19,((18,17)~ 16,(18,17)~ 16)+ 16)~ 15) 14) 12) 11)+ 11,((13) 12) 11)+ 11,(((((((((28,(30,31)~ 29)~ 27) 25) 24) 14) 12,(((((28,(31,30)~ 29)~ 27) 25) 24) 34) 32)~ 11,(((((26) 25) 24) 14) 12) 11)+ 11,((((37,36)~ 35) 34) 32) 11)+ 11,((33) 32) 11)+ 11)+ 11)~ 10) 8) 6)+ 6)~ 0
&t ((((9,9)+ 9,((((((((((28,(31,30)~ 29)~ 27) 25) 24) 14) 12,(((((28,(30,31)~ 29)~ 27) 25) 24) 34) 32)~ 11,(((((26) 25) 24) 14) 12) 11)+ 11,((((36,37)~ 35) 34) 32) 11)+ 11,((39,40)~ 38,(40) 38)+ 38)~ 10,(((((((((28,(31,30)~ 29)~ 27) 25) 24) 14) 12,(((((28,(30,31)~ 29)~ 27) 25) 24) 34) 32)~ 11,((13) 12) 11)+ 11,((((((18,17)~ 16,(18,17)~ 16)+ 16,(23,(21,22)~ 20)~ 19)~ 15) 14) 12) 11)+ 11) 10)+ 10)~ 8) 6,((((5,5)+ 5,4)~ 3,(5,4)~ 3)+ 3) 1)~ 0
&t (((9,(((((40,39)~ 38,(((((26) 25) 24) 14) 12,(((((28,(31,30)~ 29)~ 27) 25) 24) 34) 32)~ 11)~ 10,((((((36,37)~ 35,(36,37)~ 35)+ 35) 34) 32) 11) 10)+ 10,(((33) 32) 11) 10)+ 10,(((((((((26) 25) 24) 14) 12,((((26) 25) 24) 34) 32)~ 11,(((((((28,(30,31)~ 29)~ 27) 25) 24) 14) 12,(((((28,(31,30)~ 29)~ 27) 25) 24) 34) 32)~ 11,((((((28,(31,30)~ 29)~ 27) 25) 24) 14) 12,(((((28,(31,30)~ 29)~ 27) 25) 24) 34) 32)~ 11)+ 11)+ 11,(((((23,(22,21)~ 20)~ 19) 15) 14) 12) 11)+ 11,((13) 12) 11)+ 11) 10)+ 10)~ 8) 6,(((4,5)~ 3,(4,5)~ 3)+ 3,2)~ 1)~ 0
&t ((2,(((5,4)~ 3,(5) 3)+ 3,(4) 3)+ 3)~ 1,(((((39,40)~ 38,((33) 32) 11)~ 10,(((((((((28,(30,31)~ 29)~ 27) 25) 24) 14) 12,(((((28,(30,31)~ 29)~ 27) 25) 24) 34) 32)~ 11,(((((26) 25) 24) 14) 12) 11)+ 11,((((36,(37,37)+ 37)~ 35) 34) 32) 11)+ 11) 10)+ 10,(9,9)+ 9)~ 8,7)~ 6)~ 0
&t ((7,((((((((((((((28,(30,31)~ 29)~ 27) 25) 24) 14) 12,(((((28,(31,30)~ 29)~ 27) 25) 24) 34) 32)~ 11,(((((26) 25) 24) 14) 12) 11)+ 11,((((36,37)~ 35) 34) 32) 11)+ 11) 10,9)~ 8,(((((((((28,(31,30)~ 29)~ 27) 25) 24) 14) 12,(((((28,(31,30)~ 29)~ 27) 25) 24) 34) 32)~ 11,(((((26) 25) 24) 14) 12) 11)+ 11) 10) 8)+ 8,((((13,(((17,18)~ 16,(23,(21,22)~ 20)~ 19)~ 15) 14)~ 12) 11) 10) 8)+ 8,((((33) 32) 11) 10) 8)+ 8,(9) 8)+ 8)~ 6) 0
&t (((9,((40,39)~ 38,((((((((((28,(31,30)~ 29)~ 27) 25) 24) 14) 12,(((((28,(31,30)~ 29)~ 27) 25) 24) 34) 32)~ 11,(((((26) 25) 24) 14) 12) 11)+ 11,((13) 12) 11)+ 11,(((((17,18)~ 16,((21,22)~ 20,(23,23)+ 23)~ 19)~ 15) 14) 12) 11)+ 11,(((((((28,(30,31)~ 29)~ 27) 25) 24) 14) 12,(((((28,(30,31)~ 29)~ 27) 25) 24) 34) 32)~ 11,(((((26) 25) 24) 14) 12) 11)+ 11)+ 11)~ 10)~ 8) 6,(((5,4)~ 3,(5,4)~ 3)+ 3,2)~ 1)~ 0
&t (((((9,((((33,(33,33)+ 33)+ 33) 32) 11,((40,39)~ 38,(39,40)~ 38)+ 38)~ 10)~ 8,((((13,((((22,21)~ 20) 19,(18,17)~ 16)~ 15) 14)~ 12) 11) 10) 8)+ 8,(((((((((((28) 27) 25) 24) 14) 12,((((((30,31)~ 29) 27) 25) 24) 34) 32)~ 11,(((((((((31) 29) 27) 25) 24) 14) 12,((((((30,31)~ 29) 27) 25) 24) 34) 32)~ 11,(((((((30) 29) 27) 25) 24) 14) 12) 11)+ 11,((((((28) 27) 25) 24) 14) 12) 11)+ 11)+ 11,(((((26) 25) 24) 14) 12) 11)+ 11,((((37,36)~ 35) 34) 32) 11)+ 11) 10) 8)+ 8) 6,(((5,4)~ 3,(4,5)~ 3)+ 3,2)~ 1)~ 0
&t (((9) 8,7)~ 6,(((2,(4,5)~ 3)~ 1,((4) 3) 1)+ 1,((5) 3) 1)+ 1)~ 0
&t ((2,(4,5)~ 3)~ 1,(((((((33) 32) 11,(39,40)~ 38)~ 10,(((((((((28,(30,31)~ 29)~ 27) 25) 24) 14) 12,(((((28,(31,30)~ 29)~ 27) 25) 24) 34) 32)~ 11,(((((26) 25) 24) 14) 12) 11)+ 11,((((((21,22)~ 20,23)~ 19) 15) 14) 12) 11)+ 11) 10)+ 10,((((((((((30) 29) 27) 25) 24) 14) 12,(((((28,(31) 29)~ 27) 25) 24) 34) 32)~ 11,((((((((((31) 29) 27) 25) 24) 14) 12,((((((30,31)~ 29) 27) 25) 24) 34) 32)~ 11,(((((((30) 29) 27) 25) 24) 14) 12) 11)+ 11,((((((28) 27) 25) 24) 14) 12) 11)+ 11,((((((28) 27) 25) 24) 14) 12,((((((31,30)~ 29) 27) 25) 24) 34) 32)~ 11)+ 11)+ 11,(((((26) 25) 24) 14) 12) 11)+ 11) 10)+ 10) 8) 6)~ 0
&t (((7,(((((((((((((28,(30,31)~ 29)~ 27) 25) 24) 14) 12,(((((28,(30,31)~ 29)~ 27) 25) 24) 34) 32)~ 11,(((((26) 25) 24) 14) 12) 11)+ 11,((((((21,22)~ 20) 19,(17,18)~ 16)~ 15) 14) 12) 11)+ 11,((13) 12) 11)+ 11,(((((23) 19) 15) 14) 12) 11)+ 11,(((((((((28,(31,30)~ 29)~ 27) 25) 24) 14) 12,(((((28,(30,31)~ 29)~ 27) 25) 24) 34) 32)~ 11,(((((26) 25) 24) 14) 12) 11)+ 11,((((37) 35) 34,33)~ 32) 11)+ 11,(((((((((((30) 29,28)~ 27) 25) 24) 14) 12,(((((28,(31,30)~ 29)~ 27) 25) 24) 34) 32)~ 11,(((((26) 25) 24) 14) 12) 11)+ 11,(((((17,18)~ 16,(23,((21,22)~ 20,(21,22)~ 20)+ 20)~ 19)~ 15) 14) 12) 11)+ 11,((13) 12) 11)+ 11,((((((((28,(30,31)~ 29)~ 27) 25) 24) 14) 12,(((((28,(30,31)~ 29)~ 27) 25) 24) 34) 32)~ 11,(((((36,37)~ 35,(36,37)~ 35)+ 35) 34) 32) 11)+ 11,((33) 32) 11)+ 11)+ 11)+ 11)+ 11) 10) 8)~ 6,(2,((5,4)~ 3,(4,5)~ 3)+ 3)~ 1)~ 0,(((((5,4)~ 3,(((4,4)+ 4,5)~ 3,(5,4)~ 3)+ 3)+ 3,((5,4)~ 3,(4,5)~ 3)+ 3)+ 3) 1,((9) 8) 6)~ 0)+ 0
&t ((((5,(4,4)+ 4)~ 3,(4,5)~ 3)+ 3) 1,((((((((((((((28) 27) 25) 24) 14) 12,((((((31) 29) 27) 25) 24) 34) 32)~ 11,(((((((((31) 29) 27) 25) 24) 14) 12,((((((31,30)~ 29) 27) 25) 24) 34) 32)~ 11,(((((((30) 29) 27) 25) 24) 14) 12) 11)+ 11,((((((28) 27) 25) 24) 14) 12) 11)+ 11)+ 11,(((((26) 25) 24) 14) 12) 11)+ 11,((((((23,(21,22)~ 20)~ 19,((18,(17,17)+ 17)~ 16,(17,18)~ 16)+ 16)~ 15,(((22,21)~ 20) 19) 15)+ 15) 14) 12) 11)+ 11,(((((23) 19) 15) 14) 12) 11)+ 11) 10,9)~ 8,(((39,40)~ 38,((((((((28,(30,31)~ 29)~ 27) 25) 24) 14) 12,((((((30,31)~ 29) 27) 25) 24) 34) 32)~ 11,(((((26) 25) 24) 14) 12) 11)+ 11,((((36) 35) 34) 32) 11)+ 11)~ 10) 8)+ 8,7)~ 6)~ 0
&t ((7,(((((((((((28,(31,30)~ 29)~ 27) 25) 24) 14) 12,(((((28,(30,31)~ 29)~ 27) 25) 24) 34) 32)~ 11,(((((26) 25) 24) 14) 12,((((26) 25) 24) 34) 32)~ 11)+ 11,(((((37,36)~ 35,((37,36)~ 35,((37,36)~ 35,(37,36)~ 35)+ 35)+ 35)+ 35) 34) 32) 11)+ 11,((((((((((28,(30,31)~ 29)~ 27) 25) 24) 14) 12,(((((28,(30,31)~ 29)~ 27) 25) 24) 34) 32)~ 11,(((((26) 25) 24) 14) 12) 11)+ 11,(((((23,((22,21)~ 20,(22,21)~ 20)+ 20)~ 19) 15) 14) 12) 11)+ 11,((13) 12) 11)+ 11,((33) 32) 11)+ 11)+ 11) 10) 8)~ 6,(((4,5)~ 3,(4,5)~ 3)+ 3,2)~ 1)~ 0
&t ((((9,9)+ 9,((39) 38,((((((((((28,(30,31)~ 29)~ 27) 25) 24) 14) 12,(((((28,(31,30)~ 29)~ 27) 25) 24) 34) 32)~ 11,(((((26) 25) 24) 14) 12) 11)+ 11,((((37,36)~ 35) 34) 32) 11)+ 11,((33) 32) 11)+ 11,((((((((((28) 27) 25) 24) 14) 12,((((((31,30)~ 29) 27) 25) 24) 34) 32)~ 11,((((((28,(30,31)~ 29)~ 27) 25) 24) 14) 12,(((((28,(31,30)~ 29)~ 27) 25) 24) 34) 32)~ 11)+ 11,(((((26) 25) 24) 14) 12) 11)+ 11,((13) 12) 11)+ 11,(((((((21,22)~ 20) 19,(17,18)~ 16)~ 15,((23) 19) 15)+ 15) 14) 12) 11)+ 11)+ 11)~ 10)~ 8) 6,(((5,4)~ 3,(5,4)~ 3)+ 3,2)~ 1)~ 0
&t (((9,(((((40,(39,39)+ 39)~ 38,((((37,36)~ 35) 34) 32) 11)~ 10,(((((((((28,(30,31)~ 29)~ 27) 25) 24) 14) 12,(((((28,(30,31)~ 29)~ 27) 25) 24) 34) 32)~ 11,(((((26) 25) 24) 14) 12) 11)+ 11,((((((((((28,(31,30)~ 29)~ 27) 25) 24) 14) 12,(((((28,(30,31)~ 29)~ 27) 25) 24) 34) 32)~ 11,(((((26) 25) 24) 14) 12) 11)+ 11,((((((23) 19,(17,18)~ 16)~ 15,(((21,22)~ 20) 19) 15)+ 15) 14) 12) 11)+ 11,((13) 12) 11)+ 11,((33) 32) 11)+ 11)+ 11) 10)+ 10,((((((((26) 25) 24) 14) 12,((((26) 25) 24) 34) 32)~ 11,((((((((30) 29) 27) 25) 24) 14) 12,(((((28) 27) 25) 24) 34) 32)~ 11,(((((((31) 29) 27) 25) 24) 14) 12,(((((28,(30) 29)~ 27) 25) 24) 34) 32)~ 11)+ 11)+ 11,((33) 32) 11)+ 11) 10)+ 10,((((((((((28,(30,31)~ 29)~ 27) 25) 24) 14) 12,(((((28,(31,30)~ 29)~ 27) 25) 24) 34) 32)~ 11,(((((26) 25) 24) 14) 12) 11)+ 11,(((((17) 16,(23,(21,22)~ 20)~ 19)~ 15) 14) 12) 11)+ 11,((13) 12) 11)+ 11) 10)+ 10)~ 8) 6,((((5,4)~ 3,(4) 3)+ 3,2)~ 1,(((4,5)~ 3,(5,4)~ 3)+ 3,(2,2)+ 2)~ 1)+ 1)~ 0
&t ((((5,4)~ 3,(4,5)~ 3)+ 3) 1,(((((40,39)~ 38,(((((((((28,(31,30)~ 29)~ 27) 25) 24) 14) 12,(((((28,(31,30)~ 29)~ 27) 25) 24) 34) 32)~ 11,(((((26) 25) 24) 14) 12) 11)+ 11,(((((((28,(31,30)~ 29)~ 27) 25) 24) 14) 12,(((((28,(31,30)~ 29)~ 27) 25) 24) 34) 32)~ 11,(((((26) 25) 24) 14) 12) 11)+ 11)+ 11,((((37,(36,36)+ 36)~ 35) 34) 32) 11)+ 11)~ 10,((((((((28,(30,31)~ 29)~ 27) 25) 24) 14) 12,(((((28,(31,30)~ 29)~ 27) 25) 24) 34) 32)~ 11,((13,(((17,18)~ 16,(23,(22,21)~ 20)~ 19)~ 15) 14)~ 12) 11)+ 11) 10)+ 10,(((9,9)+ 9,9)+ 9,9)+ 9)~ 8) 6)~ 0
&t (((7,7)+ 7,((((9,9)+ 9,((((((((((((28,(31,30)~ 29)~ 27) 25) 24) 14) 12,((((((30,31)~ 29) 27) 25) 24) 34) 32)~ 11,((((((28) 27) 25) 24) 14) 12) 11)+ 11,(((((26) 25) 24) 14) 12) 11)+ 11,((33) 32,((((18,17)~ 16) 15) 14) 12)~ 11)+ 11,(((((23,(22,21)~ 20)~ 19) 15) 14) 12) 11)+ 11,((13) 12) 11)+ 11) 10)~ 8,(((((((((((28,(30,31)~ 29)~ 27) 25) 24) 14) 12,(((((28,(30,31)~ 29)~ 27) 25) 24) 34) 32)~ 11,(((((26) 25) 24) 14) 12) 11)+ 11,((((((((((30) 29) 27) 25) 24) 14) 12,((((((30) 29) 27) 25) 24) 34) 32)~ 11,(((((((31) 29) 27) 25) 24) 14) 12) 11)+ 11,((((((28) 27) 25) 24) 14) 12) 11)+ 11,(((((26) 25) 24) 14) 12,(((((28,(31,30)~ 29)~ 27) 25) 24) 34) 32)~ 11)+ 11)+ 11,((((36,37)~ 35) 34) 32) 11)+ 11) 10) 8)+ 8,(((39,40)~ 38) 10) 8)+ 8)~ 6) 0
&t ((2,((5,4)~ 3,(4) 3)+ 3)~ 1,(((7,(7,7)+ 7)+ 7,(9,((40,39)~ 38,((((((((((28,(30,31)~ 29)~ 27) 25) 24) 14) 12,(((((28,(30,31)~ 29)~ 27) 25) 24) 34) 32)~ 11,(((((26) 25) 24) 14) 12) 11)+ 11,(((((((((28,(30,31)~ 29)~ 27) 25) 24) 14) 12,(((((28,(30,31)~ 29)~ 27) 25) 24) 34) 32)~ 11,(((((26) 25) 24) 14) 12) 11)+ 11,(((((17,18)~ 16,(23,(22,21)~ 20)~ 19)~ 15) 14) 12) 11)+ 11,((13) 12) 11)+ 11)+ 11,((((37,36)~ 35) 34) 32) 11)+ 11,((33) 32) 11)+ 11)~ 10)~ 8)~ 6,(((((39,40)~ 38,(((((((((((28,(30,31)~ 29)~ 27) 25) 24) 14) 12,(((((28,(30,31)~ 29)~ 27) 25) 24) 34) 32)~ 11,(((((17,18)~ 16,(23,(21,22)~ 20)~ 19)~ 15) 14) 12) 11)+ 11,((((((((28,(31,30)~ 29)~ 27) 25) 24) 14) 12,(((((28,(30,31)~ 29)~ 27) 25) 24) 34) 32)~ 11,(((((26) 25) 24) 14) 12) 11)+ 11,((((((((((31,30)~ 29) 27) 25) 24) 14) 12,((((((31,30)~ 29) 27) 25) 24) 34) 32)~ 11,((((((28) 27) 25) 24) 14) 12) 11)+ 11,((((((28) 27) 25) 24) 14) 12,((((((31,30)~ 29) 27) 25) 24) 34) 32)~ 11)+ 11,(((((26) 25) 24) 14) 12,((((26) 25) 24) 34) 32)~ 11)+ 11)+ 11)+ 11,((13) 12) 11)+ 11,((33) 32) 11)+ 11,((((37) 35) 34) 32) 11)+ 11)~ 10,((((((((((28) 27) 25) 24) 14) 12,((((((31,30)~ 29) 27) 25) 24) 34) 32)~ 11,(((((((31) 29) 27) 25) 24) 14) 12,((((((30) 29,28)~ 27) 25) 24) 34) 32)~ 11)+ 11,((((36,37)~ 35) 34) 32) 11)+ 11,((33) 32,(13,(((((18,17)~ 16,(18) 16)+ 16,(17) 16)+ 16,((22,21)~ 20,23)~ 19)~ 15) 14)~ 12)~ 11)+ 11) 10)+ 10,9)~ 8) 6)+ 6)~ 0
&t (((7,7)+ 7,((((40,(39,39)+ 39)~ 38,((((((((28) 27) 25) 24) 14) 12,(((((28,(31,30)~ 29)~ 27) 25) 24) 34) 32)~ 11,(((((26) 25) 24) 14) 12) 11)+ 11,(((((17,18)~ 16,(23,(22,21)~ 20)~ 19)~ 15) 14) 12) 11)+ 11)~ 10,((((33,33)+ 33) 32) 11) 10)+ 10) 8)~ 6) 0
&t ((((4) 3,2)~ 1,((4) 3) 1)+ 1,((9,((((33) 32) 11,(40,39)~ 38)~ 10,((((((((((28,(31,30)~ 29)~ 27) 25) 24) 14) 12,(((((28,(30,31)~ 29)~ 27) 25) 24) 34) 32)~ 11,(((((26) 25) 24) 14) 12) 11)+ 11,(((((18,17)~ 16,(23,(22,21)~ 20)~ 19)~ 15) 14) 12) 11)+ 11,((((((((28,(31,30)~ 29)~ 27) 25) 24) 14) 12,(((((28,(30,31)~ 29)~ 27) 25) 24) 34) 32)~ 11,(((((26) 25) 24) 14) 12) 11)+ 11,(((((36,37)~ 35,(37,36)~ 35)+ 35) 34) 32) 11)+ 11)+ 11) 10)+ 10)~ 8) 6)~ 0
&t ((2,((5,4)~ 3,(4,5)~ 3)+ 3)~ 1,(((9) 8,7)~ 6,((((((((((((28) 27) 25) 24) 14) 12,((((((30,31)~ 29) 27) 25) 24) 34) 32)~ 11,(((((((((28) 27) 25) 24) 14) 12,(((((28) 27) 25) 24) 34) 32)~ 11,((((((28) 27) 25) 24) 14) 12) 11)+ 11,(((((((30) 29) 27) 25) 24) 14) 12,((((((31) 29) 27) 25) 24) 34) 32)~ 11)+ 11,((((((28) 27) 25) 24) 14) 12,((((((31,30)~ 29) 27) 25) 24) 34) 32)~ 11)+ 11)+ 11,(((((26) 25) 24) 14) 12) 11)+ 11,((33) 32) 11)+ 11,(40,39)~ 38)~ 10) 8) 6)+ 6)~ 0
&t ((((((9,(((((((((28,(30,31)~ 29)~ 27) 25) 24) 14) 12,(((((28,(31,30)~ 29)~ 27) 25) 24) 34) 32)~ 11,(((((26) 25) 24) 14) 12) 11)+ 11,((((37,36)~ 35) 34) 32) 11)+ 11) 10)~ 8,((((33) 32) 11) 10) 8)+ 8,(((40) 38,((((((((((30) 29) 27) 25) 24) 14) 12,(((((28,(31) 29)~ 27) 25) 24) 34) 32)~ 11,(((((((30) 29) 27) 25) 24) 14) 12,((((((31) 29,28)~ 27) 25) 24) 34) 32)~ 11)+ 11,(((((26) 25) 24) 14) 12) 11)+ 11,(((((23,(22,21)~ 20)~ 19,((17,(18,18)+ 18)~ 16,(18,17)~ 16)+ 16)~ 15) 14) 12) 11)+ 11)~ 10) 8)+ 8,(((((13,13)+ 13) 12) 11) 10) 8)+ 8) 6,((((4,4)+ 4,5)~ 3,(5,4)~ 3)+ 3) 1)~ 0
&t (((7,(9,((39,40)~ 38,((((((26) 25) 24) 34) 32,(13,(((18,17)~ 16,((22,21)~ 20) 19)~ 15) 14)~ 12)~ 11,((((((((26) 25) 24) 14) 12,((((26) 25) 24) 34) 32)~ 11,((((((28,(30,31)~ 29)~ 27) 25) 24) 14) 12,(((((28,(31,30)~ 29)~ 27) 25) 24) 34) 32)~ 11)+ 11,((((36,37)~ 35) 34) 32) 11)+ 11,((33) 32) 11)+ 11)+ 11)~ 10)~ 8)~ 6,(7) 6)+ 6,(((4,5)~ 3,(5,4)~ 3)+ 3,2)~ 1)~ 0
&t (((2,((5,4)~ 3,(5,4)~ 3)+ 3)~ 1,((2,((5,4)~ 3,(5,4)~ 3)+ 3)~ 1,(2) 1)+ 1)+ 1,((((((((((((((28,(30,31)~ 29)~ 27) 25) 24) 14) 12,(((((28,(31) 29)~ 27) 25) 24) 34) 32)~ 11,(((((26) 25) 24) 14) 12) 11)+ 11,((13,(((17,18)~ 16,((21,22)~ 20,(23,23)+ 23)~ 19)~ 15) 14)~ 12) 11)+ 11,((((((((28,(31,30)~ 29)~ 27) 25) 24) 14) 12,(((((28,(30,31)~ 29)~ 27) 25) 24) 34) 32)~ 11,(((((26) 25) 24) 14) 12) 11)+ 11,((((36,37)~ 35) 34) 32) 11)+ 11)+ 11,((33) 32) 11)+ 11,(40,(39,39)+ 39)~ 38)~ 10,9)~ 8,(((40,39)~ 38,(((((((((((31,30)~ 29) 27) 25) 24) 14) 12,(((((28,(30,31)~ 29)~ 27) 25) 24) 34) 32)~ 11,(((((26) 25) 24) 14) 12) 11)+ 11,(((((18,17)~ 16,(23,(22) 20)~ 19)~ 15) 14) 12) 11)+ 11,((13) 12) 11)+ 11,(((((((((26) 25) 24) 14) 12,((((26) 25) 24) 34) 32)~ 11,((((((28,(30,31)~ 29)~ 27) 25) 24) 14) 12,((((((30,31)~ 29) 27) 25) 24) 34) 32)~ 11)+ 11,((((((((28,(31,30)~ 29)~ 27) 25) 24) 14) 12,(((((28,(31,30)~ 29)~ 27) 25) 24) 34) 32)~ 11,(((((26) 25) 24) 14) 12) 11)+ 11,((((36) 35) 34) 32) 11)+ 11)+ 11,(((((((((28,(30,31)~ 29)~ 27) 25) 24) 14) 12,(((((28,(31,30)~ 29)~ 27) 25) 24) 34) 32)~ 11,((((((28,(30,31)~ 29)~ 27) 25) 24) 14) 12,(((((28,(30,31)~ 29)~ 27) 25) 24) 34) 32)~ 11)+ 11,(((((26) 25) 24) 14) 12) 11)+ 11,((33) 32,(((((22,21)~ 20) 19,(17,18)~ 16)~ 15) 14) 12)~ 11)+ 11)+ 11,((((36) 35) 34) 32) 11)+ 11)+ 11)~ 10) 8)+ 8) 6)~ 0
&t (((7,7)+ 7) 6,(2,((4,5)~ 3,(4) 3)+ 3)~ 1)~ 0
&t ((((4,5)~ 3,2)~ 1,((4,5)~ 3) 1)+ 1,(((((40,39)~ 38,(40,39)~ 38)+ 38,(((((((((((28,(31,30)~ 29)~ 27) 25) 24) 14) 12,(((((28,(31,30)~ 29)~ 27) 25) 24) 34) 32)~ 11,(((((26) 25) 24) 14) 12) 11)+ 11,((13) 12) 11)+ 11,(((((23,(22,21)~ 20)~ 19,(18,17)~ 16)~ 15) 14) 12) 11)+ 11,((33) 32) 11)+ 11,(((((((((28) 27) 25) 24) 14) 12,((((((30,31)~ 29) 27) 25) 24) 34) 32)~ 11,(((((((30) 29) 27) 25) 24) 14) 12,((((((31) 29,28)~ 27) 25) 24) 34) 32)~ 11)+ 11,(((((26) 25) 24) 14) 12) 11)+ 11,(((((((28,(31,30)~ 29)~ 27) 25) 24) 14) 12,(((((28,(31,30)~ 29)~ 27) 25) 24) 34) 32)~ 11,(((((26) 25) 24) 14) 12) 11)+ 11)+ 11)+ 11)~ 10,(9,9)+ 9)~ 8,(7,7)+ 7)~ 6)~ 0
&t (((2,(4,5)~ 3)~ 1,((5,4)~ 3) 1)+ 1,(((((40,39)~ 38,((33) 32,(13) 12)~ 11)~ 10,(((((37,(36,(36,36)+ 36)+ 36)~ 35) 34) 32) 11) 10)+ 10,9)~ 8,7)~ 6)~ 0
&t ((2,(((4,(5,5)+ 5)~ 3,(4,5)~ 3)+ 3,(5,4)~ 3)+ 3)~ 1,((((((((((((((((((((((28) 27) 25) 24) 14) 12,((((((31,30)~ 29) 27) 25) 24) 34) 32)~ 11,(((((((31) 29) 27) 25) 24) 14) 12,((((((30) 29,28)~ 27) 25) 24) 34) 32)~ 11)+ 11,((((((28,(31,30)~ 29)~ 27) 25) 24) 14) 12,(((((28,(30,31)~ 29)~ 27) 25) 24) 34) 32)~ 11)+ 11,(((((26) 25) 24) 14) 12) 11)+ 11,((((37,36)~ 35) 34) 32) 11)+ 11,((33) 32) 11)+ 11,(((((18,17)~ 16,((23,(23,23)+ 23)+ 23) 19)~ 15) 14) 12) 11)+ 11,((13) 12) 11)+ 11,((((((26) 25) 24) 14) 12,(((((28,(30,31)~ 29)~ 27) 25) 24) 34) 32)~ 11,(((((((28,(30,31)~ 29)~ 27) 25) 24) 14) 12,(((((28,(31,30)~ 29)~ 27) 25) 24) 34) 32)~ 11,(((((26) 25) 24) 14) 12) 11)+ 11)+ 11)+ 11) 10) 8,(7,7)+ 7)~ 6,((((40,39)~ 38) 10) 8) 6)+ 6,((((((((((((28) 27) 25) 24) 14) 12,(((((28,(31,30)~ 29)~ 27) 25) 24) 34) 32)~ 11,(((((26) 25) 24) 14) 12) 11)+ 11,((13,(((18,17)~ 16,(23,(21,22)~ 20)~ 19)~ 15) 14)~ 12) 11)+ 11,(((33,33)+ 33) 32) 11)+ 11) 10) 8) 6)+ 6,((((39,40)~ 38) 10) 8) 6)+ 6,(7) 6)+ 6,((9) 8) 6)+ 6)~ 0
&t ((((2,((5,4)~ 3,(5) 3)+ 3)~ 1,((2,(5,4)~ 3)~ 1,((4,5)~ 3) 1)+ 1)+ 1,((2,((5,4)~ 3,(4,5)~ 3)+ 3)~ 1,(2) 1)+ 1)+ 1,((((7,(((40,39)~ 38) 10) 8)~ 6,((((((40,40)+ 40,40)+ 40,39)~ 38) 10) 8,(7,7)+ 7)~ 6)+ 6,((((((((((((((((((31) 29) 27) 25) 24) 14) 12,(((((28,(30) 29)~ 27) 25) 24) 34) 32)~ 11,((((((28) 27) 25) 24) 14) 12) 11)+ 11,(((((((31) 29) 27) 25) 24) 14) 12) 11)+ 11,(((((((30) 29) 27) 25) 24) 14) 12) 11)+ 11,(((((26) 25) 24) 14) 12) 11)+ 11,(((((36,(37,37)+ 37)~ 35,((36,37)~ 35,(36) 35)+ 35)+ 35) 34) 32) 11)+ 11,((33) 32) 11)+ 11,(((((((((28) 27) 25) 24) 14) 12,((((((30,31)~ 29) 27) 25) 24) 34) 32)~ 11,(((((((28) 27) 25) 24) 14) 12,((((((31,30)~ 29) 27) 25) 24) 34) 32)~ 11,((((((28) 27) 25) 24) 14) 12,(((((28,(31,30)~ 29)~ 27) 25) 24) 34) 32)~ 11)+ 11)+ 11,((((((17,17)+ 17) 16) 15) 14) 12) 11)+ 11,((13) 12) 11)+ 11)+ 11,(((((26) 25) 24) 14) 12) 11)+ 11) 10) 8) 6)+ 6,((9,(((((((((28,(30,31)~ 29)~ 27) 25) 24) 14) 12,(((((28,(30,31)~ 29)~ 27) 25) 24) 34) 32)~ 11,(((((26) 25) 24) 14) 12,((((26) 25) 24) 34) 32)~ 11)+ 11,(((((((((((28) 27) 25) 24) 14) 12,((((((30,31)~ 29) 27) 25) 24) 34) 32)~ 11,((((((((28) 27) 25) 24) 14) 12,(((((28,(30,31)~ 29)~ 27) 25) 24) 34) 32)~ 11,(((((((31) 29) 27) 25) 24) 14) 12) 11)+ 11,(((((((30) 29) 27) 25) 24) 14) 12) 11)+ 11)+ 11,(((((26) 25) 24) 14) 12) 11)+ 11,((((((22,21)~ 20) 19,((17,18)~ 16,(18,17)~ 16)+ 16)~ 15) 14) 12) 11)+ 11,(((13,13)+ 13) 12) 11)+ 11,((((37,36)~ 35) 34) 32) 11)+ 11)+ 11) 10)~ 8) 6)+ 6)~ 0
&t ((2,((4,5)~ 3,(4,5)~ 3)+ 3)~ 1,(((7,7)+ 7,(9) 8)~ 6,(((((((((((28,(31,30)~ 29)~ 27) 25) 24) 14) 12,(((((28,(31,30)~ 29)~ 27) 25) 24) 34) 32)~ 11,((((36,37)~ 35) 34) 32) 11)+ 11,((((((((28,(30,31)~ 29)~ 27) 25) 24) 14) 12,(((((28,(31,30)~ 29)~ 27) 25) 24) 34) 32)~ 11,(((((26) 25) 24) 14) 12) 11)+ 11,(((((18,17)~ 16,(23,(22,21)~ 20)~ 19)~ 15) 14) 12) 11)+ 11)+ 11,(40,39)~ 38)~ 10) 8) 6)+ 6)~ 0
&t (((7) 6,(2,(4,5)~ 3)~ 1)~ 0,((2,(5,4)~ 3)~ 1,(((9,(9,9)+ 9)+ 9,((39,40)~ 38,(((((((((((((((30) 29) 27) 25) 24) 14) 12,((((((30) 29) 27) 25) 24) 34) 32)~ 11,(((((((31) 29) 27) 25) 24) 14) 12) 11)+ 11,((((((28) 27) 25) 24) 14) 12) 11)+ 11,((((((((30) 29) 27) 25) 24) 14) 12,((((((31) 29) 27) 25) 24) 34) 32)~ 11,((((((28) 27) 25) 24) 14) 12,(((((28) 27) 25) 24) 34) 32)~ 11)+ 11)+ 11,((((((28,(30,31)~ 29)~ 27) 25) 24) 14) 12,(((((28,(31,30)~ 29)~ 27) 25) 24) 34) 32)~ 11)+ 11,(((((26) 25) 24) 14) 12) 11)+ 11,((((36) 35) 34) 32) 11)+ 11,((((37) 35) 34) 32) 11)+ 11,((((((26) 25) 24) 14) 12,((33,33)+ 33) 32)~ 11,(((((((((28) 27) 25) 24) 14) 12,((((((30,31)~ 29) 27) 25) 24) 34) 32)~ 11,(((((((30) 29) 27) 25) 24) 14) 12,((((((31) 29,28)~ 27) 25) 24) 34) 32)~ 11)+ 11,((((((21,22)~ 20) 19) 15) 14) 12) 11)+ 11,(((((23) 19) 15) 14) 12) 11)+ 11)+ 11)+ 11)~ 10)~ 8) 6)~ 0)+ 0
&t ((7,(9,((39,40)~ 38,(((((((((28,(30,31)~ 29)~ 27) 25) 24) 14) 12,(((((28,(31,30)~ 29)~ 27) 25) 24) 34) 32)~ 11,(((((26) 25) 24) 14) 12) 11)+ 11,((13,(((23,(21,22)~ 20)~ 19) 15) 14)~ 12) 11)+ 11,(((((((((28,(31,30)~ 29)~ 27) 25) 24) 14) 12,(((((28,(31,30)~ 29)~ 27) 25) 24) 34) 32)~ 11,(((((26) 25) 24) 14) 12) 11)+ 11,((((37,36)~ 35) 34) 32) 11)+ 11,((33) 32) 11)+ 11)+ 11)~ 10)~ 8)~ 6,(((5,4)~ 3,(5,4)~ 3)+ 3,2)~ 1)~ 0
&t ((((9) 8,7)~ 6,((((((((((26) 25) 24) 34) 32,(13) 12)~ 11,(((((18,17)~ 16,(23,(22,21)~ 20)~ 19)~ 15) 14) 12) 11)+ 11,((((36,37)~ 35) 34) 32) 11)+ 11) 10) 8) 6)+ 6,(((((5,(4,4)+ 4)~ 3,2)~ 1,((4) 3) 1)+ 1,((5) 3) 1)+ 1,(((5,4)~ 3,(4,5)~ 3)+ 3) 1)+ 1)~ 0
&t ((7,((((((((((28,(30,31)~ 29)~ 27) 25) 24) 14) 12,(((((28,(30,31)~ 29)~ 27) 25) 24) 34) 32)~ 11,((((36,(37,37)+ 37)~ 35) 34) 32) 11)+ 11,((((((((((28,(31,30)~ 29)~ 27) 25) 24) 14) 12,(((((28,(30,31)~ 29)~ 27) 25) 24) 34) 32)~ 11,(((((26) 25) 24) 14) 12) 11)+ 11,(((((18,17)~ 16,(23,(21,22)~ 20)~ 19)~ 15) 14) 12) 11)+ 11,((13) 12) 11)+ 11,((33) 32) 11)+ 11)+ 11,(39,40)~ 38)~ 10) 8)~ 6,((((4,5)~ 3,(5,4)~ 3)+ 3,(2,2)+ 2)~ 1,(2,((4,5)~ 3,(5,4)~ 3)+ 3)~ 1)+ 1)~ 0
&t ((7,((((((((((((((((28) 27) 25) 24) 14) 12,((((((30,31)~ 29) 27) 25) 24) 34) 32)~ 11,(((((((30) 29) 27) 25) 24) 14) 12,((((((31) 29,28)~ 27) 25) 24) 34) 32)~ 11)+ 11,(((((26) 25) 24) 14) 12) 11)+ 11,((((((22,21)~ 20,(23,23)+ 23)~ 19,((18,17)~ 16,(18,17)~ 16)+ 16)~ 15) 14) 12) 11)+ 11,(((13,13)+ 13) 12) 11)+ 11,((13) 12) 11)+ 11,((33) 32) 11)+ 11,((((36,(37,37)+ 37)~ 35) 34) 32) 11)+ 11,(40,39)~ 38)~ 10,(((((((((((28,(31,30)~ 29)~ 27) 25) 24) 14) 12,(((((28,(30,31)~ 29)~ 27) 25) 24) 34) 32)~ 11,(((((18,17)~ 16,(23,(22,21)~ 20)~ 19)~ 15) 14) 12) 11)+ 11,((13) 12) 11)+ 11,((((((((28,(31,30)~ 29)~ 27) 25) 24) 14) 12,(((((28,(31,30)~ 29)~ 27) 25) 24) 34) 32)~ 11,(((((26) 25) 24) 14) 12) 11)+ 11,((((((36,37)~ 35,(36) 35)+ 35,(37) 35)+ 35) 34) 32) 11)+ 11)+ 11,(((33,33)+ 33) 32) 11)+ 11) 10)+ 10,9)~ 8)~ 6) 0
&t ((7,(9,((40,39)~ 38,((((((((((26) 25) 24) 14) 12,((((26) 25) 24) 34) 32)~ 11,((((((28,(31,30)~ 29)~ 27) 25) 24) 14) 12,(((((28,(31,30)~ 29)~ 27) 25) 24) 34) 32)~ 11)+ 11,(((((((18,17)~ 16,(17,18)~ 16)+ 16,((22,21)~ 20) 19)~ 15,((23) 19) 15)+ 15) 14) 12) 11)+ 11,((13) 12) 11)+ 11,((((((((28,(30,31)~ 29)~ 27) 25) 24) 14) 12,(((((28,(31,30)~ 29)~ 27) 25) 24) 34) 32)~ 11,(((((26) 25) 24) 14) 12) 11)+ 11,((((36,37)~ 35) 34) 32) 11)+ 11)+ 11,((33) 32) 11)+ 11)~ 10)~ 8)~ 6,(((2,(2,2)+ 2)+ 2,(5,4)~ 3)~ 1,(2,((5,4)~ 3,(5,4)~ 3)+ 3)~ 1)+ 1)~ 0
&t (((9,(((((((((((28,(30,31)~ 29)~ 27) 25) 24) 14) 12,(((((28,(30,31)~ 29)~ 27) 25) 24) 34) 32)~ 11,(((((26) 25) 24) 14) 12,((((26) 25) 24) 34) 32)~ 11)+ 11,((((37) 35) 34) 32) 11)+ 11,((33) 32) 11)+ 11,((((((26) 25) 24) 34) 32,((((18) 16,((((23,(21,22)~ 20)~ 19,(23) 19)+ 19,(((22,21)~ 20,(22,21)~ 20)+ 20) 19)+ 19,((21,22)~ 20,(23,23)+ 23)~ 19)+ 19)~ 15) 14) 12)~ 11,((13) 12) 11)+ 11)+ 11) 10)~ 8,(7,7)+ 7)~ 6,((((4,5)~ 3,(4) 3)+ 3,(4,5)~ 3)+ 3,2)~ 1)~ 0
&t (((((40,39)~ 38,((((((((((28,(30,31)~ 29)~ 27) 25) 24) 14) 12,(((((28,(31,30)~ 29)~ 27) 25) 24) 34) 32)~ 11,(((((26) 25) 24) 14) 12) 11)+ 11,(((((17,18)~ 16,((23,23)+ 23,(21,22)~ 20)~ 19)~ 15) 14) 12) 11)+ 11,((((((((31) 29) 27) 25) 24) 14) 12,((((((30) 29,28)~ 27) 25) 24) 34) 32)~ 11,(((((((30,31)~ 29) 27) 25) 24) 14) 12,(((37,36)~ 35) 34) 32)~ 11)+ 11)+ 11,((33) 32) 11)+ 11)~ 10) 8) 6,((((2,(4,5)~ 3)~ 1,(((5,5)+ 5,4)~ 3) 1)+ 1,(2,((5,4)~ 3,(4) 3)+ 3)~ 1)+ 1,((2,((((4,5)~ 3,(5) 3)+ 3,(4) 3)+ 3,((4,5)~ 3,(5) 3)+ 3)+ 3)~ 1,(((4,5)~ 3,(4,5)~ 3)+ 3) 1)+ 1)+ 1)~ 0
&t ((((7,7)+ 7,(((((((33,33)+ 33) 32) 11,(40,39)~ 38)~ 10,((((((((((28) 27) 25) 24) 14) 12,((((((30,31)~ 29) 27) 25) 24) 34) 32)~ 11,((((((28,(30,31)~ 29)~ 27) 25) 24) 14) 12,(((((28,(30,31)~ 29)~ 27) 25) 24) 34) 32)~ 11)+ 11,(((((26) 25) 24) 14) 12) 11)+ 11,((((36,37)~ 35) 34) 32) 11)+ 11) 10)+ 10,((((((((((((((31) 29) 27) 25) 24) 14) 12,((((((31) 29) 27) 25) 24) 34) 32)~ 11,(((((((30) 29) 27) 25) 24) 14) 12) 11)+ 11,((((((28) 27) 25) 24) 14) 12) 11)+ 11,((((((28) 27) 25) 24) 14) 12,((((((31,30)~ 29) 27) 25) 24) 34) 32)~ 11)+ 11,(((((26) 25) 24) 14) 12) 11)+ 11,(((((17,18)~ 16,(23,(22,21)~ 20)~ 19)~ 15) 14) 12) 11)+ 11,((13) 12) 11)+ 11) 10)+ 10) 8)~ 6,(((9,9)+ 9) 8) 6)+ 6,(((4,5)~ 3,(5,4)~ 3)+ 3) 1)~ 0
&t ((2,((4,5)~ 3,(5,4)~ 3)+ 3)~ 1,((7,7)+ 7,((((((33) 32) 11,(40) 38)~ 10,((((((((((28,(30,31)~ 29)~ 27) 25) 24) 14) 12,(((((28,(31,30)~ 29)~ 27) 25) 24) 34) 32)~ 11,(((((26) 25) 24) 14) 12) 11)+ 11,(((((23,(21,22)~ 20)~ 19) 15) 14) 12) 11)+ 11,((13) 12) 11)+ 11) 10)+ 10,((((((((26) 25) 24) 14) 12,((((26) 25) 24) 34) 32)~ 11,((((((28,(30,31)~ 29)~ 27) 25) 24) 14) 12,(((((28,(31,30)~ 29)~ 27) 25) 24) 34) 32)~ 11)+ 11,((((37,36)~ 35) 34) 32) 11)+ 11) 10)+ 10) 8)~ 6)~ 0
&t (((7,7)+ 7,(((40) 38,(((((((((28,(30,31)~ 29)~ 27) 25) 24) 14) 12,(((((28,(31,30)~ 29)~ 27) 25) 24) 34) 32)~ 11,(((((18,17)~ 16,(23,(22,21)~ 20)~ 19)~ 15) 14) 12) 11)+ 11,((13) 12) 11)+ 11,((((((((28,(30,31)~ 29)~ 27) 25) 24) 14) 12,(((((28,(30,31)~ 29)~ 27) 25) 24) 34) 32)~ 11,(((((26) 25) 24) 14) 12) 11)+ 11,((33,((36,37)~ 35) 34)~ 32) 11)+ 11)+ 11)~ 10) 8)~ 6,(((5,4)~ 3,(4,5)~ 3)+ 3,2)~ 1)~ 0
&t ((7,(((((((((36,37)~ 35) 34) 32) 11,((40,39)~ 38,(40,39)~ 38)+ 38)~ 10,((((((((((28,(30,31)~ 29)~ 27) 25) 24) 14) 12,(((((28,(31,30)~ 29)~ 27) 25) 24) 34) 32)~ 11,(((((26) 25) 24) 14) 12) 11)+ 11,(((((17,18)~ 16,(23,(22,21)~ 20)~ 19)~ 15) 14) 12) 11)+ 11,(((13,13)+ 13) 12) 11)+ 11) 10)+ 10,((((((((28,(30,31)~ 29)~ 27) 25) 24) 14) 12,(((((28,(30,31)~ 29)~ 27) 25) 24) 34) 32)~ 11,(((((26) 25) 24) 14) 12) 11)+ 11) 10)+ 10,((((33,33)+ 33) 32) 11) 10)+ 10) 8)~ 6,(((4,5)~ 3,(5,4)~ 3)+ 3,2)~ 1)~ 0
&t (((9,((((((((33) 32,(13) 12)~ 11,((((((28,(30,31)~ 29)~ 27) 25) 24) 14) 12,(((((28,(30,31)~ 29)~ 27) 25) 24) 34) 32)~ 11)+ 11,(((((26) 25) 24) 14) 12) 11)+ 11,((((((21,22)~ 20,23)~ 19,(18,17)~ 16)~ 15) 14) 12) 11)+ 11,((((((((28,(30,31)~ 29)~ 27) 25) 24) 14) 12,(((((28,(30,31)~ 29)~ 27) 25) 24) 34) 32)~ 11,(((((26) 25) 24) 14) 12) 11)+ 11,((((37,36)~ 35) 34) 32) 11)+ 11)+ 11,(39) 38)~ 10,((40) 38) 10)+ 10)~ 8) 6) 0
&t ((2,((((5,4)~ 3,(4,5)~ 3)+ 3,(5,4)~ 3)+ 3,(4,5)~ 3)+ 3)~ 1,((((((((((((((((30,31)~ 29) 27) 25) 24) 14) 12,(((((28,(30,31)~ 29)~ 27) 25) 24) 34) 32)~ 11,((((((28) 27) 25) 24) 14) 12) 11)+ 11,(((((26) 25) 24) 14) 12) 11)+ 11,(((((23,(21,22)~ 20)~ 19,(18,17)~ 16)~ 15) 14) 12) 11)+ 11,((13) 12) 11)+ 11,((((((((28,(30,31)~ 29)~ 27) 25) 24) 14) 12,(((((28,(31,30)~ 29)~ 27) 25) 24) 34) 32)~ 11,(((((26) 25) 24) 14) 12) 11)+ 11,((((37,36)~ 35) 34) 32) 11)+ 11)+ 11,(((33,33)+ 33) 32) 11)+ 11,(39,40)~ 38)~ 10,9)~ 8) 6)~ 0
&t (((7,7)+ 7,((((((9,9)+ 9,(((((36,37)~ 35) 34) 32) 11) 10)~ 8,(((((((((((28) 27) 25) 24) 14) 12,((((((30,31)~ 29) 27) 25) 24) 34) 32)~ 11,(((((26) 25) 24) 14) 12,((((26) 25) 24) 34) 32)~ 11)+ 11,((((((22,21)~ 20,(23,23)+ 23)~ 19) 15) 14) 12) 11)+ 11,((13) 12) 11)+ 11) 10) 8)+ 8,((((((37) 35) 34) 32) 11) 10) 8)+ 8,(((((((((((31) 29) 27) 25) 24) 14) 12,((((((30) 29) 27) 25) 24) 34) 32)~ 11,((((((28) 27) 25) 24) 14) 12,(((((28) 27) 25) 24) 34) 32)~ 11)+ 11,(((((26) 25) 24) 14) 12) 11)+ 11) 10) 8)+ 8,((((33) 32) 11) 10) 8)+ 8)~ 6) 0
&t ((7) 6,((((4) 3,2)~ 1,((5,4)~ 3) 1)+ 1,((5) 3) 1)+ 1)~ 0
&t ((2) 1,(((9,(9,9)+ 9)+ 9) 8) 6)~ 0
&t ((2,((4,5)~ 3,(4,5)~ 3)+ 3)~ 1,(((((((40,39)~ 38,(39,40)~ 38)+ 38,((33) 32) 11)~ 10,(((((((((28,(30,31)~ 29)~ 27) 25) 24) 14) 12,(((((28,(31,30)~ 29)~ 27) 25) 24) 34) 32)~ 11,(((((26) 25) 24) 14) 12) 11)+ 11,((13) 12) 11)+ 11) 10)+ 10,((((((26) 25) 24) 14) 12,(((((28,(30,31)~ 29)~ 27) 25) 24) 34) 32)~ 11) 10)+ 10) 8) 6)~ 0
&t ((7,((9,((((39,40)~ 38,((((((((((30) 29) 27) 25) 24) 14) 12,((((((31) 29,28)~ 27) 25) 24) 34) 32)~ 11,((((((28) 27,26)~ 25) 24) 14) 12,((((((31,30)~ 29) 27) 25) 24) 34) 32)~ 11)+ 11,((((36) 35) 34) 32) 11)+ 11,((((((((((((28,(31,30)~ 29)~ 27) 25) 24) 14) 12,(((((28,(30,31)~ 29)~ 27) 25) 24) 34) 32)~ 11,(((((26) 25) 24) 14) 12) 11)+ 11,((((((22,21)~ 20) 19) 15) 14) 12) 11)+ 11,(((((23) 19) 15) 14) 12) 11)+ 11,(((((18,17)~ 16) 15) 14) 12) 11)+ 11,((13) 12) 11)+ 11,((33) 32) 11)+ 11)+ 11)~ 10,((39,40)~ 38) 10)+ 10,((((13,(((23,(22,21)~ 20)~ 19) 15) 14)~ 12) 11,(((((18,17)~ 16) 15) 14) 12) 11)+ 11) 10)+ 10)~ 8,((((((((((28,(30) 29)~ 27) 25) 24) 14) 12,((((((31) 29) 27) 25) 24) 34) 32)~ 11,((((37,36)~ 35) 34) 32) 11)+ 11,((33) 32) 11)+ 11) 10) 8)+ 8)~ 6) 0
&t ((2,((4,5)~ 3,(4,(5,5)+ 5)~ 3)+ 3)~ 1,((((((7,7)+ 7,(((((((26) 25) 24) 14) 12) 11) 10) 8)~ 6,(((((((((28,(30,31)~ 29)~ 27) 25) 24) 14) 12,(((((28,(30,31)~ 29)~ 27) 25) 24) 34) 32)~ 11) 10) 8) 6)+ 6,((((((33) 32,(13) 12)~ 11,(((((37,36)~ 35,(36,37)~ 35)+ 35) 34) 32) 11)+ 11) 10) 8) 6)+ 6,(((((((((((28,(30,31)~ 29)~ 27) 25) 24) 14) 12,(((((28,(31,30)~ 29)~ 27) 25) 24) 34) 32)~ 11,(((((26) 25) 24) 14) 12) 11)+ 11,(((((18,17)~ 16,(23,(22,21)~ 20)~ 19)~ 15) 14) 12) 11)+ 11) 10) 8) 6)+ 6,((((40) 38) 10) 8) 6)+ 6)~ 0
&t ((2,(((4,5)~ 3,(4,5)~ 3)+ 3,(4,5)~ 3)+ 3)~ 1,((((((((((((((31) 29) 27) 25) 24) 14) 12,(((((28,(30) 29)~ 27) 25) 24) 34) 32)~ 11,(((((26) 25) 24) 14) 12) 11)+ 11,((((37) 35) 34) 32) 11)+ 11,((33) 32) 11)+ 11,(((((((((28,(30,31)~ 29)~ 27) 25) 24) 14) 12,(((((28,(30,31)~ 29)~ 27) 25) 24) 34) 32)~ 11,(((((26) 25) 24) 14) 12) 11)+ 11,(((((23) 19,(18,17)~ 16)~ 15) 14) 12) 11)+ 11,((13) 12) 11)+ 11)+ 11,(40,39)~ 38)~ 10,9)~ 8,7)~ 6)~ 0
&t ((7,(9,((((40,39)~ 38,((((((((28,(31,30)~ 29)~ 27) 25) 24) 14) 12,(((((28,(30,31)~ 29)~ 27) 25) 24) 34) 32)~ 11,(((((26) 25) 24) 14) 12) 11)+ 11,((((37,36)~ 35) 34) 32) 11)+ 11)~ 10,(((33) 32) 11) 10)+ 10,((((((((((28,(30,31)~ 29)~ 27) 25) 24) 14) 12,(((((28,(30,31)~ 29)~ 27) 25) 24) 34) 32)~ 11,((((((28) 27) 25) 24) 14) 12,((((((30,31)~ 29) 27) 25) 24) 34) 32)~ 11)+ 11,(((((26) 25) 24) 14) 12) 11)+ 11,(((((18,17)~ 16,(23,(22,21)~ 20)~ 19)~ 15) 14) 12) 11)+ 11) 10)+ 10)~ 8)~ 6) 0
&t (((7,7)+ 7,(((9,(((((((((((28,(30,31)~ 29)~ 27) 25) 24) 14) 12,(((((28,(31,30)~ 29)~ 27) 25) 24) 34) 32)~ 11,(((((26) 25) 24) 14) 12) 11)+ 11,((((37,36)~ 35) 34) 32) 11)+ 11,((((((((28) 27) 25) 24) 14) 12,(((((28,(30,31)~ 29)~ 27) 25) 24) 34) 32)~ 11,(((((26) 25) 24) 14) 12) 11)+ 11,(((((18,17)~ 16,(23,(22,21)~ 20)~ 19)~ 15) 14) 12) 11)+ 11)+ 11,((33) 32) 11)+ 11) 10)~ 8,((((9,9)+ 9,9)+ 9,9)+ 9) 8)+ 8,(((39,40)~ 38) 10) 8)+ 8)~ 6) 0
&t ((((4,5)~ 3,(5,4)~ 3)+ 3,2)~ 1,(((9,((39,(40,40)+ 40)~ 38) 10)~ 8,((((((((36,37)~ 35) 34) 32,((((26,(28,(30,31)~ 29)~ 27)~ 25) 24) 14) 12)~ 11,((33) 32) 11)+ 11,((((((((28,(31,30)~ 29)~ 27) 25) 24) 14) 12,(((((28,(30,31)~ 29)~ 27) 25) 24) 34) 32)~ 11,(((((26) 25) 24) 14) 12) 11)+ 11,(((13,(((17,18)~ 16) 15) 14)~ 12) 11,(((((((22,21)~ 20,23)~ 19,(23) 19)+ 19) 15) 14) 12) 11)+ 11)+ 11)+ 11) 10) 8)+ 8) 6)~ 0
&t (((5,(4,4)+ 4)~ 3) 1,((((7,7)+ 7,(((((((((((((31,30)~ 29) 27) 25) 24) 14) 12,(((((28,(30,31)~ 29)~ 27) 25) 24) 34) 32)~ 11,((((((28) 27) 25) 24) 14) 12) 11)+ 11,(((((26) 25) 24) 14) 12,(((37,36)~ 35) 34) 32)~ 11)+ 11,((33) 32) 11)+ 11,(39,40)~ 38)~ 10,((((((((26,(28,(30,31)~ 29)~ 27)~ 25) 24) 34) 32,((((23,(21,22)~ 20)~ 19) 15) 14) 12)~ 11,(((((18,17)~ 16) 15) 14) 12) 11)+ 11,((13) 12) 11)+ 11) 10)+ 10) 8)~ 6,((((((39,40)~ 38,(((((((((((28) 27) 25) 24) 14) 12,((((((30,31)~ 29) 27) 25) 24) 34) 32)~ 11,((((((28,(31,30)~ 29)~ 27) 25) 24) 14) 12,(((((28,(31,30)~ 29)~ 27) 25) 24) 34) 32)~ 11)+ 11,(((((26) 25) 24) 14) 12,((((26) 25) 24) 34) 32)~ 11)+ 11,(((((26) 25) 24) 14) 12,(((((28,(31,30)~ 29)~ 27) 25) 24) 34) 32)~ 11)+ 11,(((((23) 19,(17,18)~ 16)~ 15) 14) 12) 11)+ 11,((13) 12) 11)+ 11)~ 10,(((33) 32) 11) 10)+ 10,((((((((26) 25) 24) 14) 12,((((26) 25) 24) 34) 32)~ 11,((((((28,(31,30)~ 29)~ 27) 25) 24) 14) 12,(((((28,(31,30)~ 29)~ 27) 25) 24) 34) 32)~ 11)+ 11,((((37,36)~ 35) 34) 32) 11)+ 11) 10)+ 10) 8) 6)+ 6,((9) 8) 6)+ 6)~ 0
&t ((2,((4,5)~ 3,(5,4)~ 3)+ 3)~ 1,((((9,9)+ 9) 8,7)~ 6,((((((((((((((28,(30,31)~ 29)~ 27) 25) 24) 14) 12,(((((28,(30,31)~ 29)~ 27) 25) 24) 34) 32)~ 11,(((((26) 25) 24) 14) 12) 11)+ 11,((13) 12) 11)+ 11,(((((18,17)~ 16) 15) 14) 12) 11)+ 11,(((((23,(22) 20)~ 19) 15) 14) 12) 11)+ 11,(((((((28,(31,30)~ 29)~ 27) 25) 24) 14) 12,(((((28,(31,30)~ 29)~ 27) 25) 24) 34) 32)~ 11,((((36,37)~ 35) 34) 32) 11)+ 11)+ 11) 10) 8) 6)+ 6)~ 0
&t ((2,((4,5)~ 3,(4,5)~ 3)+ 3)~ 1,(((((((((((((28) 27) 25) 24) 14) 12,((((((31,30)~ 29) 27) 25) 24) 34) 32)~ 11,(((((((30,31)~ 29,28)~ 27) 25) 24) 14) 12,(((((28,(31,30)~ 29)~ 27) 25) 24) 34) 32)~ 11)+ 11,(((((26) 25) 24) 14) 12) 11)+ 11,(40) 38)~ 10,9)~ 8,(((((((37,36)~ 35,(37) 35)+ 35) 34) 32) 11) 10) 8)+ 8,(((((((((((28,(30,31)~ 29)~ 27) 25) 24) 14) 12,(((((28,(31,30)~ 29)~ 27) 25) 24) 34) 32)~ 11,(((((18,17)~ 16) 15) 14) 12) 11)+ 11,(((((23) 19) 15) 14,13)~ 12) 11)+ 11,((33) 32) 11)+ 11) 10) 8)+ 8) 6)~ 0
&t ((2,(((5,(4,4)+ 4)~ 3,(4) 3)+ 3,((4,5)~ 3,(5,4)~ 3)+ 3)+ 3)~ 1,(((((((((((((28,(31,30)~ 29)~ 27) 25) 24) 14) 12,(((((28,(31,30)~ 29)~ 27) 25) 24) 34) 32)~ 11,(((((26) 25) 24) 14) 12) 11)+ 11) 10) 8,7)~ 6,(((((((36,37)~ 35) 34) 32) 11) 10) 8) 6)+ 6,((((((33,33)+ 33) 32) 11) 10) 8) 6)+ 6,((((40) 38,(((((((((28,(30,31)~ 29)~ 27) 25) 24) 14) 12,(((((28,(31,30)~ 29)~ 27) 25) 24) 34) 32)~ 11,(((((26) 25) 24) 14) 12) 11)+ 11,(((((17,(18,18)+ 18)~ 16,(23,(22,21)~ 20)~ 19)~ 15) 14) 12) 11)+ 11,((13) 12) 11)+ 11)~ 10) 8) 6)+ 6)~ 0
&t ((7,(9,((((((((((28,(30,31)~ 29)~ 27) 25) 24) 14) 12,(((((28,(31,30)~ 29)~ 27) 25) 24) 34) 32)~ 11,(((((26) 25) 24) 14) 12) 11)+ 11,((((((23,23)+ 23,(21,22)~ 20)~ 19) 15) 14) 12) 11)+ 11,((((((((((28) 27) 25) 24) 14) 12,(((((28,(30,31)~ 29)~ 27) 25) 24) 34) 32)~ 11,(((((26) 25) 24) 14) 12) 11)+ 11,(((((26) 25) 24) 14) 12) 11)+ 11,((((37,36)~ 35) 34) 32) 11)+ 11,((33) 32) 11)+ 11)+ 11,(((39,(40,40)+ 40)~ 38,(39) 38)+ 38,(39,40)~ 38)+ 38)~ 10)~ 8)~ 6,(((4,5)~ 3,(5,4)~ 3)+ 3,2)~ 1)~ 0
&t ((2,(4,5)~ 3)~ 1,((((((9,((((40,39)~ 38,(((((((28,(31,30)~ 29)~ 27) 25) 24) 14) 12,(((((28,(31,30)~ 29)~ 27) 25) 24) 34) 32)~ 11,(((((26) 25) 24) 14) 12) 11)+ 11)~ 10,(((13,((((22,21)~ 20,(23,(23,23)+ 23)+ 23)~ 19,((17,18)~ 16,(17,18)~ 16)+ 16)~ 15) 14)~ 12) 11) 10)+ 10,((((((((((28,(30,31)~ 29)~ 27) 25) 24) 14) 12,(((((28,(31,30)~ 29)~ 27) 25) 24) 34) 32)~ 11,(((((26) 25) 24) 14) 12) 11)+ 11,((((37,36)~ 35) 34) 32) 11)+ 11,((33) 32) 11)+ 11) 10)+ 10)~ 8,(((((13) 12,(((36,37)~ 35) 34) 32)~ 11,(((((((((28) 27) 25) 24) 14) 12,(((((28,(31,30)~ 29)~ 27) 25) 24) 34) 32)~ 11,(((((((30) 29) 27) 25) 24) 14) 12) 11)+ 11,(((((((31) 29) 27) 25) 24) 14) 12) 11)+ 11,(((((26) 25) 24) 14) 12) 11)+ 11)+ 11) 10) 8)+ 8,((((((((((28,(31,30)~ 29)~ 27) 25) 24) 14) 12,(((((28,(30,31)~ 29)~ 27) 25) 24) 34) 32)~ 11,(((((26) 25) 24) 14) 12) 11)+ 11,(((((17,18)~ 16,(23,(22,21)~ 20)~ 19)~ 15) 14) 12) 11)+ 11) 10) 8)+ 8,(((39,40)~ 38) 10) 8)+ 8,((((33) 32) 11) 10) 8)+ 8) 6)~ 0
&t (((2,((5,4)~ 3,(4,5)~ 3)+ 3)~ 1,(2,((4,(5,5)+ 5)~ 3,(5,4)~ 3)+ 3)~ 1)+ 1,((((((((((((((28) 27) 25) 24) 14) 12,((((((30,31)~ 29) 27) 25) 24) 34) 32)~ 11,(((((((((30) 29) 27) 25) 24) 14) 12,((((((30) 29) 27) 25) 24) 34) 32)~ 11,(((((((31) 29) 27) 25) 24) 14) 12) 11)+ 11,((((((28) 27) 25) 24) 14) 12) 11)+ 11)+ 11,(((((26) 25) 24) 14) 12) 11)+ 11,(((((18,17)~ 16,(23,(21,22)~ 20)~ 19)~ 15) 14) 12) 11)+ 11,((13) 12) 11)+ 11,(((((((((28,(30,31)~ 29)~ 27) 25) 24) 14) 12,(((((28,(31,30)~ 29)~ 27) 25) 24) 34) 32)~ 11,(((((26) 25) 24) 14) 12) 11)+ 11,(((((37,(36,36)+ 36)~ 35,(36) 35)+ 35) 34) 32) 11)+ 11,(((33,33)+ 33) 32) 11)+ 11)+ 11,(40,39)~ 38)~ 10,9)~ 8) 6)~ 0
&t ((((9,((((((((((28,(30,31)~ 29)~ 27) 25) 24) 14) 12,(((((28,(30,31)~ 29)~ 27) 25) 24) 34) 32)~ 11,(((((((28,(30,31)~ 29)~ 27) 25) 24) 14) 12,(((((28,(30,31)~ 29)~ 27) 25) 24) 34) 32)~ 11,(((((26) 25) 24) 14) 12) 11)+ 11)+ 11,((((((37,36)~ 35,(37) 35)+ 35,(36) 35)+ 35) 34) 32) 11)+ 11,(((33,33)+ 33) 32) 11)+ 11) 10)~ 8,(9) 8)+ 8,(7,(7,(7,7)+ 7)+ 7)+ 7)~ 6,(((4,5)~ 3,(5,4)~ 3)+ 3,2)~ 1)~ 0
&t (((2,2)+ 2) 1,((((((((((((((((28,(31,30)~ 29)~ 27) 25) 24) 14) 12,(((((28,(30,31)~ 29)~ 27) 25) 24) 34) 32)~ 11,(((((26) 25) 24) 14) 12) 11)+ 11,(((((17,18)~ 16) 15) 14) 12) 11)+ 11,((((((21,22)~ 20) 19) 15) 14) 12) 11)+ 11,(((((23) 19) 15) 14) 12) 11)+ 11,((13) 12) 11)+ 11,(39,40)~ 38)~ 10,9)~ 8,((((((((((28) 27) 25) 24) 14) 12,(((((28,(31,30)~ 29)~ 27) 25) 24) 34) 32)~ 11,(((((26) 25) 24) 14) 12) 11)+ 11,((((36,37)~ 35) 34) 32) 11)+ 11) 10) 8)+ 8,((((33) 32) 11) 10) 8)+ 8,7)~ 6)~ 0
&t ((7,(((((((((((28,(31,30)~ 29)~ 27) 25) 24) 14) 12,((((((30) 29,28)~ 27) 25) 24) 34) 32)~ 11,(((((26) 25) 24) 14) 12) 11)+ 11,((((37,36)~ 35) 34) 32) 11)+ 11,((33) 32,(13,(((26) 25) 24,((18,17)~ 16,(23,(22,21)~ 20)~ 19)~ 15)~ 14)~ 12)~ 11)+ 11,(39,40)~ 38)~ 10,9)~ 8)~ 6) 0
&t ((7,(9,((40,39)~ 38,(((((((((28,(30,31)~ 29)~ 27) 25) 24) 14) 12,(((((28,(31,30)~ 29)~ 27) 25) 24) 34) 32)~ 11,((((((21,22)~ 20,(23,23)+ 23)~ 19,(17,18)~ 16)~ 15) 14) 12) 11)+ 11,(((((((((((31) 29) 27) 25) 24) 14) 12,(((((28,(30) 29)~ 27) 25) 24) 34) 32)~ 11,((((((28) 27) 25) 24) 14) 12,((((((31,30)~ 29) 27) 25) 24) 34) 32)~ 11)+ 11,(((((26) 25) 24) 14) 12) 11)+ 11,(((((18) 16) 15) 14) 12) 11)+ 11,(((((23,(22,21)~ 20)~ 19) 15) 14) 12) 11)+ 11)+ 11,((((((((28,(31,30)~ 29)~ 27) 25) 24) 14) 12,(((((28,(30,31)~ 29)~ 27) 25) 24) 34) 32)~ 11,(((((26) 25) 24) 14) 12) 11)+ 11,((33,((36,37)~ 35) 34)~ 32) 11)+ 11)+ 11)~ 10)~ 8)~ 6,(((5,4)~ 3,(5) 3)+ 3,2)~ 1)~ 0
&t (((2,((5,4)~ 3,(4,5)~ 3)+ 3)~ 1,(((4,5)~ 3,(4) 3)+ 3,2)~ 1)+ 1) 0
&t (((2,(4) 3)~ 1,((4) 3) 1)+ 1,((9,((((((((((((((((30) 29) 27) 25) 24) 14) 12,((((((30) 29) 27) 25) 24) 34) 32)~ 11,(((((((31) 29) 27) 25) 24) 14) 12) 11)+ 11,((((((28) 27) 25) 24) 14) 12) 11)+ 11,((((((28) 27) 25) 24) 14) 12,((((((31,30)~ 29) 27) 25) 24) 34) 32)~ 11)+ 11,(((((26) 25) 24) 14) 12) 11)+ 11,(((((18) 16,(23,(21,22)~ 20)~ 19)~ 15) 14) 12) 11)+ 11,((13) 12) 11)+ 11,((33) 32) 11)+ 11,((((((((28) 27) 25) 24) 14) 12,((((((31,30)~ 29) 27) 25) 24) 34) 32)~ 11,(((((((28,(30,31)~ 29)~ 27) 25) 24) 14) 12,(((((28,(31,30)~ 29)~ 27) 25) 24) 34) 32)~ 11,(((((26) 25) 24) 14) 12) 11)+ 11)+ 11,((((36,37)~ 35) 34) 32) 11)+ 11)+ 11,(40,39)~ 38)~ 10)~ 8,(7,7)+ 7)~ 6)~ 0
&t ((2,((4,5)~ 3,(4) 3)+ 3)~ 1,((7,7)+ 7,((((((((((((28,(31,30)~ 29)~ 27) 25) 24) 14) 12,(((((28,(31,30)~ 29)~ 27) 25) 24) 34) 32)~ 11,(((((26) 25) 24) 14) 12) 11)+ 11,((((37,36)~ 35) 34) 32) 11)+ 11,((33) 32) 11)+ 11,(((((26) 25) 24) 34) 32,((((18,17)~ 16,(23,(21,22)~ 20)~ 19)~ 15) 14) 12)~ 11)+ 11,((40,39)~ 38,(40) 38)+ 38)~ 10,(9,9)+ 9)~ 8)~ 6)~ 0
&t ((2,((5,4)~ 3,(4,5)~ 3)+ 3)~ 1,((7,((((((((((((28,(30,31)~ 29)~ 27) 25) 24) 14) 12,(((((28,(30,31)~ 29)~ 27) 25) 24) 34) 32)~ 11,(((((26) 25) 24) 14) 12) 11)+ 11,((((36,37)~ 35) 34) 32) 11)+ 11,(((((((26,(28,(31,30)~ 29)~ 27)~ 25) 24) 34) 32,((((18,17)~ 16,(23,(22,21)~ 20)~ 19)~ 15) 14) 12)~ 11,((((((23) 19,(18,(17,17)+ 17)~ 16)~ 15,(((21,22)~ 20) 19) 15)+ 15) 14) 12) 11)+ 11,((13) 12) 11)+ 11)+ 11,(((33,(33,33)+ 33)+ 33) 32) 11)+ 11,((39,(40,40)+ 40)~ 38,((39,(40,40)+ 40)~ 38,(((40,39)~ 38,(40) 38)+ 38,(39) 38)+ 38)+ 38)+ 38)~ 10) 8)~ 6,((((9,9)+ 9,9)+ 9) 8) 6)+ 6)~ 0
&t (((2,((4,5)~ 3,(4,5)~ 3)+ 3)~ 1,(2,((5,(4,4)+ 4)~ 3,(4,5)~ 3)+ 3)~ 1)+ 1,((9,((40,(39,39)+ 39)~ 38,((((((((((28,(30,31)~ 29)~ 27) 25) 24) 14) 12,((((((30,31)~ 29) 27) 25) 24) 34) 32)~ 11,(((((26) 25) 24) 14) 12) 11)+ 11,((((36,37)~ 35) 34) 32) 11)+ 11,((33) 32) 11)+ 11,(((((((((28) 27) 25) 24) 14) 12,(((((28,(30,31)~ 29)~ 27) 25) 24) 34) 32)~ 11,((((((28) 27) 25) 24) 14) 12,((((((30,31)~ 29) 27) 25) 24) 34) 32)~ 11)+ 11,(((((26) 25) 24) 14) 12,((((26) 25) 24) 34) 32)~ 11)+ 11,((13,(((23) 19,(18,17)~ 16)~ 15) 14)~ 12) 11)+ 11)+ 11)~ 10)~ 8,(7,7)+ 7)~ 6)~ 0
&t ((7,(((((((9,(9,9)+ 9)+ 9,(((((36) 35) 34) 32) 11) 10)~ 8,((((((37) 35) 34) 32) 11) 10) 8)+ 8,((((((((28,(30,31)~ 29)~ 27) 25) 24) 14) 12,(((((28,(30,31)~ 29)~ 27) 25) 24) 34) 32)~ 11) 10) 8)+ 8,(((((((26) 25) 24) 14) 12) 11) 10) 8)+ 8,((((((((((26) 25) 24) 14) 12,((((26) 25) 24) 34) 32)~ 11,(((((((28,(31,30)~ 29)~ 27) 25) 24) 14) 12,(((((28,(31,30)~ 29)~ 27) 25) 24) 34) 32)~ 11,(((((26) 25) 24) 14) 12) 11)+ 11)+ 11,((((((28,(30,31)~ 29)~ 27) 25) 24) 14) 12,(((((28,(30,31)~ 29)~ 27) 25) 24) 34) 32)~ 11)+ 11,((13,(((23) 19) 15) 14)~ 12) 11)+ 11) 10) 8)+ 8,(((39,40)~ 38) 10) 8)+ 8)~ 6) 0
&t (((9,(((((33) 32) 11,(39,40)~ 38)~ 10,(((((((((28,(30,31)~ 29)~ 27) 25) 24) 14) 12,(((((28,(31,30)~ 29)~ 27) 25) 24) 34) 32)~ 11,(((((26) 25) 24) 14) 12) 11)+ 11,((((37,36)~ 35) 34) 32) 11)+ 11) 10)+ 10,((((((((((28) 27) 25) 24) 14) 12,((((((30,31)~ 29) 27) 25) 24) 34) 32)~ 11,((((((28,(30,31)~ 29)~ 27) 25) 24) 14) 12,((((((30,31)~ 29) 27) 25) 24) 34) 32)~ 11)+ 11,(((((26) 25) 24) 14) 12) 11)+ 11,((13,(((23,(22,21)~ 20)~ 19,(18,17)~ 16)~ 15) 14)~ 12) 11)+ 11) 10)+ 10)~ 8) 6,((2,(5,4)~ 3)~ 1,((4,5)~ 3) 1)+ 1)~ 0
&t (((((4,5)~ 3,(4,5)~ 3)+ 3,((5,4)~ 3,(4,5)~ 3)+ 3)+ 3,(2,2)+ 2)~ 1,(((((((33) 32,((((26,(28,(31,30)~ 29)~ 27)~ 25) 24) 14) 12)~ 11,(((((((((((26) 25) 24) 34) 32,((((17) 16) 15) 14) 12)~ 11,(((((18) 16) 15) 14) 12) 11)+ 11,((((((22,21)~ 20) 19) 15) 14) 12) 11)+ 11,((((((21,22)~ 20) 19) 15) 14) 12) 11)+ 11,(((((23) 19) 15) 14) 12) 11)+ 11,(((((23) 19,(18,17)~ 16)~ 15) 14) 12) 11)+ 11,(((((((28) 27) 25) 24) 14) 12,((((((31,30)~ 29) 27) 25) 24) 34) 32)~ 11,(((((((31) 29) 27) 25) 24) 14) 12,((((((30) 29,28)~ 27) 25) 24) 34) 32)~ 11)+ 11)+ 11)+ 11,(40,39)~ 38)~ 10,(((13) 12) 11) 10)+ 10,9)~ 8,7)~ 6)~ 0
&t ((2,((5,4)~ 3,(4,5)~ 3)+ 3)~ 1,((7,(((((40,39)~ 38,(40) 38)+ 38,((((((((((28) 27) 25) 24) 14) 12,((((((31,30)~ 29) 27) 25) 24) 34) 32)~ 11,(((((((28) 27) 25) 24) 14) 12,(((((28) 27) 25) 24) 34) 32)~ 11,(((((((30) 29) 27) 25) 24) 14) 12,((((((31) 29) 27) 25) 24) 34) 32)~ 11)+ 11)+ 11,(((((26) 25) 24) 14) 12) 11)+ 11,((13) 12) 11)+ 11,((((((17,18)~ 16,(18,17)~ 16)+ 16,(23,(22,21)~ 20)~ 19)~ 15) 14) 12) 11)+ 11)~ 10,((((((((((28,(30,31)~ 29)~ 27) 25) 24) 14) 12,(((((28,(30,31)~ 29)~ 27) 25) 24) 34) 32)~ 11,((((((28) 27) 25) 24) 14) 12,(((((28,(30,31)~ 29)~ 27) 25) 24) 34) 32)~ 11)+ 11,(((((26) 25) 24) 14) 12) 11)+ 11,((((37,36)~ 35) 34) 32) 11)+ 11) 10)+ 10) 8)~ 6,((9) 8) 6)+ 6)~ 0
&t ((7,(9,(((((((((((26) 25) 24) 14) 12,((((26) 25) 24) 34) 32)~ 11,(((((26) 25) 24) 14) 12) 11)+ 11,((((((28,(30,31)~ 29)~ 27) 25) 24) 14) 12,(((((28,(31,30)~ 29)~ 27) 25) 24) 34) 32)~ 11)+ 11,((((((28,(30,31)~ 29)~ 27) 25) 24) 14) 12,(((((28,(30,31)~ 29)~ 27) 25) 24) 34) 32)~ 11)+ 11,(((((36,37)~ 35,(37) 35)+ 35) 34) 32) 11)+ 11,(((13) 12,((((26) 25) 24) 34) 32)~ 11,(((((17,18)~ 16,(23,(21,22)~ 20)~ 19)~ 15) 14) 12) 11)+ 11)+ 11,(39,40)~ 38)~ 10)~ 8)~ 6,(((4,5)~ 3,(4,5)~ 3)+ 3,2)~ 1)~ 0
&t ((2,(((4,5)~ 3,(5,4)~ 3)+ 3,((4,5)~ 3,(5,4)~ 3)+ 3)+ 3)~ 1,((((((((((26) 25) 24) 14) 12,((((26) 25) 24) 34) 32)~ 11,((((((28,(30,31)~ 29)~ 27) 25) 24) 14) 12,(((((28,(31,30)~ 29)~ 27) 25) 24) 34) 32)~ 11)+ 11,(((((36,37)~ 35,(36,37)~ 35)+ 35) 34) 32) 11)+ 11) 10,9)~ 8) 6)~ 0
&t (((7,(9) 8)~ 6,((((((40) 38,((((((((((28) 27) 25) 24) 14) 12,((((((31,30)~ 29) 27) 25) 24) 34) 32)~ 11,(((((((((30) 29) 27) 25) 24) 14) 12,((((((30) 29) 27) 25) 24) 34) 32)~ 11,(((((((31) 29) 27) 25) 24) 14) 12) 11)+ 11,((((((28) 27) 25) 24) 14) 12) 11)+ 11)+ 11,(((((26) 25) 24) 14) 12) 11)+ 11,((13) 12) 11)+ 11,((((((21,22)~ 20) 19,((17,18)~ 16,(17,18)~ 16)+ 16)~ 15) 14) 12) 11)+ 11)~ 10,(((((((((28,(31,30)~ 29)~ 27) 25) 24) 14) 12,(((((28,(31,30)~ 29)~ 27) 25) 24) 34) 32)~ 11,(((((26) 25) 24) 14) 12) 11)+ 11,((((36) 35) 34) 32) 11)+ 11) 10)+ 10,(((33) 32) 11) 10)+ 10) 8) 6)+ 6,(((4,5)~ 3,(4,5)~ 3)+ 3) 1)~ 0
&t ((7,((((((((26) 25) 24) 14) 12,((((36,37)~ 35,(37) 35)+ 35) 34) 32)~ 11,((40,40)+ 40) 38)~ 10,((((((((((28,(31,30)~ 29)~ 27) 25) 24) 14) 12,(((((28,(30,31)~ 29)~ 27) 25) 24) 34) 32)~ 11,(((((26) 25) 24) 14) 12) 11)+ 11,((((((17,18)~ 16,((22,21)~ 20) 19)~ 15,((23) 19) 15)+ 15) 14) 12) 11)+ 11,((13) 12) 11)+ 11) 10)+ 10) 8)~ 6) 0
&t (((((9,((39,40)~ 38) 10)~ 8,(((((((((((((28) 27) 25) 24) 14) 12,((((((31,30)~ 29) 27) 25) 24) 34) 32)~ 11,((((((28,(30,31)~ 29)~ 27) 25) 24) 14) 12,(((((28,(30,31)~ 29)~ 27) 25) 24) 34) 32)~ 11)+ 11,(((((26) 25) 24) 14) 12) 11)+ 11,(((((18) 16,(23,(22,21)~ 20)~ 19)~ 15) 14) 12) 11)+ 11,(((13,13)+ 13) 12) 11)+ 11,((33) 32) 11)+ 11) 10) 8)+ 8,((((((((((28,(31,30)~ 29)~ 27) 25) 24) 14) 12,(((((28,(30,31)~ 29)~ 27) 25) 24) 34) 32)~ 11,(((((26) 25) 24) 14) 12) 11)+ 11,((((36,(37,37)+ 37)~ 35) 34) 32) 11)+ 11) 10) 8)+ 8) 6,(((5,4)~ 3,(5,4)~ 3)+ 3,2)~ 1)~ 0
&t ((2,((5,4)~ 3,(5) 3)+ 3)~ 1,((((((((33) 32) 11,(40,39)~ 38)~ 10,(((((37,36)~ 35) 34) 32) 11) 10)+ 10,((((((((((((((30) 29) 27) 25) 24) 14) 12,(((((28,(30,31)~ 29)~ 27) 25) 24) 34) 32)~ 11,(((((((31) 29) 27) 25) 24) 14) 12) 11)+ 11,((((((28) 27) 25) 24) 14) 12) 11)+ 11,(((((26) 25) 24) 14) 12) 11)+ 11,(((((23,(21,22)~ 20)~ 19) 15) 14) 12) 11)+ 11,((13) 12) 11)+ 11,(((33,33)+ 33) 32) 11)+ 11) 10)+ 10,((((((((((((30) 29) 27) 25) 24) 14) 12,((((((30) 29) 27) 25) 24) 34) 32)~ 11,(((((((31) 29) 27) 25) 24) 14) 12) 11)+ 11,((((((28) 27) 25) 24) 14) 12) 11)+ 11,((((((28) 27) 25) 24) 14) 12,((((((30,31)~ 29) 27) 25) 24) 34) 32)~ 11)+ 11,(((((26) 25) 24) 14) 12) 11)+ 11) 10)+ 10,(9,9)+ 9)~ 8) 6)~ 0
&t ((((7,(7,7)+ 7)+ 7,((((((((((((28,(31,30)~ 29)~ 27) 25) 24) 14) 12,(((((28,(30,31)~ 29)~ 27) 25) 24) 34) 32)~ 11,(((((26) 25) 24) 14) 12) 11)+ 11,((((37,36)~ 35) 34) 32) 11)+ 11,(((((26,(28,(30,31)~ 29)~ 27)~ 25) 24) 34) 32,(13,(((17,18)~ 16,(23,(22,21)~ 20)~ 19)~ 15) 14)~ 12)~ 11)+ 11,((33) 32) 11)+ 11,((39,40)~ 38,(40,39)~ 38)+ 38)~ 10) 8)~ 6,(2,(5,4)~ 3)~ 1)~ 0,((((5,4)~ 3,(5) 3)+ 3,2)~ 1,((9) 8) 6)~ 0)+ 0
&t ((7,(((((((((((28,(31,30)~ 29)~ 27) 25) 24) 14) 12,(((((28,(31,30)~ 29)~ 27) 25) 24) 34) 32)~ 11,(((((26) 25) 24) 14) 12) 11)+ 11,((((37,36)~ 35) 34) 32) 11)+ 11,(((((((30,31)~ 29,28)~ 27,26)~ 25) 24,((18,17)~ 16,(23,(21,22)~ 20)~ 19)~ 15)~ 14,13)~ 12,(33) 32)~ 11)+ 11) 10,9)~ 8)~ 6) 0
&t ((7,(((((((39,39)+ 39,40)~ 38,(40) 38)+ 38,(((((23) 19) 15) 14) 12) 11)~ 10,(((((((26) 25) 24) 34) 32,(13) 12)~ 11,((((((21,22)~ 20) 19,(17,18)~ 16)~ 15) 14) 12) 11)+ 11) 10)+ 10,(((((((26) 25) 24) 14) 12,(((37,36)~ 35) 34) 32)~ 11,((33) 32) 11)+ 11) 10)+ 10,9)~ 8)~ 6) 0
&t ((2,((4,5)~ 3,(4,5)~ 3)+ 3)~ 1,((((((39,40)~ 38,((((((((((((28) 27) 25) 24) 14) 12,((((((30,31)~ 29) 27) 25) 24) 34) 32)~ 11,((((((((31) 29) 27) 25) 24) 14) 12,((((((30) 29,28)~ 27) 25) 24) 34) 32)~ 11,((((((((30,31)~ 29) 27) 25) 24) 14) 12,(((((28,(30,31)~ 29)~ 27) 25) 24) 34) 32)~ 11,((((((28) 27) 25) 24) 14) 12,((((((31,30)~ 29) 27) 25) 24) 34) 32)~ 11)+ 11)+ 11)+ 11,(((((26) 25) 24) 14) 12) 11)+ 11,(((((18,(17,17)+ 17)~ 16,(23,(21,22)~ 20)~ 19)~ 15) 14) 12) 11)+ 11,((13) 12) 11)+ 11,((33) 32) 11)+ 11,((((37,(36,36)+ 36)~ 35) 34) 32) 11)+ 11)~ 10,(((((((28,(30,31)~ 29)~ 27) 25) 24) 14) 12,(((((28,(30,31)~ 29)~ 27) 25) 24) 34) 32)~ 11) 10)+ 10) 8,7)~ 6,(((9,9)+ 9) 8) 6)+ 6)~ 0
&t (((2,(5,4)~ 3)~ 1,((4,5)~ 3) 1)+ 1,((((7,7)+ 7,((((((((((((28,(30,31)~ 29)~ 27) 25) 24) 14) 12,(((((28,(30,31)~ 29)~ 27) 25) 24) 34) 32)~ 11,(((((26) 25) 24) 14) 12) 11)+ 11,((((37,36)~ 35) 34) 32) 11)+ 11,((33) 32) 11)+ 11,(((((((26) 25) 24) 14) 12,((((26) 25) 24) 34) 32)~ 11,(((((((28) 27) 25) 24) 14) 12,((((((31,30)~ 29) 27) 25) 24) 34) 32)~ 11,((((((28,(31,30)~ 29)~ 27) 25) 24) 14) 12,(((((28,(30,31)~ 29)~ 27) 25) 24) 34) 32)~ 11)+ 11)+ 11,(((((18,17)~ 16,(23,(21,22)~ 20)~ 19)~ 15) 14) 12) 11)+ 11)+ 11) 10) 8)~ 6,((((39,(40,40)+ 40)~ 38) 10) 8) 6)+ 6,((9) 8) 6)+ 6)~ 0
&t (((2,(4,5)~ 3)~ 1,((5,4)~ 3) 1)+ 1,(((((39,40)~ 38) 10,9)~ 8,(((((((((((((((((28) 27) 25) 24) 14) 12,(((((28) 27) 25) 24) 34) 32)~ 11,(((((((30) 29) 27) 25) 24) 14) 12,((((((31) 29) 27) 25) 24) 34) 32)~ 11)+ 11,((((((28) 27) 25) 24) 14) 12,((((((30,31)~ 29) 27) 25) 24) 34) 32)~ 11)+ 11,(((((((22,21)~ 20) 19,(17,18)~ 16)~ 15,((23) 19) 15)+ 15) 14) 12) 11)+ 11,(((((26) 25) 24) 14) 12) 11)+ 11,((13) 12) 11)+ 11,((33) 32) 11)+ 11,((((36) 35) 34) 32) 11)+ 11,((((37,36)~ 35) 34) 32) 11)+ 11,((33) 32) 11)+ 11) 10) 8)+ 8) 6)~ 0
&t (((9,(((((((((((28,(31,30)~ 29)~ 27) 25) 24) 14) 12,(((((28,(30,31)~ 29)~ 27) 25) 24) 34) 32)~ 11,(((((26) 25) 24) 14) 12) 11)+ 11,((13) 12) 11)+ 11,(((((18,17)~ 16,(23,((21,22)~ 20,(22,21)~ 20)+ 20)~ 19)~ 15) 14) 12) 11)+ 11,(((((((((((28,(31,30)~ 29)~ 27) 25) 24) 14) 12,(((((28,(31,30)~ 29)~ 27) 25) 24) 34) 32)~ 11,(((((26) 25) 24) 14) 12) 11)+ 11,((((37,36)~ 35) 34) 32) 11)+ 11,((33) 32) 11)+ 11,(((((((((28,(30,31)~ 29)~ 27) 25) 24) 14) 12,(((((28,(31,30)~ 29)~ 27) 25) 24) 34) 32)~ 11,(((((26) 25) 24) 14) 12) 11)+ 11,((13) 12) 11)+ 11,(((((17,(18,18)+ 18)~ 16,(23,(21,22)~ 20)~ 19)~ 15) 14) 12) 11)+ 11)+ 11,((33) 32) 11)+ 11)+ 11) 10)~ 8) 6,(((4,5)~ 3,(5,4)~ 3)+ 3,2)~ 1)~ 0
&t ((2,(5,4)~ 3)~ 1,((((((((((9,((((((((30) 29) 27) 25) 24) 14) 12) 11) 10)~ 8,(((((((((31) 29) 27) 25) 24) 14) 12) 11) 10) 8)+ 8,((((((((28) 27) 25) 24) 14) 12) 11) 10) 8)+ 8,((((((((28) 27) 25) 24) 14) 12,((((((31,30)~ 29) 27) 25) 24) 34) 32)~ 11) 10) 8)+ 8,(((((((26) 25) 24) 14) 12) 11) 10) 8)+ 8,((((((((23) 19,(18,17)~ 16)~ 15,(((22,21)~ 20) 19) 15)+ 15) 14) 12) 11) 10) 8)+ 8,((((13) 12) 11) 10) 8)+ 8,(((((((((((28,(31,30)~ 29)~ 27) 25) 24) 14) 12,(((((28,(30,31)~ 29)~ 27) 25) 24) 34) 32)~ 11,(((((26) 25) 24) 14) 12) 11)+ 11,(((33,(33,33)+ 33)+ 33) 32) 11)+ 11,((((37,36)~ 35) 34) 32) 11)+ 11) 10) 8)+ 8,(((39,40)~ 38) 10) 8)+ 8) 6)~ 0
&t ((7,(9,((((((((((((28,(31,30)~ 29)~ 27) 25) 24) 14) 12,(((((28,(31,30)~ 29)~ 27) 25) 24) 34) 32)~ 11,(((((26) 25) 24) 14) 12) 11)+ 11,(((((((28,(31,30)~ 29)~ 27) 25) 24) 14) 12,(((((28,(31,30)~ 29)~ 27) 25) 24) 34) 32)~ 11,(((((26) 25) 24) 14) 12) 11)+ 11)+ 11,((((37,36)~ 35) 34) 32) 11)+ 11,(((33,33)+ 33) 32) 11)+ 11,((((((((28,(30,31)~ 29)~ 27) 25) 24) 14) 12,(((((28,(31,30)~ 29)~ 27) 25) 24) 34) 32)~ 11,(((((26) 25) 24) 14) 12) 11)+ 11,((((((18,(18,18)+ 18)+ 18) 16,(23,(22,21)~ 20)~ 19)~ 15) 14) 12) 11)+ 11)+ 11) 10)~ 8)~ 6,((2,(5,4)~ 3)~ 1,((5,4)~ 3) 1)+ 1)~ 0
&t (((2,(5,4)~ 3)~ 1,((4,5)~ 3) 1)+ 1,((((((((33) 32) 11,(40,39)~ 38)~ 10,(((((((26) 25) 24) 34) 32,((((17,18)~ 16,(23,(22,21)~ 20)~ 19)~ 15) 14) 12)~ 11,((13) 12) 11)+ 11) 10)+ 10,9)~ 8,((((((37) 35) 34) 32) 11) 10) 8)+ 8,(((((((((28,(30,31)~ 29)~ 27) 25) 24) 14) 12,(((((28,(30,31)~ 29)~ 27) 25) 24) 34) 32)~ 11,(((((26) 25) 24) 14) 12) 11)+ 11) 10) 8)+ 8,7)~ 6)~ 0
&t ((((9,((9,9)+ 9,(9,9)+ 9)+ 9)+ 9,((((((33) 32) 11,(((39,40)~ 38,(40) 38)+ 38,(39) 38)+ 38)~ 10,(((13,(((17,(18,18)+ 18)~ 16,(23,(22,21)~ 20)~ 19)~ 15) 14)~ 12) 11) 10)+ 10,(((((((((28) 27) 25) 24) 14) 12,((((((30,31)~ 29) 27) 25) 24) 34) 32)~ 11,(((((((30) 29) 27) 25) 24) 14) 12,(((((28,(31) 29)~ 27) 25) 24) 34) 32)~ 11)+ 11,(((((26) 25) 24) 14) 12) 11)+ 11) 10)+ 10,(((((37,36)~ 35) 34) 32) 11) 10)+ 10)~ 8) 6,(((((5,4)~ 3,(4) 3)+ 3,(5) 3)+ 3,((5,4)~ 3,(4) 3)+ 3)+ 3,2)~ 1)~ 0
&t (((2,((5,4)~ 3,(4) 3)+ 3)~ 1,(2,((5,4)~ 3,(5,4)~ 3)+ 3)~ 1)+ 1,((9,((((33) 32) 11,(39,40)~ 38)~ 10,(((((((((((28,(30,31)~ 29)~ 27) 25) 24) 14) 12,(((((28,(30,31)~ 29)~ 27) 25) 24) 34) 32)~ 11,(((((26) 25) 24) 14) 12) 11)+ 11,((13) 12) 11)+ 11,(((((17,18)~ 16,(23,(21,22)~ 20)~ 19)~ 15) 14) 12) 11)+ 11,((((36) 35) 34) 32) 11)+ 11) 10)+ 10)~ 8,(7,7)+ 7)~ 6)~ 0
&t (((7,7)+ 7,((((33) 32) 11,(39,40)~ 38)~ 10,((9,9)+ 9,9)+ 9)~ 8)~ 6) 0
&t ((2,((4,5)~ 3,(4,5)~ 3)+ 3)~ 1,(((((((((((((31,30)~ 29) 27) 25) 24) 14) 12,(((((28,(31,30)~ 29)~ 27) 25) 24) 34) 32)~ 11,(((((26) 25) 24) 14) 12) 11)+ 11,((33) 32) 11)+ 11,((((((((((26) 25) 24) 14) 12,((((26) 25) 24) 34) 32)~ 11,(((((26) 25) 24) 14) 12) 11)+ 11,(((((((28,(31,30)~ 29)~ 27) 25) 24) 14) 12,(((((28,(31,30)~ 29)~ 27) 25) 24) 34) 32)~ 11,((((((28,(31,30)~ 29)~ 27) 25) 24) 14) 12,(((((28,(31,30)~ 29)~ 27) 25) 24) 34) 32)~ 11)+ 11)+ 11,(((((17,18)~ 16,((21,22)~ 20,(23,23)+ 23)~ 19)~ 15) 14) 12) 11)+ 11,((13) 12) 11)+ 11,((((36,37)~ 35) 34) 32) 11)+ 11)+ 11,(39,40)~ 38)~ 10,(9,(9,(9,9)+ 9)+ 9)+ 9)~ 8,7)~ 6)~ 0
&t ((2,((4,5)~ 3,(4) 3)+ 3)~ 1,(((((((((((26) 25) 24) 14) 12,((((26) 25) 24) 34) 32)~ 11,(((13,(((23,(22,21)~ 20)~ 19) 15) 14)~ 12) 11,(((((17,18)~ 16) 15) 14) 12) 11)+ 11)+ 11,(40,39)~ 38)~ 10,(((((((((28,(30,31)~ 29)~ 27) 25) 24) 14) 12,(((((28,(30,31)~ 29)~ 27) 25) 24) 34) 32)~ 11,(((((26) 25) 24) 14) 12) 11)+ 11,((((37,36)~ 35) 34) 32) 11)+ 11) 10)+ 10,(((33) 32) 11) 10)+ 10,9)~ 8,(7,7)+ 7)~ 6)~ 0
&t ((((9,9)+ 9,((40,39)~ 38,((((((((((28,(31,30)~ 29)~ 27) 25) 24) 14) 12,(((((28,(31,30)~ 29)~ 27) 25) 24) 34) 32)~ 11,(((((26) 25) 24) 14) 12) 11)+ 11,((((36,37)~ 35) 34) 32) 11)+ 11,((33) 32) 11)+ 11,((13) 12) 11)+ 11)~ 10)~ 8) 6,(((4,5)~ 3,(4,(5,5)+ 5)~ 3)+ 3,2)~ 1)~ 0
&t (((7,((9,(((39,40)~ 38,((((((((((28,(30,31)~ 29)~ 27) 25) 24) 14) 12,((((((30,31)~ 29) 27) 25) 24) 34) 32)~ 11,((((((28) 27) 25) 24) 14) 12) 11)+ 11,((((((18,17)~ 16,(18,17)~ 16)+ 16,((21,22)~ 20,(23,23)+ 23)~ 19)~ 15) 14) 12) 11)+ 11,((13) 12) 11)+ 11,(((((((((28,(31,30)~ 29)~ 27) 25) 24) 14) 12,(((((28,(31,30)~ 29)~ 27) 25) 24) 34) 32)~ 11,((((((28,(30,31)~ 29)~ 27) 25) 24) 14) 12,(((((28,(30,31)~ 29)~ 27) 25) 24) 34) 32)~ 11)+ 11,(((((26) 25) 24) 14) 12) 11)+ 11,((((37,36)~ 35) 34) 32) 11)+ 11)+ 11)~ 10,((((33,33)+ 33) 32) 11) 10)+ 10)~ 8,(((39,40)~ 38,(((((((((28,(31,30)~ 29)~ 27) 25) 24) 14) 12,(((((28,(31,30)~ 29)~ 27) 25) 24) 34) 32)~ 11,((((((26,(28,(30,31)~ 29)~ 27)~ 25) 24) 34) 32,((((18,17)~ 16,(23,(22,21)~ 20)~ 19)~ 15) 14) 12)~ 11,((13) 12) 11)+ 11)+ 11,((33) 32) 11)+ 11,((((36,(37,37)+ 37)~ 35) 34) 32) 11)+ 11)~ 10) 8)+ 8)~ 6,(((((((((((((((31) 29) 27) 25) 24) 14) 12,((((((30) 29,28)~ 27) 25) 24) 34) 32)~ 11,((((((28) 27) 25) 24) 14) 12,((((((31,30)~ 29) 27) 25) 24) 34) 32)~ 11)+ 11,(((((26) 25) 24) 14) 12) 11)+ 11,(((((23,((22,21)~ 20,(22,21)~ 20)+ 20)~ 19) 15) 14) 12) 11)+ 11,((13) 12) 11)+ 11,(39,40)~ 38)~ 10,(((((((((28,(30,31)~ 29)~ 27) 25) 24) 14) 12,(((((28,(31,30)~ 29)~ 27) 25) 24) 34) 32)~ 11,(((((26) 25) 24) 14) 12) 11)+ 11,((((37,36)~ 35) 34) 32) 11)+ 11) 10)+ 10,9)~ 8,7)~ 6)+ 6) 0
&t ((7,((9,9)+ 9,((39,40)~ 38,(((((((((28,(30,31)~ 29)~ 27) 25) 24) 14) 12,(((((28,(31,30)~ 29)~ 27) 25) 24) 34) 32)~ 11,(((((26) 25) 24) 14) 12) 11)+ 11,((((((((((30,31)~ 29) 27) 25) 24) 14) 12,(((((28,(30,31)~ 29)~ 27) 25) 24) 34) 32)~ 11,(((((26) 25) 24) 14) 12) 11)+ 11,((((((((30,31)~ 29) 27) 25) 24) 14) 12,(((((28,(31,30)~ 29)~ 27) 25) 24) 34) 32)~ 11,(((((26) 25) 24) 14) 12) 11)+ 11)+ 11,((((36,37)~ 35) 34) 32) 11)+ 11)+ 11,((13) 12,(33) 32)~ 11)+ 11)~ 10)~ 8)~ 6,((2,((5,(4,4)+ 4)~ 3,(4,5)~ 3)+ 3)~ 1,(((5) 3,2)~ 1,((5,4)~ 3) 1)+ 1)+ 1)~ 0
&t ((((((((39) 38,((13) 12) 11)~ 10,((((((18,17)~ 16,(23,(21,22)~ 20)~ 19)~ 15) 14) 12) 11) 10)+ 10,((((((((28,(30,31)~ 29)~ 27) 25) 24) 14) 12,(((((28,(30,31)~ 29)~ 27) 25) 24) 34) 32)~ 11,(((((26) 25) 24) 14) 12) 11)+ 11) 10)+ 10,(((33) 32) 11) 10)+ 10) 8) 6,((5,4)~ 3,2)~ 1)~ 0
&t ((((4,(5,5)+ 5)~ 3,(4,5)~ 3)+ 3) 1,(((((((((((((28,(31,30)~ 29)~ 27) 25) 24) 14) 12,(((((28,(30,31)~ 29)~ 27) 25) 24) 34) 32)~ 11,(((((26) 25) 24) 14) 12) 11)+ 11,((((36,37)~ 35) 34) 32) 11)+ 11,((33) 32) 11)+ 11,((((((((28,(30,31)~ 29)~ 27) 25) 24) 14) 12,(((((28,(30,31)~ 29)~ 27) 25) 24) 34) 32)~ 11,(((((26) 25) 24) 14) 12) 11)+ 11,((((((23) 19,(18,17)~ 16)~ 15,(((21,22)~ 20) 19) 15)+ 15) 14,13)~ 12) 11)+ 11)+ 11,(39,40)~ 38)~ 10) 8,7)~ 6)~ 0
&t ((7,(((40,39)~ 38,(((((((((28,(31,30)~ 29)~ 27) 25) 24) 14) 12,(((((28,(30,31)~ 29)~ 27) 25) 24) 34) 32)~ 11,(((((26) 25) 24) 14) 12) 11)+ 11,((33) 32) 11)+ 11,(((((((((28,(31,30)~ 29)~ 27) 25) 24) 14) 12,(((((28,(31,30)~ 29)~ 27) 25) 24) 34) 32)~ 11,((((((22,21)~ 20) 19,(17,18)~ 16)~ 15) 14) 12) 11)+ 11,((13) 12) 11)+ 11,(((((23) 19) 15) 14) 12) 11)+ 11)+ 11)~ 10) 8)~ 6) 0
&t (((7,7)+ 7,((9,((((((((((((28,(31,30)~ 29)~ 27) 25) 24) 14) 12,(((((28,(31,30)~ 29)~ 27) 25) 24) 34) 32)~ 11,(((((26) 25) 24) 14) 12) 11)+ 11,(((((23,(22,21)~ 20)~ 19) 15) 14) 12) 11)+ 11,((13) 12) 11)+ 11,((((((((28,(30,31)~ 29)~ 27) 25) 24) 14) 12,(((((28,(30,31)~ 29)~ 27) 25) 24) 34) 32)~ 11,(((((26) 25) 24) 14) 12) 11)+ 11,((((36,37)~ 35) 34) 32) 11)+ 11)+ 11,(((33,33)+ 33) 32) 11)+ 11) 10)~ 8,(((40) 38) 10) 8)+ 8)~ 6,(((5,4)~ 3,(4,5)~ 3)+ 3,2)~ 1)~ 0
&t (((((40,39)~ 38,(((((((((((((31) 29) 27) 25) 24) 14) 12,((((((30) 29) 27) 25) 24) 34) 32)~ 11,((((((28) 27) 25) 24) 14) 12,(((((28) 27) 25) 24) 34) 32)~ 11)+ 11,((((((28) 27) 25) 24) 14) 12,((((((30,31)~ 29) 27) 25) 24) 34) 32)~ 11)+ 11,(((((26) 25) 24) 14) 12) 11)+ 11,(((((17,18)~ 16,(23,(21,22)~ 20)~ 19)~ 15) 14) 12) 11)+ 11,((13) 12) 11)+ 11,(((((36,(37,37)+ 37)~ 35) 34) 32,((((26,(28,(31,30)~ 29)~ 27)~ 25) 24) 14) 12)~ 11,((33) 32) 11)+ 11)+ 11)~ 10) 8) 6,((((5,4)~ 3,(5,4)~ 3)+ 3,2)~ 1,((2,((5,4)~ 3,((4,5)~ 3,(4,5)~ 3)+ 3)+ 3)~ 1,((2,((4,5)~ 3,(5,4)~ 3)+ 3)~ 1,(2) 1)+ 1)+ 1)+ 1)~ 0
&t ((7,((((((((((((28,(30,31)~ 29)~ 27) 25) 24) 14) 12,(((((28,(31,30)~ 29)~ 27) 25) 24) 34) 32)~ 11,(((((26) 25) 24) 14) 12) 11)+ 11,((((36,37)~ 35) 34) 32) 11)+ 11,(((((((((28,(31,30)~ 29)~ 27) 25) 24) 14) 12,(((((28,(30,31)~ 29)~ 27) 25) 24) 34) 32)~ 11,(((((26) 25) 24) 14) 12) 11)+ 11,((((((22,21)~ 20) 19,(17,18)~ 16)~ 15) 14) 12) 11)+ 11,((13) 12) 11)+ 11)+ 11,((33) 32) 11)+ 11,(39,40)~ 38)~ 10) 8)~ 6,(((2,(5) 3)~ 1,((4) 3) 1)+ 1,(((4,4)+ 4,5)~ 3) 1)+ 1)~ 0
&t ((2,(((4,5)~ 3,(5) 3)+ 3,(4) 3)+ 3)~ 1,(7,(((40,39)~ 38,((((((((((28,(31,30)~ 29)~ 27) 25) 24) 14) 12,(((((28,(31,30)~ 29)~ 27) 25) 24) 34) 32)~ 11,(((((26) 25) 24) 14) 12) 11)+ 11,((13) 12) 11)+ 11,(((((17,18)~ 16,(23,(22,21)~ 20)~ 19)~ 15) 14) 12) 11)+ 11,((((((((((28) 27) 25) 24) 14) 12,((((((30,31)~ 29) 27) 25) 24) 34) 32)~ 11,(((((((30) 29) 27) 25) 24) 14) 12,(((((28,(31) 29)~ 27) 25) 24) 34) 32)~ 11)+ 11,(((((26) 25) 24) 14) 12) 11)+ 11,((((36,37)~ 35) 34) 32) 11)+ 11,(((33,(33,33)+ 33)+ 33) 32) 11)+ 11)+ 11)~ 10) 8)~ 6)~ 0
&t (((2,((5,4)~ 3,(4,5)~ 3)+ 3)~ 1,(2,((4,5)~ 3,(5,4)~ 3)+ 3)~ 1)+ 1,(((((((((13) 12) 11) 10) 8,7)~ 6,(((((((((((28,(30,31)~ 29)~ 27) 25) 24) 14) 12,(((((28,(30,31)~ 29)~ 27) 25) 24) 34) 32)~ 11,(((((26) 25) 24) 14) 12) 11)+ 11,((13,(((18,17)~ 16,(23,(22,21)~ 20)~ 19)~ 15) 14)~ 12) 11)+ 11) 10) 8) 6)+ 6,(((((((((28,(31,30)~ 29)~ 27) 25) 24) 14) 12,((((((30,31)~ 29,28)~ 27) 25) 24) 34) 32)~ 11) 10) 8) 6)+ 6,(((((((((((28,(31,30)~ 29)~ 27) 25) 24) 14) 12,(((((28,(31,30)~ 29)~ 27) 25) 24) 34) 32)~ 11,(((((26) 25) 24) 14) 12) 11)+ 11,(((33,33)+ 33) 32) 11)+ 11) 10) 8) 6)+ 6,(((9,9)+ 9) 8) 6)+ 6)~ 0
&t ((2,((4,5)~ 3,(5,4)~ 3)+ 3)~ 1,((9,((40,39)~ 38,((((((((((((31) 29) 27) 25) 24) 14) 12,((((((30) 29,28)~ 27) 25) 24) 34) 32)~ 11,((((((28) 27) 25) 24) 14) 12,((((((31,30)~ 29) 27) 25) 24) 34) 32)~ 11)+ 11,(((((26) 25) 24) 14) 12) 11)+ 11,(((((23,(21,22)~ 20)~ 19,((18,(17,17)+ 17)~ 16,(18,17)~ 16)+ 16)~ 15) 14) 12) 11)+ 11,((13) 12) 11)+ 11,((((((((28,(30,31)~ 29)~ 27) 25) 24) 14) 12,(((((28,(31,30)~ 29)~ 27) 25) 24) 34) 32)~ 11,(((((26) 25) 24) 14) 12) 11)+ 11,((33) 32) 11)+ 11)+ 11)~ 10)~ 8) 6)~ 0
&t ((7,((((((((((((28,(30,31)~ 29)~ 27) 25) 24) 14) 12,(((((28,(31,30)~ 29)~ 27) 25) 24) 34) 32)~ 11,((13) 12) 11)+ 11,((((((23) 19,(18,17)~ 16)~ 15,(((22) 20) 19) 15)+ 15) 14) 12) 11)+ 11,(((((((28,(30,31)~ 29)~ 27) 25) 24) 14) 12,(((((28,(30,31)~ 29)~ 27) 25) 24) 34) 32)~ 11,(((((26) 25) 24) 14) 12) 11)+ 11)+ 11,((((36) 35) 34) 32) 11)+ 11) 10) 8)~ 6,((((4,5)~ 3,(4,5)~ 3)+ 3,(2,2)+ 2)~ 1,((2,(4,5)~ 3)~ 1,((5,4)~ 3) 1)+ 1)+ 1)~ 0
&t ((2,((5,4)~ 3,(4,5)~ 3)+ 3)~ 1,(((7,(((39,(40,40)+ 40)~ 38,((((((((((28,(31,30)~ 29)~ 27) 25) 24) 14) 12,(((((28,(31,30)~ 29)~ 27) 25) 24) 34) 32)~ 11,(((((26) 25) 24) 14) 12) 11)+ 11,(((((18,17)~ 16,(23,(21,22)~ 20)~ 19)~ 15) 14) 12) 11)+ 11,((13) 12) 11)+ 11,(((((((((28,(30,31)~ 29)~ 27) 25) 24) 14) 12,(((((28,(31,30)~ 29)~ 27) 25) 24) 34) 32)~ 11,((((((28) 27) 25) 24) 14) 12,((((((31,30)~ 29) 27) 25) 24) 34) 32)~ 11)+ 11,(((((26) 25) 24) 14) 12) 11)+ 11,((((36,37)~ 35) 34) 32) 11)+ 11)+ 11)~ 10) 8)~ 6,((9,(((40,39)~ 38,((((((((((28,(30,31)~ 29)~ 27) 25) 24) 14) 12,(((((28,(31,30)~ 29)~ 27) 25) 24) 34) 32)~ 11,(((((26) 25) 24) 14) 12) 11)+ 11,(((((((28,(30) 29)~ 27) 25) 24) 14) 12,(((((28,(31,30)~ 29)~ 27) 25) 24) 34) 32)~ 11,(((((26) 25) 24) 14) 12) 11)+ 11)+ 11,((((37,36)~ 35) 34) 32) 11)+ 11,((13,(((23) 19,(18,17)~ 16)~ 15) 14)~ 12) 11)+ 11)~ 10,(((33) 32) 11) 10)+ 10)~ 8) 6)+ 6,(((((((((((((28,(30,31)~ 29)~ 27) 25) 24) 14) 12,(((((28,(31,30)~ 29)~ 27) 25) 24) 34) 32)~ 11,(((((26) 25) 24) 14) 12) 11)+ 11,((((37,36)~ 35) 34) 32) 11)+ 11,(((((((((30,31)~ 29,28)~ 27) 25) 24) 14) 12,(((((28,(31,30)~ 29)~ 27) 25) 24) 34) 32)~ 11,((((((18,17)~ 16,(17) 16)+ 16,(23,(21,22)~ 20)~ 19)~ 15) 14) 12) 11)+ 11,((13) 12) 11)+ 11)+ 11,((33) 32) 11)+ 11,(40,39)~ 38)~ 10,9)~ 8) 6)+ 6)~ 0
&t (((9,(((((((39,40)~ 38,(((((((((26) 25) 24) 14) 12,((((26) 25) 24) 34) 32)~ 11,((((((28,(31,30)~ 29)~ 27) 25) 24) 14) 12,(((((28,(30,31)~ 29)~ 27) 25) 24) 34) 32)~ 11)+ 11,(((((17,18)~ 16) 15) 14) 12) 11)+ 11,((13) 12) 11)+ 11,(((((((((28,(30,31)~ 29)~ 27) 25) 24) 14) 12,(((((28,(30,31)~ 29)~ 27) 25) 24) 34) 32)~ 11,(((((26) 25) 24) 14) 12) 11)+ 11,((((36,37)~ 35) 34) 32) 11)+ 11,((33) 32) 11)+ 11)+ 11)~ 10,((40,39)~ 38) 10)+ 10,((((((((28,(30,31)~ 29)~ 27) 25) 24) 14) 12,(((((28,(31,30)~ 29)~ 27) 25) 24) 34) 32)~ 11,(((((26) 25) 24) 14) 12) 11)+ 11) 10)+ 10,(((33) 32,((((17,18)~ 16,(23,(21,22)~ 20)~ 19)~ 15) 14) 12)~ 11) 10)+ 10,(((((((((((31) 29) 27) 25) 24) 14) 12,((((((30) 29) 27) 25) 24) 34) 32)~ 11,(((((((28,(31,30)~ 29)~ 27) 25) 24) 14) 12,(((((28,(31,30)~ 29)~ 27) 25) 24) 34) 32)~ 11,((((((28) 27) 25) 24) 14) 12) 11)+ 11)+ 11,(((((26) 25) 24) 14) 12) 11)+ 11,((((36,37)~ 35) 34) 32) 11)+ 11) 10)+ 10,(((13) 12) 11) 10)+ 10)~ 8) 6) 0
&t ((7,(((((((((((((28) 27) 25) 24) 14) 12,((((((30,31)~ 29) 27) 25) 24) 34) 32)~ 11,((((((28,(30,31)~ 29)~ 27) 25) 24) 14) 12,((((((30,31)~ 29) 27) 25) 24) 34) 32)~ 11)+ 11,(((((26) 25) 24) 14) 12,((((26) 25) 24) 34) 32)~ 11)+ 11,(((((26) 25) 24) 14) 12,(((((28,(31,30)~ 29)~ 27) 25) 24) 34) 32)~ 11)+ 11,((13,(((18,17)~ 16,(23,(21,22)~ 20)~ 19)~ 15) 14)~ 12) 11)+ 11,((((((26) 25) 24) 14) 12,(((36,37)~ 35) 34) 32)~ 11,((33) 32) 11)+ 11)+ 11) 10,(9,9)+ 9)~ 8)~ 6) 0
&t ((7,((9,((40,39)~ 38,(((((((((((28,(31,30)~ 29)~ 27) 25) 24) 14) 12,(((((28,(31,30)~ 29)~ 27) 25) 24) 34) 32)~ 11,(((((26) 25) 24) 14) 12) 11)+ 11,(((((((28,(30,31)~ 29)~ 27) 25) 24) 14) 12,(((((28,(30,31)~ 29)~ 27) 25) 24) 34) 32)~ 11,(((((26) 25) 24) 14) 12) 11)+ 11)+ 11,((((36,37)~ 35) 34) 32) 11)+ 11,((33) 32) 11)+ 11,(((((((((28,(30,31)~ 29)~ 27) 25) 24) 14) 12,(((((28,(31,30)~ 29)~ 27) 25) 24) 34) 32)~ 11,((33) 32) 11)+ 11,(((((((23,(21,22)~ 20)~ 19,((21,22)~ 20) 19)+ 19,(18,17)~ 16)~ 15,((17,18)~ 16) 15)+ 15) 14) 12) 11)+ 11,((13) 12) 11)+ 11)+ 11)~ 10)~ 8,(((((((((((((28,(31,30)~ 29)~ 27) 25) 24) 14) 12,(((((28,(31,30)~ 29)~ 27) 25) 24) 34) 32)~ 11,((((((28) 27) 25) 24) 14) 12,((((((30,31)~ 29) 27) 25) 24) 34) 32)~ 11)+ 11,(((((26) 25) 24) 14) 12) 11)+ 11,(((((23,(21) 20)~ 19) 15) 14) 12) 11)+ 11,((33) 32) 11)+ 11,((((((((28,(30,31)~ 29)~ 27) 25) 24) 14) 12,((((((31,30)~ 29,28)~ 27) 25) 24) 34) 32)~ 11,(((((26) 25) 24) 14) 12) 11)+ 11,((((37,36)~ 35) 34) 32) 11)+ 11)+ 11,(39,40)~ 38)~ 10,9)~ 8)+ 8)~ 6) 0
&t (((((7,(((40,39)~ 38) 10) 8)~ 6,(((((33) 32) 11) 10) 8) 6)+ 6,(((((((((((26) 25) 24) 14) 12) 11) 10,9)~ 8,((((((((28) 27) 25) 24) 14) 12,((((((31,30)~ 29) 27) 25) 24) 34) 32)~ 11) 10) 8)+ 8,((((((36,37)~ 35) 34) 32) 11) 10) 8)+ 8,(((((((17,18)~ 16) 15) 14) 12) 11) 10) 8)+ 8) 6)+ 6,((((((((((28,(30,31)~ 29)~ 27) 25) 24) 14) 12,(((((28,(30,31)~ 29)~ 27) 25) 24) 34) 32)~ 11,(((((26) 25) 24) 14) 12) 11)+ 11) 10) 8) 6)+ 6,((((4,5)~ 3,(5) 3)+ 3,(4) 3)+ 3,2)~ 1)~ 0
&t ((2,((5,(4,4)+ 4)~ 3,(5,4)~ 3)+ 3)~ 1,((((((40,39)~ 38) 10,9)~ 8,(((((((((((28,(30,31)~ 29)~ 27) 25) 24) 14) 12,(((((28,(30,31)~ 29)~ 27) 25) 24) 34) 32)~ 11,(((((26) 25) 24) 14) 12) 11)+ 11,((((37) 35) 34) 32) 11)+ 11,((33) 32) 11)+ 11) 10) 8)+ 8,(((((((((((28,(30,31)~ 29)~ 27) 25) 24) 14) 12,(((((28,(30,31)~ 29)~ 27) 25) 24) 34) 32)~ 11,(((((26) 25) 24) 14) 12) 11)+ 11,(((((17,18)~ 16,(23,(22,21)~ 20)~ 19)~ 15) 14) 12) 11)+ 11,((13) 12) 11)+ 11) 10) 8)+ 8) 6)~ 0
&t (((7,7)+ 7,(9,(((39,40)~ 38,(40) 38)+ 38,((((((((((28,(31,30)~ 29)~ 27) 25) 24) 14) 12,((((((30,31)~ 29) 27) 25) 24) 34) 32)~ 11,(((((26) 25) 24) 14) 12) 11)+ 11,((13) 12) 11)+ 11,(((((18,17)~ 16,(23,(22,21)~ 20)~ 19)~ 15) 14) 12) 11)+ 11,((((((26) 25) 24) 14) 12,(33) 32)~ 11,((((37,36)~ 35) 34) 32) 11)+ 11)+ 11)~ 10)~ 8)~ 6,((2,(5) 3)~ 1,((5,4)~ 3) 1)+ 1)~ 0
&t (((9) 8,7)~ 6,(2,((4,5)~ 3,(5,4)~ 3)+ 3)~ 1)~ 0
&t ((7,(9,(((((((((((((28,(31,30)~ 29)~ 27) 25) 24) 14) 12,(((((28,(31,30)~ 29)~ 27) 25) 24) 34) 32)~ 11,(((((26) 25) 24) 14) 12) 11)+ 11,((((((((28,(30,31)~ 29)~ 27) 25) 24) 14) 12,(((((28,(31,30)~ 29)~ 27) 25) 24) 34) 32)~ 11,(((((26) 25) 24) 14) 12,((((26) 25) 24) 34) 32)~ 11)+ 11,((((((21) 20) 19) 15) 14) 12) 11)+ 11)+ 11,(((((23) 19,(18,17)~ 16)~ 15) 14) 12) 11)+ 11,((13) 12) 11)+ 11,((((37,36)~ 35) 34) 32) 11)+ 11,(((((((28,(31,30)~ 29)~ 27) 25) 24) 14) 12,((((((31,30)~ 29,28)~ 27) 25) 24) 34) 32)~ 11,(((((26) 25) 24) 14) 12) 11)+ 11)+ 11) 10)~ 8)~ 6) 0
&t (((9,(((((((((((28) 27) 25) 24) 14) 12,((((((30,31)~ 29) 27) 25) 24) 34) 32)~ 11,(((((((30) 29) 27) 25) 24) 14) 12,(((((28,(31) 29)~ 27) 25) 24) 34) 32)~ 11)+ 11,((((36,37)~ 35) 34) 32) 11)+ 11,((33) 32) 11)+ 11,((13) 12) 11)+ 11,(39,40)~ 38)~ 10)~ 8) 6) 0
&t ((2,((5,4)~ 3,(5,4)~ 3)+ 3)~ 1,(((((7,(((39,40)~ 38) 10) 8)~ 6,((((((((((((28,(30,31)~ 29)~ 27) 25) 24) 14) 12,(((((28,(31,30)~ 29)~ 27) 25) 24) 34) 32)~ 11,(((((26) 25) 24) 14) 12,((((26) 25) 24) 34) 32)~ 11)+ 11,(((((23,(22,21)~ 20)~ 19,(18,17)~ 16)~ 15) 14) 12) 11)+ 11,(((((((((31,30)~ 29,28)~ 27) 25) 24) 14) 12,(((((28) 27) 25) 24) 34) 32)~ 11,(((((26) 25) 24) 14) 12) 11)+ 11,((33) 32) 11)+ 11)+ 11) 10) 8) 6)+ 6,(((((13) 12) 11) 10) 8) 6)+ 6,((((39,40)~ 38,(((((((((28,(31,30)~ 29)~ 27) 25) 24) 14) 12,(((((28,(30,31)~ 29)~ 27) 25) 24) 34) 32)~ 11,(((((26) 25) 24) 14) 12) 11)+ 11,((((37,36)~ 35) 34) 32) 11)+ 11,((33) 32) 11)+ 11)~ 10) 8) 6)+ 6,((((((((((28,(31,30)~ 29)~ 27) 25) 24) 14) 12,(((((28,(30,31)~ 29)~ 27) 25) 24) 34) 32)~ 11,(((((23,(21,22)~ 20)~ 19,(17,18)~ 16)~ 15) 14) 12) 11)+ 11) 10) 8) 6)+ 6)~ 0
&t ((((((39,40)~ 38,(((((((28,(30,31)~ 29)~ 27) 25) 24) 14) 12,(((((28,(30,31)~ 29)~ 27) 25) 24) 34) 32)~ 11,(((((26) 25) 24) 14) 12) 11)+ 11)~ 10,(((33) 32) 11) 10)+ 10) 8,7)~ 6,(2,((4,5)~ 3,((4,5)~ 3,(4,5)~ 3)+ 3)+ 3)~ 1)~ 0
&t (((9) 8,7)~ 6,((2,2)+ 2,((4,5)~ 3,(4) 3)+ 3)~ 1)~ 0
&t ((((7,((((40) 38,((33) 32) 11)~ 10,(((((((((((((28,(31,30)~ 29)~ 27) 25) 24) 14) 12,(((((28,(30,31)~ 29)~ 27) 25) 24) 34) 32)~ 11,(((((26) 25) 24) 14) 12) 11)+ 11,((13) 12) 11)+ 11,(((((18,17)~ 16) 15) 14) 12) 11)+ 11,(((((23) 19) 15) 14) 12) 11)+ 11,(((((23) 19) 15) 14) 12) 11)+ 11,((((((((28,(31,30)~ 29)~ 27) 25) 24) 14) 12,(((((28,(31,30)~ 29)~ 27) 25) 24) 34) 32)~ 11,(((((26) 25) 24) 14) 12) 11)+ 11,((((36,37)~ 35) 34) 32) 11)+ 11)+ 11) 10)+ 10) 8)~ 6,((((((((40,39)~ 38,(39,40)~ 38)+ 38,((((37,36)~ 35) 34) 32) 11)~ 10,((((((((28,(31,30)~ 29)~ 27) 25) 24) 14) 12,(((((28,(31,30)~ 29)~ 27) 25) 24) 34) 32)~ 11,(((((17,18)~ 16,(23,(21,22)~ 20)~ 19)~ 15) 14) 12) 11)+ 11) 10)+ 10,(((13) 12) 11) 10)+ 10,(((33) 32) 11) 10)+ 10) 8) 6)+ 6,((9) 8) 6)+ 6,(((5,4)~ 3,(4,5)~ 3)+ 3,2)~ 1)~ 0
&t ((7,(9,(((((13) 12,((((26,(28,(31,30)~ 29)~ 27)~ 25) 24) 34) 32)~ 11,(((((18) 16,(23,(22,21)~ 20)~ 19)~ 15) 14) 12) 11)+ 11,(39,40)~ 38)~ 10,(((((((((((28) 27) 25) 24) 14) 12,((((((31,30)~ 29) 27) 25) 24) 34) 32)~ 11,((((((((30,31)~ 29) 27) 25) 24) 14) 12,((((((31,30)~ 29) 27) 25) 24) 34) 32)~ 11,((((((28) 27) 25) 24) 14) 12) 11)+ 11)+ 11,(((((26) 25) 24) 14) 12) 11)+ 11,(((((37,36)~ 35,(36,(37,37)+ 37)~ 35)+ 35) 34) 32) 11)+ 11,((33) 32) 11)+ 11) 10)+ 10)~ 8)~ 6,(((5,4)~ 3,(4,5)~ 3)+ 3,2)~ 1)~ 0
&t (((((2,((5,4)~ 3,(5,4)~ 3)+ 3)~ 1,((2,((4,5)~ 3,(5,4)~ 3)+ 3)~ 1,(2) 1)+ 1)+ 1,(((2,((5,4)~ 3,(4) 3)+ 3)~ 1,((4,5)~ 3) 1)+ 1,((4,5)~ 3) 1)+ 1)+ 1,((((4,5)~ 3,(5,4)~ 3)+ 3,(2,2)+ 2)~ 1,(2,((5,4)~ 3,(4,5)~ 3)+ 3)~ 1)+ 1)+ 1,(((((((33) 32,((((17,18)~ 16,(23,(21,22)~ 20)~ 19)~ 15) 14) 12)~ 11,(((((((((31) 29) 27) 25) 24) 14) 12,(((((28,(30) 29)~ 27) 25) 24) 34) 32)~ 11,((((((28) 27) 25) 24) 14) 12,((((((30,31)~ 29) 27) 25) 24) 34) 32)~ 11)+ 11,(((((26) 25) 24) 14) 12) 11)+ 11)+ 11,(((((((31,30)~ 29,28)~ 27) 25) 24) 14) 12,(((((28,(30,31)~ 29)~ 27) 25) 24) 34) 32)~ 11)+ 11,(39,(40,40)+ 40)~ 38)~ 10) 8,7)~ 6)~ 0
&t ((7,(((((((33) 32) 11,(39,40)~ 38)~ 10,(((((((((((31,30)~ 29) 27) 25) 24) 14) 12,(((((28,(31,30)~ 29)~ 27) 25) 24) 34) 32)~ 11,((((((28) 27) 25) 24) 14) 12,((((((30,31)~ 29) 27) 25) 24) 34) 32)~ 11)+ 11,(((((26) 25) 24) 14) 12) 11)+ 11,((((37,36)~ 35) 34) 32) 11)+ 11) 10)+ 10,(((((((18,17)~ 16,(23,(22,21)~ 20)~ 19)~ 15,((18,17)~ 16,(23,(22,21)~ 20)~ 19)~ 15)+ 15) 14) 12) 11) 10)+ 10,(((((((((28,(30,31)~ 29)~ 27) 25) 24) 14) 12,(((((28,(31,30)~ 29)~ 27) 25) 24) 34) 32)~ 11,(((((26) 25) 24) 14) 12) 11)+ 11,((13) 12) 11)+ 11) 10)+ 10) 8)~ 6) 0
&t ((7,(((39,40)~ 38,((((((((((28,(31,30)~ 29)~ 27) 25) 24) 14) 12,(((((28,(31,30)~ 29)~ 27) 25) 24) 34) 32)~ 11,(((((26) 25) 24) 14) 12) 11)+ 11,((((37,36)~ 35) 34) 32) 11)+ 11,(((((((((28) 27) 25) 24) 14) 12,((((((30,31)~ 29) 27) 25) 24) 34) 32)~ 11,(((((((30,31)~ 29) 27) 25) 24) 14) 12,(((((28,(30,31)~ 29)~ 27) 25) 24) 34) 32)~ 11)+ 11,(((((26) 25) 24) 14) 12) 11)+ 11,((13,((((18,17)~ 16,(18,17)~ 16)+ 16,(23,(21,22)~ 20)~ 19)~ 15) 14)~ 12) 11)+ 11)+ 11,((33) 32) 11)+ 11)~ 10,(9,9)+ 9)~ 8)~ 6) 0
&t (((4) 3,2)~ 1,((((((40,39)~ 38,(((((((((28) 27) 25) 24) 14) 12,((((((30,31)~ 29) 27) 25) 24) 34) 32)~ 11,((((((28,(31,30)~ 29)~ 27) 25) 24) 14) 12,(((((28,(30,31)~ 29)~ 27) 25) 24) 34) 32)~ 11)+ 11,(((((26) 25) 24) 14) 12) 11)+ 11,((33) 32) 11)+ 11)~ 10,((((((((28,(31,30)~ 29)~ 27) 25) 24) 14) 12,(((((28,(31,30)~ 29)~ 27) 25) 24) 34) 32)~ 11,(((((18,17)~ 16,((21) 20,23)~ 19)~ 15) 14) 12) 11)+ 11) 10)+ 10,(((13) 12) 11) 10)+ 10) 8,7)~ 6)~ 0
&t (((2,((4,(5,5)+ 5)~ 3,(5,4)~ 3)+ 3)~ 1,((2,2)+ 2,((((4,5)~ 3,(5) 3)+ 3,(4) 3)+ 3,(4,5)~ 3)+ 3)~ 1)+ 1,(((7,7)+ 7,(((9,9)+ 9,9)+ 9) 8)~ 6,(7) 6)+ 6)~ 0
&t (((7,7)+ 7,((9,((((39,40)~ 38,(((((((((28,(31,30)~ 29)~ 27) 25) 24) 14) 12,(((((28,(30,31)~ 29)~ 27) 25) 24) 34) 32)~ 11,(((((26) 25) 24) 14) 12) 11)+ 11,((13) 12) 11)+ 11,(((((23,(21,22)~ 20)~ 19,(18,17)~ 16)~ 15) 14) 12) 11)+ 11)~ 10,(((33) 32) 11) 10)+ 10,((((((((((28) 27) 25) 24) 14) 12,((((((31,30)~ 29) 27) 25) 24) 34) 32)~ 11,((((((28,(31,30)~ 29)~ 27) 25) 24) 14) 12,(((((28,(31,30)~ 29)~ 27) 25) 24) 34) 32)~ 11)+ 11,(((((26) 25) 24) 14) 12,((((26) 25) 24) 34) 32)~ 11)+ 11,(((((37,36)~ 35,(36,37)~ 35)+ 35) 34) 32) 11)+ 11) 10)+ 10)~ 8,(9) 8)+ 8)~ 6,(((5,4)~ 3,(4,5)~ 3)+ 3) 1)~ 0
&t ((((4,5)~ 3,(5,4)~ 3)+ 3) 1,(((((((((((((28,(30,31)~ 29)~ 27) 25) 24) 14) 12,(((((28,(31,30)~ 29)~ 27) 25) 24) 34) 32)~ 11,(((((26) 25) 24) 14) 12) 11)+ 11,((33) 32) 11)+ 11,(((((((((((30) 29) 27) 25) 24) 14) 12,((((((31) 29,28)~ 27) 25) 24) 34) 32)~ 11,((((((28) 27) 25) 24) 14) 12,((((((31,30)~ 29) 27) 25) 24) 34) 32)~ 11)+ 11,(((((26) 25) 24) 14) 12) 11)+ 11,((13,(((17,18)~ 16) 15) 14)~ 12) 11)+ 11,((((((22,21)~ 20,23)~ 19) 15) 14) 12) 11)+ 11)+ 11,((((37,36)~ 35) 34) 32) 11)+ 11,(40) 38)~ 10,9)~ 8) 6)~ 0
&t (((7,7)+ 7,((((9,(((33) 32) 11) 10)~ 8,((((((((((((28,(30,31)~ 29)~ 27) 25) 24) 14) 12,(((((28,(30,31)~ 29)~ 27) 25) 24) 34) 32)~ 11,(((((26) 25) 24) 14) 12) 11)+ 11,((13) 12) 11)+ 11,(((((((28,(30,31)~ 29)~ 27,26)~ 25) 24) 14) 12,(((((28,(30,31)~ 29)~ 27) 25) 24) 34) 32)~ 11,((((37,36)~ 35) 34) 32) 11)+ 11)+ 11,(((((((((28,(30,31)~ 29)~ 27) 25) 24) 14) 12,(((((28,(30,31)~ 29)~ 27) 25) 24) 34) 32)~ 11,(((((26) 25) 24) 14) 12) 11)+ 11,(((((17,18)~ 16,((22,21)~ 20) 19)~ 15) 14) 12) 11)+ 11,((13) 12) 11)+ 11)+ 11) 10) 8)+ 8,((((33) 32) 11) 10) 8)+ 8,(((39,40)~ 38) 10) 8)+ 8)~ 6) 0
&t ((((7,(7,7)+ 7)+ 7,(((((((((((((((((31) 29) 27) 25) 24) 14) 12,((((((31) 29) 27) 25) 24) 34) 32)~ 11,(((((((30) 29) 27) 25) 24) 14) 12) 11)+ 11,((((((28) 27) 25) 24) 14) 12) 11)+ 11,((((((28) 27) 25) 24) 14) 12,((((((30,31)~ 29) 27) 25) 24) 34) 32)~ 11)+ 11,(((((26) 25) 24) 14) 12) 11)+ 11,(((((((22,21)~ 20) 19,(18,17)~ 16)~ 15,((23) 19) 15)+ 15) 14) 12) 11)+ 11,((13) 12) 11)+ 11,((33) 32) 11)+ 11,((((((((28,(31,30)~ 29)~ 27) 25) 24) 14) 12,(((((28,(30,31)~ 29)~ 27) 25) 24) 34) 32)~ 11,(((((26) 25) 24) 14) 12) 11)+ 11,((((37,36)~ 35) 34) 32) 11)+ 11)+ 11) 10) 8)~ 6,((9) 8) 6)+ 6,((((5,4)~ 3,(5) 3)+ 3,2)~ 1,(2,(((4,5)~ 3,(4,5)~ 3)+ 3,((4,5)~ 3,((4,5)~ 3,((5,4)~ 3,(4,5)~ 3)+ 3)+ 3)+ 3)+ 3)~ 1)+ 1)~ 0
&t (((9,(((((((26) 25) 24) 14) 12,(((37,36)~ 35) 34) 32)~ 11,(((((((((28,(30,31)~ 29)~ 27) 25) 24) 14) 12,(((((28,(31,30)~ 29)~ 27) 25) 24) 34) 32)~ 11,(((((26) 25) 24) 14) 12) 11)+ 11,(((((23,((22,21)~ 20,(22,21)~ 20)+ 20)~ 19,(18,17)~ 16)~ 15) 14) 12) 11)+ 11,((33) 32) 11)+ 11)+ 11,(((39,40)~ 38,(39,40)~ 38)+ 38,(39,40)~ 38)+ 38)~ 10)~ 8) 6) 0
&t (((9,((40,39)~ 38,(((((((((26) 25) 24) 14) 12,((((26) 25) 24) 34) 32)~ 11,((((((28,(30,31)~ 29)~ 27) 25) 24) 14) 12,(((((28,(31,30)~ 29)~ 27) 25) 24) 34) 32)~ 11)+ 11,(((((23,(21,22)~ 20)~ 19,(18,17)~ 16)~ 15) 14) 12) 11)+ 11,((13) 12) 11)+ 11,((((((((((28,(30,31)~ 29)~ 27) 25) 24) 14) 12,(((((28,(30,31)~ 29)~ 27) 25) 24) 34) 32)~ 11,(((((26) 25) 24) 14) 12) 11)+ 11,((((36,37)~ 35) 34) 32) 11)+ 11,((((((((28,(30,31)~ 29)~ 27) 25) 24) 14) 12,(((((28,(30,31)~ 29)~ 27) 25) 24) 34) 32)~ 11,(((((26) 25) 24) 14) 12) 11)+ 11,((((37,36)~ 35) 34) 32) 11)+ 11)+ 11,((33) 32) 11)+ 11)+ 11)~ 10)~ 8) 6) 0
&t ((7,(((((((((((((((((31) 29) 27) 25) 24) 14) 12,(((((28,(30) 29)~ 27) 25) 24) 34) 32)~ 11,((((((28) 27) 25) 24) 14) 12,((((((31,30)~ 29) 27) 25) 24) 34) 32)~ 11)+ 11,(((((26) 25) 24) 14) 12) 11)+ 11,((((((23) 19,(17,18)~ 16)~ 15,(((21,22)~ 20) 19) 15)+ 15) 14) 12) 11)+ 11,((13) 12) 11)+ 11,(((((((((28,(31,30)~ 29)~ 27) 25) 24) 14) 12,(((((28,(30,31)~ 29)~ 27) 25) 24) 34) 32)~ 11,(((((26) 25) 24) 14) 12) 11)+ 11,((((36,37)~ 35) 34) 32) 11)+ 11,(((33,33)+ 33) 32) 11)+ 11)+ 11,(40,39)~ 38)~ 10,(((((((((((28,(31,30)~ 29)~ 27) 25) 24) 14) 12,(((((28,(30,31)~ 29)~ 27) 25) 24) 34) 32)~ 11,(((((26) 25) 24) 14) 12) 11)+ 11,((((37,36)~ 35) 34) 32) 11)+ 11,((33) 32) 11)+ 11,((((((((((31) 29) 27) 25) 24) 14) 12,(((((28,(30) 29)~ 27) 25) 24) 34) 32)~ 11,((((((28) 27) 25) 24) 14) 12,((((((30,31)~ 29) 27) 25) 24) 34) 32)~ 11)+ 11,(((((26) 25) 24) 14) 12) 11)+ 11,((((((23) 19,(17,18)~ 16)~ 15,(((21,22)~ 20) 19) 15)+ 15) 14) 12) 11)+ 11)+ 11) 10)+ 10,((40,39)~ 38) 10)+ 10,(((((((((28,(30,31)~ 29)~ 27) 25) 24) 14) 12,(((((28,(30,31)~ 29)~ 27) 25) 24) 34) 32)~ 11,(((((26) 25) 24) 14) 12) 11)+ 11,(((((((((((28,(30,31)~ 29)~ 27) 25) 24) 14) 12,(((((28,(30,31)~ 29)~ 27) 25) 24) 34) 32)~ 11,(((((26) 25) 24) 14) 12) 11)+ 11,((((((17,18)~ 16,((22,21)~ 20) 19)~ 15,((23) 19) 15)+ 15) 14) 12) 11)+ 11,((13) 12) 11)+ 11,((((((((((28) 27) 25) 24) 14) 12,((((((31,30)~ 29) 27) 25) 24) 34) 32)~ 11,(((((((31) 29) 27) 25) 24) 14) 12,((((((30) 29,28)~ 27) 25) 24) 34) 32)~ 11)+ 11,(((((26) 25) 24) 14) 12) 11)+ 11,((((((28,(30,31)~ 29)~ 27) 25) 24) 14) 12,(((((28,(30,31)~ 29)~ 27) 25) 24) 34) 32)~ 11)+ 11,((((37,(36,36)+ 36)~ 35) 34) 32) 11)+ 11)+ 11,((33) 32) 11)+ 11)+ 11) 10)+ 10) 8)~ 6) 0
&t ((2,((4,5)~ 3,(5,4)~ 3)+ 3)~ 1,((7,(9) 8)~ 6,((((40,39)~ 38,(((((((((28) 27) 25) 24) 14) 12,((((((31,30)~ 29) 27) 25) 24) 34) 32)~ 11,((((((((31,30)~ 29) 27) 25) 24) 14) 12,((((((30,31)~ 29) 27) 25) 24) 34) 32)~ 11,((((((28) 27) 25) 24) 14) 12) 11)+ 11)+ 11,(((((26) 25) 24) 14) 12) 11)+ 11,(((((((((28,(30,31)~ 29)~ 27) 25) 24) 14) 12,(((((28,(30,31)~ 29)~ 27) 25) 24) 34) 32)~ 11,((((37,36)~ 35) 34) 32,((((18,(17,17)+ 17)~ 16,((21,22)~ 20,(23,23)+ 23)~ 19)~ 15) 14) 12)~ 11)+ 11,((33) 32,(13) 12)~ 11)+ 11,((((13) 12,(33) 32)~ 11,((((((((28,(30,31)~ 29)~ 27) 25) 24) 14) 12,(((((28,(31,30)~ 29)~ 27) 25) 24) 34) 32)~ 11,(((((26) 25) 24) 14) 12) 11)+ 11,(((((18,17)~ 16) 15) 14) 12) 11)+ 11)+ 11,((((((((28,(30,31)~ 29)~ 27) 25) 24) 14) 12,(((((28,(30,31)~ 29)~ 27) 25) 24) 34) 32)~ 11,(((((26) 25) 24) 14) 12) 11)+ 11,((((37,36)~ 35) 34) 32) 11)+ 11)+ 11)+ 11)+ 11)~ 10) 8) 6)+ 6)~ 0
&t (((7,7)+ 7,(((((9,((((((((((((31) 29) 27) 25) 24) 14) 12,(((((28,(30) 29)~ 27) 25) 24) 34) 32)~ 11,(((((((31) 29) 27) 25) 24) 14) 12,((((((30) 29) 27) 25) 24) 34) 32)~ 11)+ 11,((((((28) 27) 25) 24) 14) 12) 11)+ 11,(((((26) 25) 24) 14) 12) 11)+ 11,((13,(((18) 16,(23) 19)~ 15) 14)~ 12) 11)+ 11) 10)~ 8,((((((13,13)+ 13) 12,((((26) 25) 24) 34) 32)~ 11,(((((23) 19,(18,17)~ 16)~ 15) 14) 12) 11)+ 11) 10) 8)+ 8,((((((39,40)~ 38,(40) 38)+ 38,(39) 38)+ 38,(40) 38)+ 38) 10) 8)+ 8,((((33) 32) 11) 10) 8)+ 8,(((((((((((28,(31,30)~ 29)~ 27) 25) 24) 14) 12,(((((28,(30,31)~ 29)~ 27) 25) 24) 34) 32)~ 11,(((((26) 25) 24) 14) 12) 11)+ 11,((((37,36)~ 35) 34) 32) 11)+ 11,((((36,37)~ 35) 34) 32) 11)+ 11) 10) 8)+ 8)~ 6) 0
&t (((7,((((40,39)~ 38,((40,40)+ 40) 38)+ 38,((((((((((28,(31,30)~ 29)~ 27) 25) 24) 14) 12,(((((28,(31,30)~ 29)~ 27) 25) 24) 34) 32)~ 11,(((((26) 25) 24) 14) 12) 11)+ 11,((13) 12) 11)+ 11,(((((((28,(30,31)~ 29)~ 27) 25) 24) 14) 12,(((((28,(31,30)~ 29)~ 27) 25) 24) 34) 32)~ 11,(((((26) 25) 24) 14) 12) 11)+ 11)+ 11,((33) 32) 11)+ 11)~ 10) 8)~ 6,((9) 8) 6)+ 6,((((5,4)~ 3,(5,4)~ 3)+ 3,2)~ 1,(2,((5,4)~ 3,(4,5)~ 3)+ 3)~ 1)+ 1)~ 0
&t ((7,(((9,9)+ 9,(((((((((((((28) 27) 25) 24) 14) 12,((((((31,30)~ 29) 27) 25) 24) 34) 32)~ 11,((((((((30) 29) 27) 25) 24) 14) 12,((((((30) 29) 27) 25) 24) 34) 32)~ 11,(((((((31) 29) 27) 25) 24) 14) 12) 11)+ 11)+ 11,((((((28) 27) 25) 24) 14) 12) 11)+ 11,(((((26) 25) 24) 14) 12) 11)+ 11,(((((37,36)~ 35,(37,36)~ 35)+ 35) 34) 32) 11)+ 11,((((((((28,(31,30)~ 29)~ 27) 25) 24) 14) 12,(((((28,(31,30)~ 29)~ 27) 25) 24) 34) 32)~ 11,(((((26) 25) 24) 14) 12) 11)+ 11,(((((18,(17,17)+ 17)~ 16,(23,(21,22)~ 20)~ 19)~ 15) 14) 12) 11)+ 11)+ 11,((33) 32) 11)+ 11,(40,39)~ 38)~ 10)~ 8,(9) 8)+ 8)~ 6,(((5,4)~ 3,(5,4)~ 3)+ 3,2)~ 1)~ 0
&t ((7,((9,9)+ 9) 8)~ 6,((2,(5,4)~ 3)~ 1,((5,4)~ 3) 1)+ 1)~ 0
&t ((2,((5,4)~ 3,((5,4)~ 3,(5,4)~ 3)+ 3)+ 3)~ 1,(7,(((9,((((((((((((31) 29) 27) 25) 24) 14) 12,((((((30) 29) 27) 25) 24) 34) 32)~ 11,((((((28) 27) 25) 24) 14) 12,(((((28,(30,31)~ 29)~ 27) 25) 24) 34) 32)~ 11)+ 11,(((((26) 25) 24) 14) 12) 11)+ 11,(((((18,17)~ 16,(23,(21,22)~ 20)~ 19)~ 15) 14) 12) 11)+ 11,(((13,(13,13)+ 13)+ 13) 12) 11)+ 11) 10)~ 8,((((((((((28,(30,31)~ 29)~ 27) 25) 24) 14) 12,(((((28,(31,30)~ 29)~ 27) 25) 24) 34) 32)~ 11,(((((26) 25) 24) 14) 12) 11)+ 11,((((37,36)~ 35) 34) 32) 11)+ 11) 10) 8)+ 8,((((33) 32) 11) 10) 8)+ 8)~ 6)~ 0
&t ((2,((4,5)~ 3,(5,4)~ 3)+ 3)~ 1,((((((39,40)~ 38,(((((((((28,(31,30)~ 29)~ 27) 25) 24) 14) 12,(((((28,(30,31)~ 29)~ 27) 25) 24) 34) 32)~ 11,(((((26) 25) 24) 14) 12) 11)+ 11,((((36,37)~ 35) 34) 32) 11)+ 11,(((((18,17)~ 16,(23,(22,21)~ 20)~ 19)~ 15) 14) 12) 11)+ 11)~ 10,9)~ 8,(9) 8)+ 8,(9,((40,(39,39)+ 39)~ 38,((((((((((28) 27) 25) 24) 14) 12,((((((31,30)~ 29) 27) 25) 24) 34) 32)~ 11,(((((((28) 27) 25) 24) 14) 12,(((((28) 27) 25) 24) 34) 32)~ 11,(((((((30) 29) 27) 25) 24) 14) 12,((((((31) 29) 27) 25) 24) 34) 32)~ 11)+ 11)+ 11,((((((17,18)~ 16,(17,18)~ 16)+ 16,(23,(21,22)~ 20)~ 19)~ 15) 14) 12) 11)+ 11,(((13,13)+ 13) 12) 11)+ 11,((33,((37,36)~ 35) 34)~ 32) 11)+ 11)~ 10)~ 8)+ 8) 6)~ 0
&t ((((9) 8,7)~ 6,((((39,40)~ 38,((((((((((28,(30,31)~ 29)~ 27) 25) 24) 14) 12,(((((28,(30,31)~ 29)~ 27) 25) 24) 34) 32)~ 11,(((((26) 25) 24) 14) 12) 11)+ 11,(((((26) 25) 24) 14) 12) 11)+ 11,((((37,36)~ 35) 34) 32) 11)+ 11,(((((((((((28,(30,31)~ 29)~ 27) 25) 24) 14) 12,(((((28,(31,30)~ 29)~ 27) 25) 24) 34) 32)~ 11,((((((28) 27) 25) 24) 14) 12,((((((30,31)~ 29) 27) 25) 24) 34) 32)~ 11)+ 11,(((((26) 25) 24) 14) 12) 11)+ 11,((((((17,18)~ 16,(17,18)~ 16)+ 16,((22,21)~ 20) 19)~ 15) 14) 12) 11)+ 11,((13) 12) 11)+ 11,((33) 32) 11)+ 11)+ 11)~ 10) 8) 6)+ 6,(((5,4)~ 3,(4,5)~ 3)+ 3,2)~ 1)~ 0
&t ((2) 1,(7,((((((((((((((31) 29) 27) 25) 24) 14) 12,((((((30) 29) 27) 25) 24) 34) 32)~ 11,((((((((28) 27) 25) 24) 14) 12,(((((28) 27) 25) 24) 34) 32)~ 11,(((((((30) 29) 27) 25) 24) 14) 12,((((((31) 29) 27) 25) 24) 34) 32)~ 11)+ 11,((((((28) 27) 25) 24) 14) 12) 11)+ 11)+ 11,(((((26) 25) 24) 14) 12) 11)+ 11,(((((23,(((22,21)~ 20,(21,22)~ 20)+ 20,(21,22)~ 20)+ 20)~ 19) 15) 14) 12) 11)+ 11,((13) 12) 11)+ 11,((((((((28,(31,30)~ 29)~ 27) 25) 24) 14) 12,(((((28,(31,30)~ 29)~ 27) 25) 24) 34) 32)~ 11,(((((26) 25) 24) 14) 12) 11)+ 11,((((37,36)~ 35) 34,33)~ 32) 11)+ 11)+ 11,(39,40)~ 38)~ 10,9)~ 8)~ 6)~ 0
&t ((7,((9,(9,9)+ 9)+ 9,(((((((((((28,(31,30)~ 29)~ 27) 25) 24) 14) 12,(((((28,(31,30)~ 29)~ 27) 25) 24) 34) 32)~ 11,(((((26) 25) 24) 14) 12) 11)+ 11,(((((((22,21)~ 20) 19) 15) 14,13)~ 12) 11,(((((18,17)~ 16) 15) 14) 12) 11)+ 11)+ 11,(((((23) 19) 15) 14) 12) 11)+ 11,(40,39)~ 38)~ 10,(((((((((28,(31,30)~ 29)~ 27) 25) 24) 14) 12,(((((28,(30,31)~ 29)~ 27) 25) 24) 34) 32)~ 11,(((((26) 25) 24) 14) 12) 11)+ 11,((((37,(36,36)+ 36)~ 35) 34) 32) 11)+ 11) 10)+ 10)~ 8)~ 6) 0
&t ((2) 1,(7,(((((39,40)~ 38,((((((((((28,(30) 29)~ 27) 25) 24) 14) 12,(((((28,(31,30)~ 29)~ 27) 25) 24) 34) 32)~ 11,(((((26) 25) 24) 14) 12) 11)+ 11,((((((23) 19,(17,(18,18)+ 18)~ 16)~ 15,((23,(21,22)~ 20)~ 19) 15)+ 15) 14) 12) 11)+ 11,((13) 12) 11)+ 11,((33) 32) 11)+ 11)~ 10,(((((36,37)~ 35) 34) 32) 11) 10)+ 10,((((((((28,(31,30)~ 29)~ 27) 25) 24) 14) 12,((((((30) 29,28)~ 27) 25) 24) 34) 32)~ 11,(((((26) 25) 24) 14) 12) 11)+ 11) 10)+ 10) 8)~ 6)~ 0
&t ((7,(((((((((((((28,(31,30)~ 29)~ 27) 25) 24) 14) 12,(((((28,(31,30)~ 29)~ 27) 25) 24) 34) 32)~ 11,(((((26) 25) 24) 14) 12) 11)+ 11,(((((37,(36,(36,36)+ 36)+ 36)~ 35,(36) 35)+ 35) 34) 32) 11)+ 11,((33) 32) 11)+ 11,((((((((((30) 29,28)~ 27) 25) 24) 14) 12,(((((28,(31,30)~ 29)~ 27) 25) 24) 34) 32)~ 11,(((((26) 25) 24) 14) 12) 11)+ 11,(((((23,((21,22)~ 20,(22) 20)+ 20)~ 19,(18,17)~ 16)~ 15) 14) 12) 11)+ 11,((13) 12) 11)+ 11)+ 11) 10,9)~ 8,(((39,40)~ 38) 10) 8)+ 8)~ 6) 0
&t ((((4,5)~ 3,((4,4)+ 4,5)~ 3)+ 3,2)~ 1,(((((39,40)~ 38) 10) 8,(7,7)+ 7)~ 6,(((9,9)+ 9,((((((((((28,(30,31)~ 29)~ 27) 25) 24) 14) 12,(((((28,(30,31)~ 29)~ 27) 25) 24) 34) 32)~ 11,(((((26) 25) 24) 14) 12) 11)+ 11,((((((22,21)~ 20) 19,(17,18)~ 16)~ 15) 14) 12) 11)+ 11,((((37) 35) 34,33)~ 32) 11)+ 11) 10)~ 8) 6)+ 6)~ 0
&t ((7,((((((((((((28,(31,30)~ 29)~ 27) 25) 24) 14) 12,(((((28,(31,30)~ 29)~ 27) 25) 24) 34) 32)~ 11,(((((26) 25) 24) 14) 12) 11)+ 11,(((((17,18)~ 16,(23,(21,22)~ 20)~ 19)~ 15) 14) 12) 11)+ 11,((13) 12) 11)+ 11,(((((((((28,(30,31)~ 29)~ 27) 25) 24) 14) 12,(((((28,(30,31)~ 29)~ 27) 25) 24) 34) 32)~ 11,(((((26) 25) 24) 14) 12) 11)+ 11,((((37,36)~ 35) 34) 32) 11)+ 11,((33) 32) 11)+ 11)+ 11,(39,40)~ 38)~ 10) 8)~ 6,(((5,4)~ 3,(5,4)~ 3)+ 3) 1)~ 0
&t ((((4,5)~ 3,(4,5)~ 3)+ 3,2)~ 1,((9,(((39,40)~ 38,(39,40)~ 38)+ 38,((((((((((28) 27) 25) 24) 14) 12,(((((28,(30,31)~ 29)~ 27) 25) 24) 34) 32)~ 11,(((((26) 25) 24) 14) 12) 11)+ 11,(((((17,18)~ 16) 15) 14) 12) 11)+ 11,((13) 12) 11)+ 11,(((((((((28,(30,31)~ 29)~ 27) 25) 24) 14) 12,(((((28,(30,31)~ 29)~ 27) 25) 24) 34) 32)~ 11,(((((26) 25) 24) 14) 12) 11)+ 11,((((37,36)~ 35) 34) 32) 11)+ 11,((33) 32) 11)+ 11)+ 11)~ 10)~ 8) 6)~ 0
&t ((2,((5,(4,4)+ 4)~ 3,(5,4)~ 3)+ 3)~ 1,((7,7)+ 7,(9,((39,40)~ 38,(((((((((((((31) 29) 27) 25) 24) 14) 12,((((((30) 29,28)~ 27) 25) 24) 34) 32)~ 11,((((((28) 27) 25) 24) 14) 12,((((((30,31)~ 29) 27) 25) 24) 34) 32)~ 11)+ 11,(((((26) 25) 24) 14) 12) 11)+ 11,(((((17,(18,18)+ 18)~ 16,(23,(22,21)~ 20)~ 19)~ 15) 14) 12) 11)+ 11,((13) 12) 11)+ 11,((33) 32,((((26) 25) 24) 14) 12)~ 11)+ 11,((((36,(37,37)+ 37)~ 35) 34) 32) 11)+ 11)~ 10)~ 8)~ 6)~ 0
&t ((7,((9,9)+ 9,((((((39,40)~ 38,(((((23,(22,21)~ 20)~ 19,(17,18)~ 16)~ 15) 14) 12) 11)~ 10,((((((26) 25) 24) 14) 12) 11) 10)+ 10,(((((((28,(31,30)~ 29)~ 27) 25) 24) 14) 12,(((((28,(30,31)~ 29)~ 27) 25) 24) 34) 32)~ 11) 10)+ 10,(((33) 32) 11) 10)+ 10,(((((((((28,(30,31)~ 29)~ 27) 25) 24) 14) 12,(((((28,(31,30)~ 29)~ 27) 25) 24) 34) 32)~ 11,(((((26) 25) 24) 14) 12) 11)+ 11,((((36,37)~ 35) 34) 32) 11)+ 11) 10)+ 10)~ 8)~ 6,((2,(5,4)~ 3)~ 1,(((((4,5)~ 3,(5,4)~ 3)+ 3,(5) 3)+ 3,(4) 3)+ 3) 1)+ 1)~ 0
&t (((7,(((((((39,40)~ 38,((39,40)~ 38,(40,39)~ 38)+ 38)+ 38) 10,9)~ 8,((((((37,36)~ 35) 34) 32) 11) 10) 8)+ 8,(((((((((23,(21,22)~ 20)~ 19) 15) 14) 12,((((26,(28,(30,31)~ 29)~ 27)~ 25) 24) 34) 32)~ 11,((13) 12) 11)+ 11,(((((17,18)~ 16,(23,(21,22)~ 20)~ 19)~ 15) 14) 12) 11)+ 11) 10) 8)+ 8,((((33) 32) 11) 10) 8)+ 8)~ 6,(((((((((((((30,31)~ 29) 27) 25) 24) 14) 12,((((((31) 29) 27) 25) 24) 34) 32)~ 11,(((((((30) 29) 27) 25) 24) 14) 12) 11)+ 11,((((((28) 27) 25) 24) 14) 12,((((((31,30)~ 29) 27) 25) 24) 34) 32)~ 11)+ 11,(((((26) 25) 24) 14) 12) 11)+ 11) 10) 8) 6)+ 6,((((4,5)~ 3,(5,4)~ 3)+ 3,(4,5)~ 3)+ 3,2)~ 1)~ 0
&t (((((((((((((28,(31,30)~ 29)~ 27) 25) 24) 14) 12,(((((28,(31,30)~ 29)~ 27) 25) 24) 34) 32)~ 11,(((((26) 25) 24) 14) 12) 11)+ 11) 10) 8,7)~ 6,((((((((((26) 25) 24) 14) 12,((((26) 25) 24) 34) 32)~ 11,((((((28,(31,30)~ 29)~ 27) 25) 24) 14) 12,(((((28,(31,30)~ 29)~ 27) 25) 24) 34) 32)~ 11)+ 11,((13,(((18,17)~ 16,((22,21)~ 20,(23,23)+ 23)~ 19)~ 15) 14)~ 12) 11)+ 11) 10) 8) 6)+ 6,((((40,39)~ 38) 10) 8) 6)+ 6,(((5,(4,4)+ 4)~ 3,(5,4)~ 3)+ 3,2)~ 1)~ 0
&t ((((2,((4,5)~ 3,(5) 3)+ 3)~ 1,(2) 1)+ 1,(((4,5)~ 3,(4,5)~ 3)+ 3) 1)+ 1,((((((((37,37)+ 37,36)~ 35) 34,33)~ 32) 11,(40,39)~ 38)~ 10) 8) 6)~ 0
&t ((7) 6,(2,((5,4)~ 3,(4,5)~ 3)+ 3)~ 1)~ 0
&t ((7,(((40,39)~ 38,((((((((((28) 27) 25) 24) 14) 12,(((((28) 27) 25) 24) 34) 32)~ 11,(((((((31) 29) 27) 25) 24) 14) 12,((((((30) 29) 27) 25) 24) 34) 32)~ 11)+ 11,((((((28,(30,31)~ 29)~ 27) 25) 24) 14) 12,(((((28,(30,31)~ 29)~ 27) 25) 24) 34) 32)~ 11)+ 11,(((((26) 25) 24) 14) 12) 11)+ 11,((((36,37)~ 35) 34) 32) 11)+ 11)~ 10) 8)~ 6,((((4,5)~ 3,(5) 3)+ 3,2)~ 1,(2,((4,5)~ 3,(4,5)~ 3)+ 3)~ 1)+ 1)~ 0
&t (((2,((5,4)~ 3,(5,4)~ 3)+ 3)~ 1,((2,((5,4)~ 3,(4,5)~ 3)+ 3)~ 1,((2,((4,5)~ 3,(5,4)~ 3)+ 3)~ 1,(2,((4,(5,5)+ 5)~ 3,(4) 3)+ 3)~ 1)+ 1)+ 1)+ 1,((((39,40)~ 38,(((((((((28,(30,31)~ 29)~ 27) 25) 24) 14) 12,(((((28,(30,31)~ 29)~ 27) 25) 24) 34) 32)~ 11,(((((26) 25) 24) 14) 12) 11)+ 11,((((37,36)~ 35) 34) 32) 11)+ 11,((((((((((28) 27) 25) 24) 14) 12,((((((30,31)~ 29) 27) 25) 24) 34) 32)~ 11,((((((28,(30,31)~ 29)~ 27) 25) 24) 14) 12,(((((28,(30,31)~ 29)~ 27) 25) 24) 34) 32)~ 11)+ 11,(((((26) 25) 24) 14) 12) 11)+ 11,(((13,(13,13)+ 13)+ 13) 12) 11)+ 11,(((33,(33,(33,33)+ 33)+ 33)+ 33) 32) 11)+ 11)+ 11)~ 10) 8,(7,7)+ 7)~ 6)~ 0
&t ((((4,5)~ 3,(4,5)~ 3)+ 3,2)~ 1,(7) 6)~ 0
&t ((2,((5,4)~ 3,(4,5)~ 3)+ 3)~ 1,((((((((((((((28,(30,31)~ 29)~ 27) 25) 24) 14) 12,(((((28,(30,31)~ 29)~ 27) 25) 24) 34) 32)~ 11,(((((26) 25) 24) 14) 12) 11)+ 11,((((36,37)~ 35) 34) 32) 11)+ 11,((33) 32) 11)+ 11,((33) 32) 11)+ 11,(40,39)~ 38)~ 10) 8,(7,7)+ 7)~ 6,((9) 8) 6)+ 6)~ 0
&t ((((4,5)~ 3,(4,5)~ 3)+ 3,2)~ 1,(7,((((39,40)~ 38) 10,9)~ 8,(((((((((((28,(30,31)~ 29)~ 27) 25) 24) 14) 12,(((((28,(30,31)~ 29)~ 27) 25) 24) 34) 32)~ 11,(((((((28,(30,31)~ 29)~ 27) 25) 24) 14) 12,(((((28,(30,31)~ 29)~ 27) 25) 24) 34) 32)~ 11,(((((26) 25) 24) 14) 12) 11)+ 11)+ 11,(((((((22,21)~ 20,(22,21)~ 20)+ 20,23)~ 19,((17,18)~ 16,(18) 16)+ 16)~ 15) 14) 12) 11)+ 11,((((((((((28,(30,31)~ 29)~ 27) 25) 24) 14) 12,(((((28,(30,31)~ 29)~ 27) 25) 24) 34) 32)~ 11,(((((26) 25) 24) 14) 12) 11)+ 11,((((37,36)~ 35) 34) 32) 11)+ 11,(((33,33)+ 33) 32) 11)+ 11,((13) 12) 11)+ 11)+ 11) 10) 8)+ 8)~ 6)~ 0
&t ((2,((5,4)~ 3,(5,4)~ 3)+ 3)~ 1,((((7,7)+ 7,7)+ 7,(9,((((40,39)~ 38,((((((26) 25) 24) 14) 12,((((26) 25) 24) 34) 32)~ 11,((((((28) 27) 25) 24) 14) 12,((((((30,31)~ 29) 27) 25) 24) 34) 32)~ 11)+ 11)~ 10,(((33) 32) 11) 10)+ 10,(((((36,37)~ 35) 34) 32) 11) 10)+ 10)~ 8)~ 6,((((39,40)~ 38,(((((((((((28,(30,31)~ 29)~ 27) 25) 24) 14) 12,(((((28,(31,30)~ 29)~ 27) 25) 24) 34) 32)~ 11,(((((26) 25) 24) 14) 12) 11)+ 11,((13) 12) 11)+ 11,(((((18) 16,(23,(22,21)~ 20)~ 19)~ 15) 14) 12) 11)+ 11,((33,((37,36)~ 35) 34)~ 32) 11)+ 11,(((((26) 25) 24) 14) 12,(((((28,(31,30)~ 29)~ 27) 25) 24) 34) 32)~ 11)+ 11)~ 10) 8) 6)+ 6)~ 0
&t ((7,((9,(9,9)+ 9)+ 9,((40,39)~ 38,((((((((((28,(30,31)~ 29)~ 27) 25) 24) 14) 12,(((((28,(30,31)~ 29)~ 27) 25) 24) 34) 32)~ 11,(((((26) 25) 24) 14) 12) 11)+ 11,((((36,37)~ 35) 34) 32) 11)+ 11,((33) 32) 11)+ 11,(((((((28,(31,30)~ 29)~ 27) 25) 24) 14) 12,(((((28,(30,31)~ 29)~ 27) 25) 24) 34) 32)~ 11,((13,((((17,18)~ 16,((21,22)~ 20) 19)~ 15,((23) 19) 15)+ 15) 14)~ 12) 11)+ 11)+ 11)~ 10)~ 8)~ 6,(((2,2)+ 2,((4,5)~ 3,(5) 3)+ 3)~ 1,(2,(((4,5)~ 3,(5) 3)+ 3,(5,4)~ 3)+ 3)~ 1)+ 1)~ 0
&t ((7,(9,(((39,40)~ 38,((33) 32) 11)~ 10,((((((((((((31) 29) 27) 25) 24) 14) 12,((((((30) 29) 27) 25) 24) 34) 32)~ 11,((((((28) 27) 25) 24) 14) 12,(((((28) 27) 25) 24) 34) 32)~ 11)+ 11,((((((28) 27) 25) 24) 14) 12) 11)+ 11,(((((26) 25) 24) 14) 12) 11)+ 11,(((((23) 19,((18,18)+ 18) 16)~ 15) 14) 12) 11)+ 11) 10)+ 10)~ 8)~ 6) 0
&t ((2,(4,5)~ 3)~ 1,(((((((((((((((28,(31,30)~ 29)~ 27) 25) 24) 14) 12,(((((28,(30,31)~ 29)~ 27) 25) 24) 34) 32)~ 11,(((((((28) 27) 25) 24) 14) 12,((((((31,30)~ 29) 27) 25) 24) 34) 32)~ 11,(((((((28) 27) 25) 24) 14) 12,((((((30,31)~ 29) 27) 25) 24) 34) 32)~ 11,(((((((((30) 29) 27) 25) 24) 14) 12,((((((30) 29) 27) 25) 24) 34) 32)~ 11,(((((((31) 29) 27) 25) 24) 14) 12) 11)+ 11,((((((28) 27) 25) 24) 14) 12) 11)+ 11)+ 11)+ 11)+ 11,(((((26) 25) 24) 14) 12) 11)+ 11,(((((18,17)~ 16,(23,(22,(21,21)+ 21)~ 20)~ 19)~ 15) 14) 12) 11)+ 11,((13) 12) 11)+ 11,(((((26) 25) 24) 14) 12,(((37,(36,36)+ 36)~ 35) 34) 32)~ 11)+ 11,(((33,33)+ 33) 32) 11)+ 11) 10) 8) 6)~ 0
&t ((2,((5,4)~ 3,(4,5)~ 3)+ 3)~ 1,(((((39,40)~ 38,((((37,36)~ 35) 34) 32) 11)~ 10,(((39,40)~ 38,(((((((28,(30,31)~ 29)~ 27) 25) 24) 14) 12,(((((28,(30,31)~ 29)~ 27) 25) 24) 34) 32)~ 11,(((((26) 25) 24) 14) 12) 11)+ 11)~ 10,((((((((((((28,(31,30)~ 29)~ 27) 25) 24) 14) 12,(((((28,(30,31)~ 29)~ 27) 25) 24) 34) 32)~ 11,((((((28) 27) 25) 24) 14) 12,((((((31,30)~ 29) 27) 25) 24) 34) 32)~ 11)+ 11,(((((26) 25) 24) 14) 12) 11)+ 11,((13) 12) 11)+ 11,(((((17,18)~ 16,(23,(22,21)~ 20)~ 19)~ 15) 14) 12) 11)+ 11,((33) 32) 11)+ 11) 10)+ 10)+ 10) 8,7)~ 6)~ 0
&t ((7,((((40,39)~ 38,(39,40)~ 38)+ 38,((((((((((28,(31,30)~ 29)~ 27) 25) 24) 14) 12,(((((28,(30,31)~ 29)~ 27) 25) 24) 34) 32)~ 11,(((((26) 25) 24) 14) 12) 11)+ 11,(((((17,18)~ 16,(23,((22,21)~ 20,(21,22)~ 20)+ 20)~ 19)~ 15) 14) 12) 11)+ 11,((13) 12) 11)+ 11,(((((((28,(30,31)~ 29)~ 27) 25) 24) 14) 12,((((((30) 29,28)~ 27) 25) 24) 34) 32)~ 11,((((36,37)~ 35) 34,((33,(33,33)+ 33)+ 33,33)+ 33)~ 32) 11)+ 11)+ 11)~ 10) 8)~ 6) 0
&t ((7,(9,((39) 38,((((((((28,(31,30)~ 29)~ 27) 25) 24) 14) 12,(((((28,(31,30)~ 29)~ 27) 25) 24) 34) 32)~ 11,(((((26) 25) 24) 14) 12) 11)+ 11,((33,((37,36)~ 35) 34)~ 32) 11)+ 11)~ 10)~ 8)~ 6,(((((5,4)~ 3,(5) 3)+ 3,(4) 3)+ 3,((5,4)~ 3,(4,5)~ 3)+ 3)+ 3,(2,2)+ 2)~ 1)~ 0
&t ((7,(((((9,9)+ 9,((40,39)~ 38) 10)~ 8,(((((((((((28,(31,30)~ 29)~ 27) 25) 24) 14) 12,(((((28,(30,31)~ 29)~ 27) 25) 24) 34) 32)~ 11,(((((26) 25) 24) 14) 12) 11)+ 11,(((((23,(21,(22,22)+ 22)~ 20)~ 19,(17,18)~ 16)~ 15) 14) 12) 11)+ 11,((13) 12) 11)+ 11) 10) 8)+ 8,((((33) 32) 11) 10) 8)+ 8,(((((((((((((31) 29) 27) 25) 24) 14) 12,((((((30) 29) 27) 25) 24) 34) 32)~ 11,((((((28) 27) 25) 24) 14) 12,(((((28,(30,31)~ 29)~ 27) 25) 24) 34) 32)~ 11)+ 11,(((((26) 25) 24) 14) 12) 11)+ 11,((((36) 35) 34) 32) 11)+ 11,((((37) 35) 34) 32) 11)+ 11) 10) 8)+ 8)~ 6) 0
&t ((7,(((40,39)~ 38,((((((((((((28,(30,31)~ 29)~ 27) 25) 24) 14) 12,(((((28,(30,31)~ 29)~ 27) 25) 24) 34) 32)~ 11,(((((26) 25) 24) 14) 12) 11)+ 11,(((((18,17)~ 16,(23,((21,22)~ 20,(22,21)~ 20)+ 20)~ 19)~ 15) 14) 12) 11)+ 11,(((((18,17)~ 16,(23,(21,22)~ 20)~ 19)~ 15) 14) 12) 11)+ 11,((13) 12) 11)+ 11,((((((36,37)~ 35,(36) 35)+ 35,(37) 35)+ 35) 34,(33,33)+ 33)~ 32) 11)+ 11,(((((((((((30,31)~ 29) 27) 25) 24) 14) 12,((((((30,31)~ 29) 27) 25) 24) 34) 32)~ 11,((((((28) 27) 25) 24) 14) 12) 11)+ 11,((((((28) 27) 25) 24) 14) 12) 11)+ 11,((((((28) 27) 25) 24) 14) 12,((((((31,30)~ 29) 27) 25) 24) 34) 32)~ 11)+ 11,(((((26) 25) 24) 14) 12) 11)+ 11)+ 11)~ 10) 8)~ 6,(((5,4)~ 3,((4,4)+ 4,5)~ 3)+ 3,2)~ 1)~ 0
&t ((7,(9,(((((((((28,(31,30)~ 29)~ 27) 25) 24) 14) 12,(((((28,(31,30)~ 29)~ 27) 25) 24) 34) 32)~ 11,(((((26) 25) 24) 14) 12) 11)+ 11,((((((((((28,(30,31)~ 29)~ 27) 25) 24) 14) 12,(((((28,(30) 29)~ 27) 25) 24) 34) 32)~ 11,(((((26) 25) 24) 14) 12) 11)+ 11,((((36,37)~ 35) 34) 32) 11)+ 11,((13) 12) 11)+ 11,(((33,33)+ 33) 32) 11)+ 11)+ 11) 10)~ 8)~ 6,(((4,5)~ 3,(5,4)~ 3)+ 3,(2,2)+ 2)~ 1)~ 0
&t ((2) 1,((9,((39,40)~ 38,((((((((((((28,(30,31)~ 29)~ 27) 25) 24) 14) 12,(((((28,(31,30)~ 29)~ 27) 25) 24) 34) 32)~ 11,(((((26) 25) 24) 14) 12) 11)+ 11,((((36,37)~ 35) 34) 32) 11)+ 11,((33) 32) 11)+ 11,((13) 12,(((36,37)~ 35) 34) 32)~ 11)+ 11,((((((((((28) 27) 25) 24) 14) 12,((((((31,30)~ 29) 27) 25) 24) 34) 32)~ 11,(((((((31) 29) 27) 25) 24) 14) 12,((((((30) 29,28)~ 27) 25) 24) 34) 32)~ 11)+ 11,((((((22,21)~ 20,(23,23)+ 23)~ 19) 15) 14) 12) 11)+ 11,(((((17,18)~ 16) 15) 14) 12) 11)+ 11,(((((((28,(30,31)~ 29)~ 27) 25) 24) 14) 12,(((((28,(30,31)~ 29)~ 27) 25) 24) 34) 32)~ 11,(((((26) 25) 24) 14) 12) 11)+ 11)+ 11)+ 11,((33) 32) 11)+ 11)~ 10)~ 8) 6)~ 0
&t ((7,((((9,(((((((((((28) 27) 25) 24) 14) 12,(((((28,(30,31)~ 29)~ 27) 25) 24) 34) 32)~ 11,(((((((30) 29) 27) 25) 24) 14) 12,((((((31) 29) 27) 25) 24) 34) 32)~ 11)+ 11,(((((26) 25) 24) 14) 12) 11)+ 11,((13) 12) 11)+ 11,(((((17) 16,((23,23)+ 23) 19)~ 15) 14) 12) 11)+ 11) 10)~ 8,((((33) 32) 11) 10) 8)+ 8,(((((((((((((31,30)~ 29) 27) 25) 24) 14) 12,(((((28,(31,30)~ 29)~ 27) 25) 24) 34) 32)~ 11,((((((28) 27) 25) 24) 14) 12) 11)+ 11,((((((28) 27) 25) 24) 14) 12) 11)+ 11,((((36,37)~ 35) 34) 32) 11)+ 11,(((((((((30,31)~ 29) 27) 25) 24) 14) 12,(((((28,(31,30)~ 29)~ 27) 25) 24) 34) 32)~ 11,(((((26) 25) 24) 14) 12) 11)+ 11,(((((36,37)~ 35,(36) 35)+ 35) 34) 32) 11)+ 11)+ 11) 10) 8)+ 8,(((39,40)~ 38) 10) 8)+ 8)~ 6,(((((5,4)~ 3,(4,5)~ 3)+ 3,(4,5)~ 3)+ 3,2)~ 1,(2,((4,5)~ 3,(4,5)~ 3)+ 3)~ 1)+ 1)~ 0
&t ((((4,5)~ 3,(5,4)~ 3)+ 3) 1,((((9,9)+ 9,((((40,39)~ 38,(39) 38)+ 38,(40) 38)+ 38) 10)~ 8,((((((((((((((28,(31,30)~ 29)~ 27) 25) 24) 14) 12,(((((28,(31,30)~ 29)~ 27) 25) 24) 34) 32)~ 11,((((((28,(31,30)~ 29)~ 27) 25) 24) 14) 12,(((((28,(30,31)~ 29)~ 27) 25) 24) 34) 32)~ 11)+ 11,(((((26) 25) 24) 14) 12) 11)+ 11,((((((21,22)~ 20) 19,(17,18)~ 16)~ 15) 14) 12) 11)+ 11,((13) 12) 11)+ 11,((33) 32) 11)+ 11,(((((((((28,(31,30)~ 29)~ 27) 25) 24) 14) 12,(((((28,(30,31)~ 29)~ 27) 25) 24) 34) 32)~ 11,(((((26) 25) 24) 14) 12) 11)+ 11,(((((26) 25) 24) 14) 12,(((((28,(30,31)~ 29)~ 27) 25) 24) 34) 32)~ 11)+ 11,((((36,37)~ 35) 34) 32) 11)+ 11)+ 11) 10) 8)+ 8) 6)~ 0
&t (((9) 8) 6,((2,((5,4)~ 3,(5,4)~ 3)+ 3)~ 1,((2,((5,4)~ 3,(4,5)~ 3)+ 3)~ 1,(2,((5,4)~ 3,(4,5)~ 3)+ 3)~ 1)+ 1)+ 1)~ 0
&t ((((7,7)+ 7,((((40,39)~ 38,((((((((((((((31) 29) 27) 25) 24) 14) 12,((((((30) 29) 27) 25) 24) 34) 32)~ 11,((((((28) 27) 25) 24) 14) 12,(((((28) 27) 25) 24) 34) 32)~ 11)+ 11,((((((28) 27) 25) 24) 14) 12,((((((31,30)~ 29) 27) 25) 24) 34) 32)~ 11)+ 11,(((((((28,(30,31)~ 29)~ 27) 25) 24) 14) 12,(((((28,(30,31)~ 29)~ 27) 25) 24) 34) 32)~ 11,(((((26) 25) 24) 14) 12) 11)+ 11)+ 11,(((((18,17)~ 16,(23,(22,21)~ 20)~ 19)~ 15) 14) 12) 11)+ 11,((13) 12) 11)+ 11,((((((((28,(31,30)~ 29)~ 27) 25) 24) 14) 12,(((((28,(31,30)~ 29)~ 27) 25) 24) 34) 32)~ 11,(((((26) 25) 24) 14) 12) 11)+ 11,((((37) 35) 34) 32) 11)+ 11)+ 11,((33) 32) 11)+ 11)~ 10,(((((((((28,(31,30)~ 29)~ 27) 25) 24) 14) 12,(((((28,(30,31)~ 29)~ 27) 25) 24) 34) 32)~ 11,(((((26) 25) 24) 14) 12) 11)+ 11,(((((((((((((31) 29) 27) 25) 24) 14) 12,((((((30,31)~ 29) 27) 25) 24) 34) 32)~ 11,((((((28) 27) 25) 24) 14) 12) 11)+ 11,((((((28) 27) 25) 24) 14) 12,((((((30) 29) 27) 25) 24) 34) 32)~ 11)+ 11,((((((28,(31,30)~ 29)~ 27) 25) 24) 14) 12,(((((28,(31,30)~ 29)~ 27) 25) 24) 34) 32)~ 11)+ 11,(((((26) 25) 24) 14) 12) 11)+ 11,(((((17,18)~ 16,(23,(21,22)~ 20)~ 19)~ 15) 14) 12) 11)+ 11,((13) 12) 11)+ 11)+ 11,((40,39)~ 38,(39,40)~ 38)+ 38)~ 10)+ 10) 8)~ 6,(((9,(((((((((((28,(31,30)~ 29)~ 27) 25) 24) 14) 12,(((((28,(30,31)~ 29)~ 27) 25) 24) 34) 32)~ 11,(((((26) 25) 24) 14) 12) 11)+ 11,(((((18,17)~ 16,(23,(21) 20)~ 19)~ 15) 14) 12) 11)+ 11,((13) 12) 11)+ 11,(((((((28,(30,31)~ 29)~ 27) 25) 24) 14) 12,(((37,36)~ 35) 34) 32)~ 11,((33) 32) 11)+ 11)+ 11) 10)~ 8,(9) 8)+ 8) 6)+ 6,(((4,5)~ 3,(5,4)~ 3)+ 3) 1)~ 0
&t (((9) 8,7)~ 6,((2,(4,5)~ 3)~ 1,((5,4)~ 3) 1)+ 1)~ 0
&t ((((2,2)+ 2,((4,5)~ 3,(4) 3)+ 3)~ 1,(((2,2)+ 2,((5,4)~ 3,(5) 3)+ 3)~ 1,((4) 3) 1)+ 1)+ 1,(((9,9)+ 9,((((((((((((28,(30,31)~ 29)~ 27) 25) 24) 14) 12,(((((28,(30,31)~ 29)~ 27) 25) 24) 34) 32)~ 11,(((((26) 25) 24) 14) 12) 11)+ 11,(((((17,18)~ 16,(23,(21,22)~ 20)~ 19)~ 15) 14) 12) 11)+ 11,((13) 12) 11)+ 11,((39,39)+ 39,40)~ 38)~ 10,(((33) 32) 11) 10)+ 10,((((((((((31,30)~ 29) 27) 25) 24) 14) 12,(((((28,(30,31)~ 29)~ 27) 25) 24) 34) 32)~ 11,(((((26) 25) 24) 14) 12) 11)+ 11,((((37,(36,36)+ 36)~ 35) 34) 32) 11)+ 11) 10)+ 10)~ 8) 6)~ 0
&t (((7,(((((((((((28,(31,30)~ 29)~ 27) 25) 24) 14) 12,(((((28,(30,31)~ 29)~ 27) 25) 24) 34) 32)~ 11,(((((26) 25) 24) 14) 12) 11)+ 11,(((((((18,17)~ 16) 15) 14) 12,(33) 32)~ 11,((13) 12) 11)+ 11,(((((((((((31) 29) 27) 25) 24) 14) 12,((((((30) 29,28)~ 27) 25) 24) 34) 32)~ 11,((((((28) 27) 25) 24) 14) 12) 11)+ 11,(((((((31) 29) 27) 25) 24) 14) 12,((((((30) 29) 27) 25) 24) 34) 32)~ 11)+ 11,(((((26) 25) 24) 14) 12) 11)+ 11,((((((21,22)~ 20) 19) 15) 14) 12) 11)+ 11)+ 11)+ 11,((((36,37)~ 35) 34) 32) 11)+ 11) 10) 8)~ 6,((9) 8) 6)+ 6,((((5,4)~ 3,(5) 3)+ 3,(4) 3)+ 3,2)~ 1)~ 0
&t ((2,((5,4)~ 3,(5,4)~ 3)+ 3)~ 1,((7,(7,(7,7)+ 7)+ 7)+ 7,((((((((((((28,(31,30)~ 29)~ 27) 25) 24) 14) 12,(((((28,(31,30)~ 29)~ 27) 25) 24) 34) 32)~ 11,(((((26) 25) 24) 14) 12) 11)+ 11,((((36,37)~ 35) 34) 32) 11)+ 11,(((((((26) 25) 24) 14) 12,((((26) 25) 24) 34) 32)~ 11,((((((28) 27) 25) 24) 14) 12,((((((30,31)~ 29) 27) 25) 24) 34) 32)~ 11)+ 11,(((((17,18)~ 16,(23,(21,22)~ 20)~ 19)~ 15) 14) 12) 11)+ 11)+ 11,((33) 32) 11)+ 11,(39,40)~ 38)~ 10,(9,9)+ 9)~ 8)~ 6)~ 0
&t (((2,((4,5)~ 3,(5,4)~ 3)+ 3)~ 1,(2,((4,5)~ 3,(4,(5,5)+ 5)~ 3)+ 3)~ 1)+ 1,((((((39) 38,((13) 12) 11)~ 10,(((((((((((28,(30,31)~ 29)~ 27) 25) 24) 14) 12,(((((28,(31,30)~ 29)~ 27) 25) 24) 34) 32)~ 11,(((((26) 25) 24) 14) 12) 11)+ 11,((((36,37)~ 35) 34) 32) 11)+ 11,((33) 32) 11)+ 11,((((((((28,(30,31)~ 29)~ 27) 25) 24) 14) 12,(((((28,(30,31)~ 29)~ 27) 25) 24) 34) 32)~ 11,(((((26) 25) 24) 14) 12) 11)+ 11,(((((17) 16,(23,(21,22)~ 20)~ 19)~ 15) 14) 12) 11)+ 11)+ 11) 10)+ 10,((40) 38) 10)+ 10,9)~ 8,7)~ 6)~ 0
&t (((9) 8,7)~ 6,(2,((4,5)~ 3,(4,(5,5)+ 5)~ 3)+ 3)~ 1)~ 0
&t (((7,((((40) 38,((((((((((28,(31,30)~ 29)~ 27) 25) 24) 14) 12,(((((28,(30,31)~ 29)~ 27) 25) 24) 34) 32)~ 11,(((((26) 25) 24) 14) 12) 11)+ 11,(((((26) 25) 24) 14) 12) 11)+ 11,((((36,37)~ 35) 34) 32) 11)+ 11,((((((((((28,(30,31)~ 29)~ 27) 25) 24) 14) 12,(((((28,(30,31)~ 29)~ 27) 25) 24) 34) 32)~ 11,(((((26) 25) 24) 14) 12) 11)+ 11,(((((((22,21)~ 20) 19,(18,17)~ 16)~ 15,((17,18)~ 16,(23,(22,21)~ 20)~ 19)~ 15)+ 15) 14) 12) 11)+ 11,((13) 12) 11)+ 11,((((((((((28,(31,30)~ 29)~ 27) 25) 24) 14) 12,(((((28,(31,30)~ 29)~ 27) 25) 24) 34) 32)~ 11,(((((26) 25) 24) 14) 12) 11)+ 11,((((((((28) 27) 25) 24) 14) 12,((((((30,31)~ 29) 27) 25) 24) 34) 32)~ 11,((((((28,(31,30)~ 29)~ 27) 25) 24) 14) 12,(((((28,(30,31)~ 29)~ 27) 25) 24) 34) 32)~ 11)+ 11,(((((26) 25) 24) 14) 12) 11)+ 11)+ 11,(((((23) 19,(17) 16)~ 15) 14) 12) 11)+ 11,((13) 12) 11)+ 11)+ 11)+ 11)~ 10,((40,39)~ 38) 10)+ 10) 8)~ 6,(((9,9)+ 9) 8) 6)+ 6,(((5,4)~ 3,(5,4)~ 3)+ 3,2)~ 1)~ 0
&t (((9,((39,40)~ 38,(((((((((((28,(31,30)~ 29)~ 27) 25) 24) 14) 12,(((((28,(31,30)~ 29)~ 27) 25) 24) 34) 32)~ 11,(((((26) 25) 24) 14) 12) 11)+ 11,((33) 32) 11)+ 11,((((36,37)~ 35) 34) 32) 11)+ 11,((13) 12) 11)+ 11,(((((((((31) 29) 27) 25) 24) 14) 12,(((((28,(30) 29)~ 27) 25) 24) 34) 32)~ 11,((((((((31) 29) 27) 25) 24) 14) 12,(((((28,(30) 29)~ 27) 25) 24) 34) 32)~ 11,((((((28) 27) 25) 24) 14) 12,((((((31,30)~ 29) 27) 25) 24) 34) 32)~ 11)+ 11)+ 11,(((((26) 25) 24) 14) 12) 11)+ 11)+ 11)~ 10)~ 8) 6,(((2,((5,4)~ 3,(5,4)~ 3)+ 3)~ 1,(2) 1)+ 1,(((5,4)~ 3,((5,5)+ 5) 3)+ 3) 1)+ 1)~ 0
&t ((((4,5)~ 3,(4,5)~ 3)+ 3,2)~ 1,(7,(9,(((((((((((28,(30,31)~ 29)~ 27) 25) 24) 14) 12,(((((28) 27) 25) 24) 34) 32)~ 11,(((((26) 25) 24) 14) 12) 11)+ 11,((((37,36)~ 35) 34) 32) 11)+ 11,((33) 32) 11)+ 11,(((((((((28,(30,31)~ 29)~ 27) 25) 24) 14) 12,(((((28,(30,31)~ 29)~ 27) 25) 24) 34) 32)~ 11,(((((26) 25) 24) 14) 12) 11)+ 11,((((((22,21)~ 20,23)~ 19,(17,18)~ 16)~ 15) 14) 12) 11)+ 11,(((13,13)+ 13) 12) 11)+ 11)+ 11,((39,39)+ 39,40)~ 38)~ 10)~ 8)~ 6)~ 0
&t (((7,(9) 8)~ 6,((((39,40)~ 38,(((((((((((28) 27) 25) 24) 14) 12,((((((31,30)~ 29) 27) 25) 24) 34) 32)~ 11,((((((((30,31)~ 29) 27) 25) 24) 14) 12,((((((30,31)~ 29) 27) 25) 24) 34) 32)~ 11,((((((28) 27) 25) 24) 14) 12) 11)+ 11)+ 11,(((((26) 25) 24) 14) 12) 11)+ 11,((((37,36)~ 35) 34) 32) 11)+ 11,((33) 32) 11)+ 11,(((((((((28,(31,30)~ 29)~ 27) 25) 24) 14) 12,(((((28,(31,30)~ 29)~ 27) 25) 24) 34) 32)~ 11,(((((26) 25) 24) 14) 12) 11)+ 11,(((((17) 16,(23,(22,21)~ 20)~ 19)~ 15) 14) 12) 11)+ 11,((13) 12) 11)+ 11)+ 11)~ 10) 8) 6)+ 6,(((4,5)~ 3,(4,5)~ 3)+ 3,2)~ 1)~ 0
&t (((((39,40)~ 38) 10) 8) 6,(((4,5)~ 3,(5,4)~ 3)+ 3) 1)~ 0
&t ((7,(((((9,(((33) 32) 11) 10)~ 8,((((33) 32) 11) 10) 8)+ 8,(((((((((((28,(30,31)~ 29)~ 27) 25) 24) 14) 12,(((((28,(31,30)~ 29)~ 27) 25) 24) 34) 32)~ 11,(((((26) 25) 24) 14) 12) 11)+ 11,(((((17,18)~ 16,(23,(22,21)~ 20)~ 19)~ 15) 14) 12) 11)+ 11,((13) 12) 11)+ 11) 10) 8)+ 8,((((((((26) 25) 24) 14) 12,((((26) 25) 24) 34) 32)~ 11,(((((((28) 27) 25) 24) 14) 12,((((((31,30)~ 29) 27) 25) 24) 34) 32)~ 11,((((((28,(30,31)~ 29)~ 27) 25) 24) 14) 12,(((((28,(31,30)~ 29)~ 27) 25) 24) 34) 32)~ 11)+ 11)+ 11) 10) 8)+ 8,(((39) 38) 10) 8)+ 8)~ 6) 0
&t ((7,(9,(((((((((((28,(30,31)~ 29)~ 27) 25) 24) 14) 12,(((((28,(30,31)~ 29)~ 27) 25) 24) 34) 32)~ 11,(((((26) 25) 24) 14) 12) 11)+ 11,((((37,36)~ 35) 34) 32) 11)+ 11,((((((((((28) 27) 25) 24) 14) 12,((((((31,30)~ 29) 27) 25) 24) 34) 32)~ 11,(((((((((30) 29) 27) 25) 24) 14) 12,((((((30) 29) 27) 25) 24) 34) 32)~ 11,(((((((31) 29) 27) 25) 24) 14) 12) 11)+ 11,((((((28) 27) 25) 24) 14) 12) 11)+ 11)+ 11,(((((26) 25) 24) 14) 12) 11)+ 11,((((((23) 19,(18,17)~ 16)~ 15,(((22,21)~ 20) 19) 15)+ 15) 14) 12) 11)+ 11,((13) 12) 11)+ 11)+ 11,((33) 32) 11)+ 11,((40,39)~ 38,(39,(40,40)+ 40)~ 38)+ 38)~ 10)~ 8)~ 6,(((5,4)~ 3,((5,4)~ 3,(5,4)~ 3)+ 3)+ 3) 1)~ 0
&t ((7,((((((13) 12) 11) 10,9)~ 8,((((((((((28,(30,31)~ 29)~ 27) 25) 24) 14) 12,(((((28,(31,30)~ 29)~ 27) 25) 24) 34) 32)~ 11,(((((26) 25) 24) 14) 12) 11)+ 11,((((((((21,22)~ 20,(22) 20)+ 20,(21) 20)+ 20,23)~ 19) 15) 14) 12) 11)+ 11) 10) 8)+ 8,((((33) 32) 11) 10) 8)+ 8)~ 6) 0
&t ((((((((33) 32,(((((((22,21)~ 20,(22,21)~ 20)+ 20) 19,(18,17)~ 16)~ 15,((23) 19,((18,17)~ 16,(17,18)~ 16)+ 16)~ 15)+ 15) 14) 12)~ 11,(((((((28,(30,31)~ 29)~ 27) 25) 24) 14) 12,(((((28,(31,30)~ 29)~ 27) 25) 24) 34) 32)~ 11,(((((26) 25) 24) 14) 12) 11)+ 11)+ 11,((13) 12) 11)+ 11) 10) 8,7)~ 6) 0
&t (((7,(7,7)+ 7)+ 7,((((((((((((28,(30,31)~ 29)~ 27) 25) 24) 14) 12,(((((28,(30,31)~ 29)~ 27) 25) 24) 34) 32)~ 11,(((((26) 25) 24) 14) 12) 11)+ 11,(((((17,18)~ 16,((22,21)~ 20) 19)~ 15) 14) 12) 11)+ 11,((13) 12) 11)+ 11,(((((((((28) 27) 25) 24) 14) 12,((((((31,30)~ 29) 27) 25) 24) 34) 32)~ 11,(((((26) 25) 24) 14) 12,((((26) 25) 24) 34) 32)~ 11)+ 11,((((36,37)~ 35) 34) 32) 11)+ 11,((33) 32) 11)+ 11)+ 11,((((40,40)+ 40,(39,39)+ 39)~ 38,(40) 38)+ 38,(39) 38)+ 38)~ 10,(9,(9,9)+ 9)+ 9)~ 8)~ 6) 0
&t (((2,((5,4)~ 3,(4,5)~ 3)+ 3)~ 1,(2,((5,4)~ 3,(4,5)~ 3)+ 3)~ 1)+ 1,((7,((9,9)+ 9) 8)~ 6,(((((40,39)~ 38,(((((((((((28,(30,31)~ 29)~ 27) 25) 24) 14) 12,(((((28,(31,30)~ 29)~ 27) 25) 24) 34) 32)~ 11,(((((26) 25) 24) 14) 12) 11)+ 11,(((((18,17)~ 16,(23,(21,22)~ 20)~ 19)~ 15) 14) 12) 11)+ 11,((((13,13)+ 13,(13,13)+ 13)+ 13) 12) 11)+ 11,((33) 32) 11)+ 11,(((((((28,(31,30)~ 29)~ 27) 25) 24) 14) 12,(((((28,(30,31)~ 29)~ 27) 25) 24) 34) 32)~ 11,(((((26) 25) 24) 14) 12) 11)+ 11)+ 11)~ 10,(((((36,37)~ 35) 34) 32) 11) 10)+ 10) 8) 6)+ 6)~ 0
&t ((((5,4)~ 3,(5) 3)+ 3) 1,(((((((((((((((31) 29) 27) 25) 24) 14) 12,(((((28,(30) 29)~ 27) 25) 24) 34) 32)~ 11,((((((28) 27) 25) 24) 14) 12,((((((31,30)~ 29) 27) 25) 24) 34) 32)~ 11)+ 11,(((((26) 25) 24) 14) 12,((((26) 25) 24) 34) 32)~ 11)+ 11,(((((26) 25) 24) 14) 12) 11)+ 11,((((37) 35) 34) 32) 11)+ 11,((((((((((28,(31,30)~ 29)~ 27) 25) 24) 14) 12,(((((28,(30,31)~ 29)~ 27) 25) 24) 34) 32)~ 11,(((((26) 25) 24) 14) 12) 11)+ 11,((((((23) 19,(18,17)~ 16)~ 15,(((21,22)~ 20) 19) 15)+ 15) 14) 12) 11)+ 11,((13) 12) 11)+ 11,((33) 32) 11)+ 11)+ 11,((39,(40,40)+ 40)~ 38,((40,40)+ 40) 38)+ 38)~ 10) 8,7)~ 6)~ 0
&t ((2,((5,4)~ 3,(4,5)~ 3)+ 3)~ 1,((7,(((((13,(((26,(28,(30,31)~ 29)~ 27)~ 25) 24,((18,17)~ 16,(23,(21,22)~ 20)~ 19)~ 15)~ 14)~ 12,(((36,37)~ 35) 34) 32)~ 11,((33) 32) 11)+ 11) 10) 8)~ 6,((9) 8) 6)+ 6)~ 0
&t (((((((((((33) 32) 11) 10) 8,7)~ 6,(((((((((((((30) 29) 27) 25) 24) 14) 12,(((((28,(31) 29)~ 27) 25) 24) 34) 32)~ 11,((((((28) 27) 25) 24) 14) 12,((((((30,31)~ 29) 27) 25) 24) 34) 32)~ 11)+ 11,(((((26) 25) 24) 14) 12) 11)+ 11,((((37,(36,36)+ 36)~ 35) 34) 32) 11)+ 11) 10) 8) 6)+ 6,((((((((((((28,(30,31)~ 29)~ 27) 25) 24) 14) 12,(((((28,(30,31)~ 29)~ 27) 25) 24) 34) 32)~ 11,(((((26) 25) 24) 14) 12) 11)+ 11,((13) 12) 11)+ 11,(((((((21,22)~ 20) 19,(17,18)~ 16)~ 15,((23) 19) 15)+ 15) 14) 12) 11)+ 11) 10) 8) 6)+ 6,((((40,39)~ 38) 10) 8) 6)+ 6,(((((((((((((((28,(31,30)~ 29)~ 27) 25) 24) 14) 12,(((((28,(30,31)~ 29)~ 27) 25) 24) 34) 32)~ 11,(((((26) 25) 24) 14) 12) 11)+ 11,(((((23) 19) 15) 14) 12) 11)+ 11,(((((18,17)~ 16) 15) 14) 12) 11)+ 11,((((((22) 20) 19) 15) 14) 12) 11)+ 11,(((13,13)+ 13) 12) 11)+ 11,((((((((((28) 27) 25) 24) 14) 12,((((((30,31)~ 29) 27) 25) 24) 34) 32)~ 11,((((((28,(30,31)~ 29)~ 27) 25) 24) 14) 12,(((((28,(30,31)~ 29)~ 27) 25) 24) 34) 32)~ 11)+ 11,(((((26) 25) 24) 14) 12) 11)+ 11,((33) 32) 11)+ 11,((((36,(37,37)+ 37)~ 35) 34) 32) 11)+ 11)+ 11,(40,39)~ 38)~ 10) 8) 6)+ 6,((9) 8) 6)+ 6,(((4,5)~ 3,(5,4)~ 3)+ 3) 1)~ 0
&t ((((7,7)+ 7,(((((40,39)~ 38,((((((((28,(31,30)~ 29)~ 27) 25) 24) 14) 12,(((((28,(30,31)~ 29)~ 27) 25) 24) 34) 32)~ 11,(((((26) 25) 24) 14) 12) 11)+ 11,((((37) 35) 34) 32) 11)+ 11)~ 10,(((((((((((28,(31,30)~ 29)~ 27) 25) 24) 14) 12,((((((30,31)~ 29) 27) 25) 24) 34) 32)~ 11,((((((28) 27) 25) 24) 14) 12) 11)+ 11,(((((26) 25) 24) 14) 12) 11)+ 11,(((13,13)+ 13) 12) 11)+ 11,(((((18,17)~ 16,((22,21)~ 20,(23,23)+ 23)~ 19)~ 15) 14) 12) 11)+ 11) 10)+ 10,(((33) 32) 11) 10)+ 10) 8)~ 6,((9) 8) 6)+ 6,((5,4)~ 3,2)~ 1)~ 0
&t (((7,7)+ 7,((((((9,(((((((((31,30)~ 29) 27) 25) 24) 14) 12,(((((28,(30,31)~ 29)~ 27) 25) 24) 34) 32)~ 11,(((((26) 25) 24) 14) 12) 11)+ 11) 10)~ 8,((((((33) 32) 11,(39,40)~ 38)~ 10,((((((((((28) 27) 25) 24) 14) 12,((((((31,30)~ 29) 27) 25) 24) 34) 32)~ 11,((((((((28) 27) 25) 24) 14) 12,(((((28) 27) 25) 24) 34) 32)~ 11,(((((((30) 29) 27) 25) 24) 14) 12) 11)+ 11,(((((((31) 29) 27) 25) 24) 14) 12) 11)+ 11)+ 11,(((((26) 25) 24) 14) 12) 11)+ 11,((((37,36)~ 35) 34) 32) 11)+ 11) 10)+ 10,(((13) 12) 11) 10)+ 10) 8)+ 8,(((((((17) 16) 15) 14) 12) 11) 10) 8)+ 8,(((((((23) 19) 15) 14) 12) 11) 10) 8)+ 8,((((((((22) 20) 19) 15) 14) 12) 11) 10) 8)+ 8,((((((((21) 20) 19) 15) 14) 12) 11) 10) 8)+ 8)~ 6) 0
&t (((2,((4,5)~ 3,(4,(5,5)+ 5)~ 3)+ 3)~ 1,(((4,5)~ 3,(4,5)~ 3)+ 3) 1)+ 1,(((((((((((((26) 25) 24) 14) 12,((((26) 25) 24) 34) 32)~ 11,((((((28,(31,30)~ 29)~ 27) 25) 24) 14) 12,(((((28,(30,31)~ 29)~ 27) 25) 24) 34) 32)~ 11)+ 11,((((37,36)~ 35) 34) 32) 11)+ 11,((33) 32) 11)+ 11,((((((((28,(31,30)~ 29)~ 27) 25) 24) 14) 12,(((((28,(31,30)~ 29)~ 27) 25) 24) 34) 32)~ 11,(((((26) 25) 24) 14) 12) 11)+ 11,((13,(((23,(21,22)~ 20)~ 19,(17,18)~ 16)~ 15) 14)~ 12) 11)+ 11)+ 11,(40,39)~ 38)~ 10,((40,39)~ 38,(((((((((((((30) 29) 27) 25) 24) 14) 12,((((((31) 29) 27) 25) 24) 34) 32)~ 11,((((((28) 27) 25) 24) 14) 12,(((((28) 27) 25) 24) 34) 32)~ 11)+ 11,((((((28) 27) 25) 24) 14) 12,((((((30,31)~ 29) 27) 25) 24) 34) 32)~ 11)+ 11,(((((26) 25) 24) 14) 12,((((26) 25) 24) 34) 32)~ 11)+ 11,((((36,37)~ 35) 34) 32) 11)+ 11,((33) 32) 11)+ 11,((13,(((18,17)~ 16,((23,23)+ 23,((21,(22,22)+ 22)~ 20,((22,21)~ 20,((22,21)~ 20,(22,21)~ 20)+ 20)+ 20)+ 20)~ 19)~ 15) 14)~ 12) 11)+ 11)~ 10)+ 10,9)~ 8,7)~ 6)~ 0
&t ((7,(9,((((((((((28,(31,30)~ 29)~ 27) 25) 24) 14) 12,(((((28,(30,31)~ 29)~ 27) 25) 24) 34) 32)~ 11,(((((((31,30)~ 29) 27) 25) 24) 14) 12,(((((28) 27) 25) 24) 34) 32)~ 11)+ 11,(((((26) 25) 24) 14) 12) 11)+ 11,((((((26) 25) 24) 34) 32,(((((21,22)~ 20) 19,(18,17)~ 16)~ 15) 14) 12)~ 11,((((((((28) 27) 25) 24) 14) 12,((((((31,30)~ 29) 27) 25) 24) 34) 32)~ 11,((((((28,(31,30)~ 29)~ 27) 25) 24) 14) 12,(((((28,(31,30)~ 29)~ 27) 25) 24) 34) 32)~ 11)+ 11,((13) 12) 11)+ 11)+ 11)+ 11) 10)~ 8)~ 6) 0
&t (((9,((39) 38,(((((13) 12,((((26) 25) 24) 34) 32)~ 11,(((((((28) 27) 25) 24) 14) 12,((((((30,31)~ 29) 27) 25) 24) 34) 32)~ 11,(((((((30) 29) 27) 25) 24) 14) 12,((((((31) 29,28)~ 27) 25) 24) 34) 32)~ 11)+ 11)+ 11,((33) 32) 11)+ 11,((((36,37)~ 35) 34) 32) 11)+ 11)~ 10)~ 8) 6,(((4,5)~ 3,(5,4)~ 3)+ 3,2)~ 1)~ 0
&t ((((9) 8,7)~ 6,(((((((((((17,18)~ 16) 15) 14) 12) 11,(39,40)~ 38)~ 10,((((((((((28) 27) 25) 24) 14) 12,((((((30,31)~ 29) 27) 25) 24) 34) 32)~ 11,(((((((31) 29) 27) 25) 24) 14) 12,((((((30) 29,28)~ 27) 25) 24) 34) 32)~ 11)+ 11,(((((26) 25) 24) 14) 12) 11)+ 11,((13) 12) 11)+ 11) 10)+ 10,(((((((((31,30)~ 29) 27) 25) 24) 14) 12,(((((28,(30,31)~ 29)~ 27) 25) 24) 34) 32)~ 11,(((((26) 25) 24) 14) 12) 11)+ 11) 10)+ 10,((((((((23,(21) 20)~ 19,((22) 20) 19)+ 19,((22) 20) 19)+ 19) 15) 14) 12) 11) 10)+ 10) 8) 6)+ 6,(((4,5)~ 3,((4,4)+ 4,5)~ 3)+ 3,2)~ 1)~ 0
&t ((((9) 8,7)~ 6,(((((40,39)~ 38,(40) 38)+ 38,(((((((((28,(31,30)~ 29)~ 27) 25) 24) 14) 12,(((((28,(31,30)~ 29)~ 27) 25) 24) 34) 32)~ 11,(((((26) 25) 24) 14) 12) 11)+ 11,((((36) 35) 34) 32) 11)+ 11,(((((((((28) 27) 25) 24) 14) 12,((((((31,30)~ 29) 27) 25) 24) 34) 32)~ 11,((((((28,(31,30)~ 29)~ 27) 25) 24) 14) 12,(((((28,(31,30)~ 29)~ 27) 25) 24) 34) 32)~ 11)+ 11,(((((17,(18,18)+ 18)~ 16,(23,(21,22)~ 20)~ 19)~ 15) 14) 12) 11)+ 11,((13) 12,((((26) 25) 24) 34) 32)~ 11)+ 11)+ 11)~ 10) 8) 6)+ 6,(((4,5)~ 3,(5) 3)+ 3,2)~ 1)~ 0
&t ((((7,((((((((((((28,(31,30)~ 29)~ 27) 25) 24) 14) 12,(((((28,(30,31)~ 29)~ 27) 25) 24) 34) 32)~ 11,((((((28) 27) 25) 24) 14) 12,((((((30,31)~ 29) 27) 25) 24) 34) 32)~ 11)+ 11,((((36) 35) 34) 32) 11)+ 11,((33) 32) 11)+ 11,(((((((((28) 27) 25) 24) 14) 12,((((((30,31)~ 29) 27) 25) 24) 34) 32)~ 11,((((((28,(31,30)~ 29)~ 27) 25) 24) 14) 12,(((((28,(30,31)~ 29)~ 27) 25) 24) 34) 32)~ 11)+ 11,(((((26) 25) 24) 14) 12) 11)+ 11,((13) 12) 11)+ 11)+ 11) 10) 8)~ 6,((9) 8) 6)+ 6,((9) 8) 6)+ 6,(((5,4)~ 3,(4,(5,5)+ 5)~ 3)+ 3,2)~ 1)~ 0
&t ((7,(9,(((((((((((((((28) 27) 25) 24) 14) 12,((((((30,31)~ 29) 27) 25) 24) 34) 32)~ 11,(((((((((31) 29) 27) 25) 24) 14) 12,((((((31) 29) 27) 25) 24) 34) 32)~ 11,(((((((30) 29) 27) 25) 24) 14) 12) 11)+ 11,((((((28) 27) 25) 24) 14) 12) 11)+ 11)+ 11,(((((26) 25) 24) 14) 12) 11)+ 11,((((37,36)~ 35) 34) 32) 11)+ 11,(((((((((((30) 29) 27) 25) 24) 14) 12,(((((28,(31) 29)~ 27) 25) 24) 34) 32)~ 11,((((((28) 27) 25) 24) 14) 12,((((((30,31)~ 29) 27) 25) 24) 34) 32)~ 11)+ 11,(((((26) 25) 24) 14) 12) 11)+ 11,(((((23,(21,22)~ 20)~ 19) 15) 14) 12) 11)+ 11,((13) 12) 11)+ 11)+ 11,(40) 38)~ 10,((39,40)~ 38) 10)+ 10,((((((((((28) 27) 25) 24) 14) 12,((((((31,30)~ 29) 27) 25) 24) 34) 32)~ 11,((((((28,(30,31)~ 29)~ 27) 25) 24) 14) 12,(((((28,(31,30)~ 29)~ 27) 25) 24) 34) 32)~ 11)+ 11,(((((26) 25) 24) 14) 12) 11)+ 11,((((37,36)~ 35) 34) 32) 11)+ 11) 10)+ 10,((((((((((28) 27) 25) 24) 14) 12,((((((31,30)~ 29) 27) 25) 24) 34) 32)~ 11,(((((((30,31)~ 29) 27) 25) 24) 14) 12,(((((28,(30,31)~ 29)~ 27) 25) 24) 34) 32)~ 11)+ 11,(((((26) 25) 24) 14) 12) 11)+ 11,(((((18,17)~ 16,(23,(21,22)~ 20)~ 19)~ 15) 14) 12) 11)+ 11) 10)+ 10,((((13,(13,13)+ 13)+ 13) 12) 11) 10)+ 10)~ 8)~ 6) 0
&t ((7,(((39,40)~ 38,((((((26) 25) 24) 34) 32,((((17,18)~ 16,((21,22)~ 20,(23,23)+ 23)~ 19)~ 15) 14,13)~ 12)~ 11,(((((((((28,(30,31)~ 29)~ 27) 25) 24) 14) 12,(((((28,(30,31)~ 29)~ 27) 25) 24) 34) 32)~ 11,(((((26) 25) 24) 14) 12) 11)+ 11,((((36,37)~ 35) 34) 32) 11)+ 11,((33) 32) 11)+ 11)+ 11)~ 10,9)~ 8)~ 6) 0
&t ((7,(((((((13) 12,(33) 32)~ 11,(((((((28,(31,30)~ 29)~ 27) 25) 24) 14) 12,(((((28,(31,30)~ 29)~ 27) 25) 24) 34) 32)~ 11,(((((26) 25) 24) 14) 12) 11)+ 11)+ 11,((((36,37)~ 35) 34) 32) 11)+ 11) 10,9)~ 8,((((((37,36)~ 35) 34) 32) 11) 10) 8)+ 8)~ 6) 0
&t ((7,((((39,(40,40)+ 40)~ 38,(((((((((28,(30,31)~ 29)~ 27) 25) 24) 14) 12,(((((28,(31,30)~ 29)~ 27) 25) 24) 34) 32)~ 11,(((((26) 25) 24) 14) 12) 11)+ 11,((((37,36)~ 35) 34) 32) 11)+ 11,(((((((((((28,(31,30)~ 29)~ 27) 25) 24) 14) 12,(((((28,(31,30)~ 29)~ 27) 25) 24) 34) 32)~ 11,(((((26) 25) 24) 14) 12) 11)+ 11,(((((17) 16) 15) 14) 12) 11)+ 11,((((((21,22)~ 20,(23,23)+ 23)~ 19) 15) 14) 12) 11)+ 11,((13) 12) 11)+ 11,((33) 32) 11)+ 11)+ 11)~ 10,((((((((((((28) 27) 25) 24) 14) 12,((((((31,30)~ 29) 27) 25) 24) 34) 32)~ 11,((((((((31,30)~ 29) 27) 25) 24) 14) 12,((((((30,31)~ 29) 27) 25) 24) 34) 32)~ 11,((((((28) 27) 25) 24) 14) 12) 11)+ 11)+ 11,(((((26) 25) 24) 14) 12) 11)+ 11,(((((17,18)~ 16) 15) 14,(13,13)+ 13)~ 12) 11)+ 11,(((33,33)+ 33) 32) 11)+ 11,(((((((28) 27) 25) 24) 14) 12,((((((30,31)~ 29) 27) 25) 24) 34) 32)~ 11,(((((((((31) 29) 27) 25) 24) 14) 12,((((((31) 29) 27) 25) 24) 34) 32)~ 11,(((((((30) 29) 27) 25) 24) 14) 12) 11)+ 11,((((((28) 27) 25) 24) 14) 12) 11)+ 11)+ 11)+ 11) 10)+ 10) 8)~ 6) 0
&t ((2,(4,5)~ 3)~ 1,((((9,9)+ 9) 8,7)~ 6,((((((40,39)~ 38,(39) 38)+ 38,(40) 38)+ 38,(((((((((26) 25) 24) 14) 12,((((26) 25) 24) 34) 32)~ 11,((((((28,(30,31)~ 29)~ 27) 25) 24) 14) 12,(((((28,(30,31)~ 29)~ 27) 25) 24) 34) 32)~ 11)+ 11,((((37,36)~ 35) 34) 32) 11)+ 11,((33) 32) 11)+ 11,((((((((((28,(30,31)~ 29)~ 27) 25) 24) 14) 12,(((((28,(31,30)~ 29)~ 27) 25) 24) 34) 32)~ 11,(((((26) 25) 24) 14) 12) 11)+ 11,(((((26) 25) 24) 14) 12,(((((28,(30,31)~ 29)~ 27) 25) 24) 34) 32)~ 11)+ 11,(((((23,(22,21)~ 20)~ 19) 15) 14) 12) 11)+ 11,((13) 12) 11)+ 11)+ 11)~ 10) 8) 6)+ 6)~ 0
&t ((7,((9,((((((((((((28,(30,31)~ 29)~ 27) 25) 24) 14) 12,(((((28,(31,30)~ 29)~ 27) 25) 24) 34) 32)~ 11,(((((26) 25) 24) 14) 12) 11)+ 11,((((37,36)~ 35) 34) 32) 11)+ 11,(((((((28,(31,30)~ 29)~ 27) 25) 24) 14) 12,(((((28,(31,30)~ 29)~ 27) 25) 24) 34) 32)~ 11,((((37,36)~ 35) 34) 32) 11)+ 11)+ 11,((33) 32) 11)+ 11,(((((((((28,(31,30)~ 29)~ 27) 25) 24) 14) 12,(((((28,(31,30)~ 29)~ 27) 25) 24) 34) 32)~ 11,(((((26) 25) 24) 14) 12) 11)+ 11,((13) 12) 11)+ 11,(((((17,18)~ 16,(23,(21,22)~ 20)~ 19)~ 15) 14) 12) 11)+ 11)+ 11) 10)~ 8,((9,((39,40)~ 38,((((((((28,(31,30)~ 29)~ 27) 25) 24) 14) 12,(((((28,(30,31)~ 29)~ 27) 25) 24) 34) 32)~ 11,(((((26) 25) 24) 14) 12) 11)+ 11,(((((((28,(30,31)~ 29)~ 27) 25) 24) 14) 12,(((((28,(31,30)~ 29)~ 27) 25) 24) 34) 32)~ 11,(((((26) 25) 24) 14) 12) 11)+ 11)+ 11)~ 10)~ 8,(((((((((((30,31)~ 29,28)~ 27) 25) 24) 14) 12,(((((28,(30,31)~ 29)~ 27) 25) 24) 34) 32)~ 11,(((((26) 25) 24) 14) 12) 11)+ 11,((33) 32) 11)+ 11) 10) 8)+ 8)+ 8)~ 6) 0
&t (((((7,((((((((((((28,(31,30)~ 29)~ 27) 25) 24) 14) 12,(((((28,(31,30)~ 29)~ 27) 25) 24) 34) 32)~ 11,((((((28) 27) 25) 24) 14) 12,((((((30,31)~ 29) 27) 25) 24) 34) 32)~ 11)+ 11,(((((26) 25) 24) 14) 12) 11)+ 11,(((((23) 19,((17,(18,18)+ 18)~ 16,(17,18)~ 16)+ 16)~ 15) 14,13)~ 12) 11)+ 11,(((33,33)+ 33) 32) 11)+ 11) 10) 8)~ 6,(((((((((((28,(30,31)~ 29)~ 27) 25) 24) 14) 12,(((((28,(31,30)~ 29)~ 27) 25) 24) 34) 32)~ 11,(((((26) 25) 24) 14) 12) 11)+ 11,((((37,36)~ 35) 34) 32) 11)+ 11) 10) 8) 6)+ 6,((((40,39)~ 38) 10) 8) 6)+ 6,(((((((((((((28) 27) 25) 24) 14) 12,((((((30,31)~ 29) 27) 25) 24) 34) 32)~ 11,(((((((31) 29) 27) 25) 24) 14) 12,(((((28,(30) 29)~ 27) 25) 24) 34) 32)~ 11)+ 11,(((((26) 25) 24) 14) 12) 11)+ 11,(((((18,17)~ 16,((21) 20,(23,23)+ 23)~ 19)~ 15) 14) 12) 11)+ 11,(((((((((28) 27) 25) 24) 14) 12,((((((31,30)~ 29) 27) 25) 24) 34) 32)~ 11,(((((((31) 29) 27) 25) 24) 14) 12,(((((28,(30) 29)~ 27) 25) 24) 34) 32)~ 11)+ 11,(((((26) 25) 24) 14) 12) 11)+ 11,((13) 12) 11)+ 11)+ 11) 10) 8) 6)+ 6,(2,((5,4)~ 3,(5,4)~ 3)+ 3)~ 1)~ 0
&t ((2,((5,4)~ 3,(4,5)~ 3)+ 3)~ 1,((((39,40)~ 38,(((((((26) 25) 24) 14) 12,(((36,37)~ 35) 34) 32)~ 11,(((((((((((28,(31,30)~ 29)~ 27) 25) 24) 14) 12,(((((28,(30,31)~ 29)~ 27) 25) 24) 34) 32)~ 11,(((((26) 25) 24) 14) 12) 11)+ 11,(((((17,18)~ 16) 15) 14) 12) 11)+ 11,(((((23) 19) 15) 14) 12) 11)+ 11,((((((22,21)~ 20) 19) 15) 14) 12) 11)+ 11,(((13,13)+ 13) 12) 11)+ 11)+ 11,(((33,33)+ 33) 32) 11)+ 11)~ 10,9)~ 8,7)~ 6)~ 0
&t ((2,((5,4)~ 3,(5,4)~ 3)+ 3)~ 1,(((((39,40)~ 38,((((((((((28,(30) 29)~ 27) 25) 24) 14) 12,((((((31) 29) 27) 25) 24) 34) 32)~ 11,((((((28) 27) 25) 24) 14) 12,((((((31,30)~ 29) 27) 25) 24) 34) 32)~ 11)+ 11,(((((26) 25) 24) 14) 12) 11)+ 11,((13) 12) 11)+ 11,((((((((((26) 25) 24) 14) 12,((((26) 25) 24) 34) 32)~ 11,(((((26) 25) 24) 14) 12) 11)+ 11,((((((28,(30,31)~ 29)~ 27) 25) 24) 14) 12,((((((30,31)~ 29) 27) 25) 24) 34) 32)~ 11)+ 11,((((((28) 27) 25) 24) 14) 12) 11)+ 11,((((36,37)~ 35) 34) 32) 11)+ 11,((33) 32) 11)+ 11)+ 11)~ 10,9)~ 8,7)~ 6,(7,((((((39,40)~ 38,((((((((26) 25) 24) 14) 12,((((26) 25) 24) 34) 32)~ 11,(((((((28,(31,30)~ 29)~ 27) 25) 24) 14) 12,(((((28,(31,30)~ 29)~ 27) 25) 24) 34) 32)~ 11,((((((28,(31,30)~ 29)~ 27) 25) 24) 14) 12,(((((28,(31,30)~ 29)~ 27) 25) 24) 34) 32)~ 11)+ 11)+ 11,(((((17,18)~ 16,(23,(21,22)~ 20)~ 19)~ 15) 14) 12) 11)+ 11,((((((((((30,31)~ 29) 27) 25) 24) 14) 12,(((((28,(31,30)~ 29)~ 27) 25) 24) 34) 32)~ 11,((((((28) 27) 25) 24) 14) 12) 11)+ 11,(((((26) 25) 24) 14) 12) 11)+ 11,((33) 32) 11)+ 11)+ 11)~ 10,(((((37,36)~ 35) 34) 32) 11) 10)+ 10,(((33) 32) 11) 10)+ 10,((((((39,40)~ 38,((((((((((28) 27) 25) 24) 14) 12,((((((31,30)~ 29) 27) 25) 24) 34) 32)~ 11,((((((((30) 29) 27) 25) 24) 14) 12,((((((31) 29) 27) 25) 24) 34) 32)~ 11,((((((28) 27) 25) 24) 14) 12,(((((28) 27) 25) 24) 34) 32)~ 11)+ 11)+ 11,(((((26) 25) 24) 14) 12) 11)+ 11,((13) 12) 11)+ 11,(((((23,(21,22)~ 20)~ 19,((18,17)~ 16,(17,18)~ 16)+ 16)~ 15) 14) 12) 11)+ 11)~ 10,(((((((((28,(31,30)~ 29)~ 27) 25) 24) 14) 12,(((((28,(30,31)~ 29)~ 27) 25) 24) 34) 32)~ 11,(((((26) 25) 24) 14) 12) 11)+ 11,((((37) 35) 34) 32) 11)+ 11) 10)+ 10,((39,(40,40)+ 40)~ 38) 10)+ 10,(((33) 32) 11) 10)+ 10,(((40,39)~ 38,((((((((((((((31) 29) 27) 25) 24) 14) 12,((((((30) 29,28)~ 27) 25) 24) 34) 32)~ 11,((((((28) 27) 25) 24) 14) 12,((((((31,30)~ 29) 27) 25) 24) 34) 32)~ 11)+ 11,(((((26) 25) 24) 14) 12) 11)+ 11,(((((17,18)~ 16) 15) 14) 12) 11)+ 11,(((((23,((21,22)~ 20,(22,21)~ 20)+ 20)~ 19) 15) 14) 12) 11)+ 11,((13) 12) 11)+ 11,((33) 32) 11)+ 11,((((((((((28,(30,31)~ 29)~ 27) 25) 24) 14) 12,(((((28,(31,30)~ 29)~ 27) 25) 24) 34) 32)~ 11,(((((26) 25) 24) 14) 12,((((26) 25) 24) 34) 32)~ 11)+ 11,(((((((((30) 29) 27) 25) 24) 14) 12,((((((31) 29) 27) 25) 24) 34) 32)~ 11,((((((28) 27) 25) 24) 14) 12,(((((28,(30,31)~ 29)~ 27) 25) 24) 34) 32)~ 11)+ 11,(((((26) 25) 24) 14) 12) 11)+ 11)+ 11,((((36) 35) 34) 32) 11)+ 11,((((37) 35) 34) 32) 11)+ 11)+ 11)~ 10,(((((((37,36)~ 35) 34) 32,((((26,(28,(31,30)~ 29)~ 27)~ 25) 24) 14) 12)~ 11,((33) 32) 11)+ 11,((((((((28,(30,31)~ 29)~ 27) 25) 24) 14) 12,(((((28,(30,31)~ 29)~ 27) 25) 24) 34) 32)~ 11,(((((26) 25) 24) 34) 32,(((((18,17)~ 16,(17,18)~ 16)+ 16,(23,(22,21)~ 20)~ 19)~ 15) 14) 12)~ 11)+ 11,((13) 12) 11)+ 11)+ 11,(40,39)~ 38)~ 10)+ 10)+ 10)+ 10) 8)~ 6)+ 6)~ 0
&t (((7,(9) 8)~ 6,((((((39,40)~ 38,(40,39)~ 38)+ 38,(((((((((28,(31,30)~ 29)~ 27) 25) 24) 14) 12,(((((28,(30,31)~ 29)~ 27) 25) 24) 34) 32)~ 11,(((((26) 25) 24) 14) 12) 11)+ 11,((((37) 35) 34) 32) 11)+ 11,((((((((((28,(31,30)~ 29)~ 27) 25) 24) 14) 12,((((((31) 29,28)~ 27) 25) 24) 34) 32)~ 11,(((((26) 25) 24) 14) 12) 11)+ 11,(((((18,17)~ 16) 15) 14) 12) 11)+ 11,((13) 12) 11)+ 11,((33) 32) 11)+ 11)+ 11)~ 10,(((((((((((28,(30,31)~ 29)~ 27) 25) 24) 14) 12,(((((28,(30,31)~ 29)~ 27) 25) 24) 34) 32)~ 11,(((((26) 25) 24) 14) 12) 11)+ 11,(((((17,18)~ 16,(((22,21)~ 20,(22,21)~ 20)+ 20) 19)~ 15) 14) 12) 11)+ 11,((13) 12) 11)+ 11,((((((((((((30) 29) 27) 25) 24) 14) 12,((((((30) 29) 27) 25) 24) 34) 32)~ 11,(((((((31) 29) 27) 25) 24) 14) 12) 11)+ 11,((((((28) 27) 25) 24) 14) 12) 11)+ 11,((((((28) 27) 25) 24) 14) 12,((((((30,31)~ 29) 27) 25) 24) 34) 32)~ 11)+ 11,(((((26) 25) 24) 14) 12) 11)+ 11,((((37,36)~ 35) 34) 32) 11)+ 11)+ 11) 10)+ 10) 8) 6)+ 6,((((4,5)~ 3,(4,5)~ 3)+ 3,(5,4)~ 3)+ 3,2)~ 1)~ 0
&t ((7,(((39,40)~ 38,(((((((((28,(30,31)~ 29)~ 27) 25) 24) 14) 12,(((((28,(31,30)~ 29)~ 27) 25) 24) 34) 32)~ 11,(((((23,(22,21)~ 20)~ 19,(18,17)~ 16)~ 15) 14) 12) 11)+ 11,(((13,13)+ 13) 12) 11)+ 11,(((((((((28,(31,30)~ 29)~ 27) 25) 24) 14) 12,(((((28,(31,30)~ 29)~ 27) 25) 24) 34) 32)~ 11,(((((26) 25) 24) 14) 12) 11)+ 11,(((((26) 25) 24) 14) 12) 11)+ 11,((33,((37,36)~ 35) 34)~ 32) 11)+ 11)+ 11)~ 10) 8)~ 6,(((5,(4,4)+ 4)~ 3,(5,4)~ 3)+ 3,2)~ 1)~ 0
&t (((((5,4)~ 3,(4) 3)+ 3,(5) 3)+ 3) 1,((9,(((40,39)~ 38,(((((((28,(31,30)~ 29)~ 27) 25) 24) 14) 12,(((((28,(31,30)~ 29)~ 27) 25) 24) 34) 32)~ 11,(((((26) 25) 24) 14) 12) 11)+ 11)~ 10,(((((((((((28,(31,30)~ 29)~ 27) 25) 24) 14) 12,(((((28,(30,31)~ 29)~ 27) 25) 24) 34) 32)~ 11,((((((28) 27) 25) 24) 14) 12,((((((31,30)~ 29) 27) 25) 24) 34) 32)~ 11)+ 11,(((((26) 25) 24) 14) 12) 11)+ 11,((13,((((21,22)~ 20) 19,(18,17)~ 16)~ 15) 14)~ 12) 11)+ 11,((((37,36)~ 35) 34) 32) 11)+ 11) 10)+ 10)~ 8) 6)~ 0
&t (((9,((40,39)~ 38,(((((((((28,(31,30)~ 29)~ 27) 25) 24) 14) 12,(((((28,(30,31)~ 29)~ 27) 25) 24) 34) 32)~ 11,((((36) 35) 34) 32) 11)+ 11,((33) 32) 11)+ 11,(((((((26) 25) 24) 14) 12,((((26) 25) 24) 34) 32)~ 11,((((((28,(31,30)~ 29)~ 27) 25) 24) 14) 12,(((((28,(30,31)~ 29)~ 27) 25) 24) 34) 32)~ 11)+ 11,((((((21,22)~ 20) 19,(18,17)~ 16)~ 15) 14) 12) 11)+ 11)+ 11)~ 10)~ 8) 6,((((4,5)~ 3,(5) 3)+ 3,(5,4)~ 3)+ 3,2)~ 1)~ 0
&t ((((((((7,((((33) 32) 11) 10) 8)~ 6,(((((((((((((31) 29) 27) 25) 24) 14) 12,(((((28,(31,30)~ 29)~ 27) 25) 24) 34) 32)~ 11,((((((28) 27) 25) 24) 14) 12) 11)+ 11,(((((((30) 29) 27) 25) 24) 14) 12) 11)+ 11,(((((26) 25) 24) 14) 12) 11)+ 11) 10) 8) 6)+ 6,(((((((36,37)~ 35) 34) 32,((((26,(28,(31,30)~ 29)~ 27)~ 25) 24) 14) 12)~ 11) 10) 8) 6)+ 6,(((((((((18,17)~ 16,(17,18)~ 16)+ 16) 15) 14) 12) 11) 10) 8) 6)+ 6,(((((13) 12) 11) 10) 8) 6)+ 6,((((39,40)~ 38) 10) 8) 6)+ 6,(((9,9)+ 9) 8) 6)+ 6,((2,((5,4)~ 3,(4,5)~ 3)+ 3)~ 1,(((4,5)~ 3,(5,4)~ 3)+ 3) 1)+ 1)~ 0
&t (((((4) 3,2)~ 1,((5,4)~ 3) 1)+ 1,(2,(((5,4)~ 3,(4) 3)+ 3,(5) 3)+ 3)~ 1)+ 1,(((((((((((((((((31) 29) 27) 25) 24) 14) 12,((((((30) 29) 27) 25) 24) 34) 32)~ 11,((((((((30) 29) 27) 25) 24) 14) 12,(((((28,(30) 29)~ 27) 25) 24) 34) 32)~ 11,((((((28,(31) 29)~ 27) 25) 24) 14) 12,((((((31) 29,28)~ 27) 25) 24) 34) 32)~ 11)+ 11)+ 11,((((((22,21)~ 20) 19,(18,17)~ 16)~ 15) 14) 12,(((37) 35) 34) 32)~ 11)+ 11,(((((26) 25) 24) 14) 12) 11)+ 11,((((36) 35) 34) 32) 11)+ 11) 10,9)~ 8,(((39) 38,(((((26) 25) 24) 14) 12) 11)~ 10) 8)+ 8,(((((13,13)+ 13) 12) 11) 10) 8)+ 8,(((((((((((31) 29) 27) 25) 24) 14) 12,(((((28) 27) 25) 24) 34) 32)~ 11,((((((((30) 29) 27) 25) 24) 14) 12,(((((28,(31) 29)~ 27) 25) 24) 34) 32)~ 11,(((((((31) 29) 27) 25) 24) 14) 12) 11)+ 11)+ 11,(((((((30) 29) 27) 25) 24) 14) 12) 11)+ 11) 10) 8)+ 8) 6)~ 0
&t ((2,((4,5)~ 3,(5,4)~ 3)+ 3)~ 1,((((((((((((28,(30,31)~ 29)~ 27) 25) 24) 14) 12,(((((28,(31,30)~ 29)~ 27) 25) 24) 34) 32)~ 11,(((((((28,(31,30)~ 29)~ 27) 25) 24) 14) 12,(((((28,(30,31)~ 29)~ 27) 25) 24) 34) 32)~ 11,(((((26) 25) 24) 14) 12) 11)+ 11)+ 11,((13,(((23,(22,21)~ 20)~ 19) 15) 14)~ 12) 11)+ 11,(39) 38)~ 10,((((((((((30,31)~ 29,28)~ 27) 25) 24) 14) 12,(((((28) 27) 25) 24) 34) 32)~ 11,(((((26) 25) 24) 14) 12) 11)+ 11,((((36,37)~ 35) 34) 32) 11)+ 11) 10)+ 10,9)~ 8,(7,7)+ 7)~ 6)~ 0
&t ((((4,5)~ 3,(5,(4,4)+ 4)~ 3)+ 3) 1,((((((((((((((30,31)~ 29,28)~ 27) 25) 24) 14) 12,(((((28,(31,30)~ 29)~ 27) 25) 24) 34) 32)~ 11,(((((26) 25) 24) 14) 12) 11)+ 11,((((37) 35) 34) 32,(13) 12)~ 11)+ 11,(((((((28,(30,31)~ 29)~ 27) 25) 24) 14) 12,(((((28,(30,31)~ 29)~ 27) 25) 24) 34) 32)~ 11,(((((23,(22,21)~ 20)~ 19,(17,18)~ 16)~ 15) 14) 12) 11)+ 11)+ 11,((33) 32) 11)+ 11,(40,39)~ 38)~ 10) 8,7)~ 6)~ 0
&t ((2,(((4,5)~ 3,(5,4)~ 3)+ 3,(4,5)~ 3)+ 3)~ 1) 0
&t ((2,((4,5)~ 3,(4,5)~ 3)+ 3)~ 1,(((((((39,40)~ 38,((33) 32) 11)~ 10,((((((((28,(30,31)~ 29)~ 27) 25) 24) 14) 12,(((((28,(30,31)~ 29)~ 27) 25) 24) 34) 32)~ 11,(((((26) 25) 24) 14) 12) 11)+ 11) 10)+ 10,(((((37,(36,36)+ 36)~ 35) 34) 32) 11) 10)+ 10,((((((((((28,(31,30)~ 29)~ 27) 25) 24) 14) 12,((((26,(28,(30,31)~ 29)~ 27)~ 25) 24) 34) 32)~ 11,(((((23) 19,((17,17)+ 17) 16)~ 15) 14) 12) 11)+ 11,((((((21,22)~ 20) 19) 15) 14) 12) 11)+ 11,(((13,(13,13)+ 13)+ 13) 12) 11)+ 11) 10)+ 10,9)~ 8) 6)~ 0
&t ((((5,4)~ 3,(5,4)~ 3)+ 3,(2,(2,2)+ 2)+ 2)~ 1,(((((((((((((28,(31,30)~ 29)~ 27) 25) 24) 14) 12,(((((28,(31,30)~ 29)~ 27) 25) 24) 34) 32)~ 11,((((((((30,31)~ 29,28)~ 27) 25) 24) 14) 12,(((((28,(31,30)~ 29)~ 27) 25) 24) 34) 32)~ 11,(((((26) 25) 24) 14) 12) 11)+ 11)+ 11,((((37,36)~ 35) 34) 32) 11)+ 11,(((((26) 25) 24) 14) 12) 11)+ 11,((33) 32,(13,((((18,17)~ 16,(18,17)~ 16)+ 16,(23,(21,22)~ 20)~ 19)~ 15) 14)~ 12)~ 11)+ 11,(39,40)~ 38)~ 10) 8,7)~ 6)~ 0
&t ((2,((5,4)~ 3,(4,5)~ 3)+ 3)~ 1,(((((((((((((26) 25) 24) 14) 12,(((((28,(30,31)~ 29)~ 27) 25) 24) 34) 32)~ 11,(((((((30) 29) 27) 25) 24) 14) 12,(((((28,(31) 29)~ 27) 25) 24) 34) 32)~ 11)+ 11,(((((18,17)~ 16,(23,(22,21)~ 20)~ 19)~ 15) 14) 12) 11)+ 11,((13) 12) 11)+ 11,((40,39)~ 38,(40) 38)+ 38)~ 10,(((33,((37,36)~ 35) 34)~ 32) 11) 10)+ 10,((((((((28,(30,31)~ 29)~ 27) 25) 24) 14) 12,(((((28,(30,31)~ 29)~ 27) 25) 24) 34) 32)~ 11,(((((26) 25) 24) 14) 12) 11)+ 11) 10)+ 10,9)~ 8,(7,7)+ 7)~ 6)~ 0
&t ((7,(9,((((((((((((28,(30,31)~ 29)~ 27) 25) 24) 14) 12,(((((28,(30,31)~ 29)~ 27) 25) 24) 34) 32)~ 11,(((((26) 25) 24) 14) 12) 11)+ 11,((((((22,21)~ 20) 19) 15) 14) 12) 11)+ 11,(((((23,((22,21)~ 20,(22,21)~ 20)+ 20)~ 19,((17,18)~ 16,(17,18)~ 16)+ 16)~ 15) 14) 12) 11)+ 11,(((((18,17)~ 16) 15) 14) 12) 11)+ 11,(((((((((28,(31,30)~ 29)~ 27) 25) 24) 14) 12,(((((28,(30,31)~ 29)~ 27) 25) 24) 34) 32)~ 11,(((((26) 25) 24) 14) 12) 11)+ 11,(((((26) 25) 24) 14) 12) 11)+ 11,((((37,36)~ 35) 34) 32) 11)+ 11)+ 11) 10)~ 8)~ 6,(((4,5)~ 3,(4,5)~ 3)+ 3,2)~ 1)~ 0
&t (((((7,(((((((((((28,(31,30)~ 29)~ 27) 25) 24) 14) 12,(((((28,(31,30)~ 29)~ 27) 25) 24) 34) 32)~ 11,(((((26) 25) 24) 14) 12) 11)+ 11,((((37,36)~ 35) 34) 32) 11)+ 11,((((((((((((28) 27) 25) 24) 14) 12,((((((30,31)~ 29) 27) 25) 24) 34) 32)~ 11,((((((((((31) 29) 27) 25) 24) 14) 12,((((((31) 29) 27) 25) 24) 34) 32)~ 11,(((((((30) 29) 27) 25) 24) 14) 12) 11)+ 11,((((((28) 27) 25) 24) 14) 12) 11)+ 11,((((((28) 27) 25) 24) 14) 12,((((((30,31)~ 29) 27) 25) 24) 34) 32)~ 11)+ 11)+ 11,(((((26) 25) 24) 14) 12) 11)+ 11,((13) 12) 11)+ 11,((((36,37)~ 35) 34) 32) 11)+ 11,(((((26) 25) 24,((23,(22,21)~ 20)~ 19) 15)~ 14) 12,(((((28,(31,30)~ 29)~ 27) 25) 24) 34) 32)~ 11)+ 11,(((((((23) 19,(18,(17,17)+ 17)~ 16)~ 15,(((21,22)~ 20) 19) 15)+ 15,((18) 16) 15)+ 15) 14) 12) 11)+ 11)+ 11) 10) 8)~ 6,(((((39,40)~ 38,(39) 38)+ 38) 10) 8) 6)+ 6,((((40) 38) 10) 8) 6)+ 6,(((9,9)+ 9) 8) 6)+ 6,(((4,5)~ 3,(5,4)~ 3)+ 3,2)~ 1)~ 0
&t ((7,(((((39,(40,40)+ 40)~ 38,((((((((26) 25) 24) 14) 12,((((26) 25) 24) 34) 32)~ 11,(((((26) 25) 24) 14) 12) 11)+ 11,(((((((28) 27) 25) 24) 14) 12,((((((30,31)~ 29) 27) 25) 24) 34) 32)~ 11,((((((((30,31)~ 29) 27) 25) 24) 14) 12,((((((30,31)~ 29) 27) 25) 24) 34) 32)~ 11,((((((28) 27) 25) 24) 14) 12) 11)+ 11)+ 11)+ 11,((((36,37)~ 35) 34) 32) 11)+ 11)~ 10,(((33) 32) 11) 10)+ 10,(((((((((((((31) 29) 27) 25) 24) 14) 12,((((((31,30)~ 29) 27) 25) 24) 34) 32)~ 11,((((((28) 27) 25) 24) 14) 12) 11)+ 11,((((((28) 27) 25) 24) 14) 12,((((((31,30)~ 29) 27) 25) 24) 34) 32)~ 11)+ 11,(((((26) 25) 24) 14) 12) 11)+ 11,(((((23,(21,22)~ 20)~ 19) 15) 14) 12) 11)+ 11,((13) 12) 11)+ 11) 10)+ 10) 8)~ 6,(((5,4)~ 3,(5,4)~ 3)+ 3,2)~ 1)~ 0
&t ((7,(((((39,40)~ 38,(40,39)~ 38)+ 38,(((((((((26) 25) 24) 14) 12,((((26) 25) 24) 34) 32)~ 11,(((((26) 25) 24) 14) 12) 11)+ 11,((((((((((31) 29) 27) 25) 24) 14) 12,((((((30,31)~ 29) 27) 25) 24) 34) 32)~ 11,(((((((30) 29) 27) 25) 24) 14) 12) 11)+ 11,((((((28) 27) 25) 24) 14) 12) 11)+ 11,(((((((31) 29) 27) 25) 24) 14) 12,(((((28,(30) 29)~ 27) 25) 24) 34) 32)~ 11)+ 11)+ 11,(((((((((28,(30,31)~ 29)~ 27) 25) 24) 14) 12,(((((28,(30,31)~ 29)~ 27) 25) 24) 34) 32)~ 11,(((((26) 25) 24) 14) 12) 11)+ 11,(((((18,17)~ 16,(23,(22,21)~ 20)~ 19)~ 15) 14) 12) 11)+ 11,((13) 12) 11)+ 11)+ 11,((33) 32) 11)+ 11)~ 10,(((((((((((((((30) 29) 27) 25) 24) 14) 12,((((((31) 29) 27) 25) 24) 34) 32)~ 11,((((((28) 27) 25) 24) 14) 12,(((((28) 27) 25) 24) 34) 32)~ 11)+ 11,((((((28) 27) 25) 24) 14) 12,((((((30,31)~ 29) 27) 25) 24) 34) 32)~ 11)+ 11,((13) 12) 11)+ 11,(((((26) 25) 24) 14) 12) 11)+ 11,((((((18,17)~ 16,(18) 16)+ 16,((23,23)+ 23,(22,21)~ 20)~ 19)~ 15) 14) 12) 11)+ 11,((33) 32) 11)+ 11,((((((((28,(31,30)~ 29)~ 27) 25) 24) 14) 12,(((((28,(31,30)~ 29)~ 27) 25) 24) 34) 32)~ 11,(((((26) 25) 24) 14) 12) 11)+ 11,((((37,36)~ 35) 34) 32) 11)+ 11)+ 11) 10)+ 10) 8)~ 6) 0
&t (((2,(5,4)~ 3)~ 1,(((5,4)~ 3,(5,4)~ 3)+ 3) 1)+ 1,(((((9,(((33) 32) 11) 10)~ 8,(((((((((((28,(31,30)~ 29)~ 27) 25) 24) 14) 12,(((((28,(31,30)~ 29)~ 27) 25) 24) 34) 32)~ 11,((((((28) 27) 25) 24) 14) 12,((((((30,31)~ 29) 27) 25) 24) 34) 32)~ 11)+ 11,(((((26) 25) 24) 14) 12) 11)+ 11,((((37,36)~ 35) 34) 32) 11)+ 11) 10) 8)+ 8,(((((((((((28,(31,30)~ 29)~ 27) 25) 24) 14) 12,(((((28,(30,31)~ 29)~ 27) 25) 24) 34) 32)~ 11,(((((26) 25) 24) 14) 12) 11)+ 11,((((((23) 19,(18,17)~ 16)~ 15,(((22,21)~ 20) 19) 15)+ 15) 14) 12) 11)+ 11,((13) 12) 11)+ 11) 10) 8)+ 8,(((39) 38) 10) 8)+ 8,7)~ 6)~ 0
&t ((7,((9,((39,40)~ 38) 10)~ 8,(((((((((((((((28) 27) 25) 24) 14) 12,((((((30,31)~ 29) 27) 25) 24) 34) 32)~ 11,((((((28,(30,31)~ 29)~ 27) 25) 24) 14) 12,(((((28,(31,30)~ 29)~ 27) 25) 24) 34) 32)~ 11)+ 11,(((((26) 25) 24) 14) 12) 11)+ 11,(((((23,(21,22)~ 20)~ 19) 15) 14) 12) 11)+ 11,((13,(((17,18)~ 16) 15) 14)~ 12) 11)+ 11,(((((((28,(31,30)~ 29)~ 27) 25) 24) 14) 12,(((((28,(30,31)~ 29)~ 27) 25) 24) 34) 32)~ 11,(((((26) 25) 24) 14) 12) 11)+ 11)+ 11,((((36) 35) 34) 32) 11)+ 11,((33) 32) 11)+ 11) 10) 8)+ 8)~ 6,(((2,2)+ 2,2)+ 2,((5,4)~ 3,(5,4)~ 3)+ 3)~ 1)~ 0
&t ((7,((((((((((((((28,(30,31)~ 29)~ 27) 25) 24) 14) 12,(((((28,(31,30)~ 29)~ 27) 25) 24) 34) 32)~ 11,(((((26) 25) 24) 14) 12) 11)+ 11,((13) 12) 11)+ 11,(((((17,18)~ 16,((21,22)~ 20,23)~ 19)~ 15) 14) 12) 11)+ 11,(((((((((28,(31,30)~ 29)~ 27) 25) 24) 14) 12,(((((28,(31,30)~ 29)~ 27) 25) 24) 34) 32)~ 11,(((((26) 25) 24) 14) 12) 11)+ 11,((((37,36)~ 35) 34) 32) 11)+ 11,((33) 32) 11)+ 11)+ 11,(39,40)~ 38)~ 10,(((33) 32) 11) 10)+ 10,(((((((((((((31,30)~ 29) 27) 25) 24) 14) 12,((((((31,30)~ 29) 27) 25) 24) 34) 32)~ 11,((((((28) 27) 25) 24) 14) 12) 11)+ 11,((((((28) 27) 25) 24) 14) 12,((((((30,31)~ 29) 27) 25) 24) 34) 32)~ 11)+ 11,(((((26) 25) 24) 14) 12) 11)+ 11,(((((((21,22)~ 20) 19,(18,17)~ 16)~ 15,((23) 19) 15)+ 15) 14) 12) 11)+ 11,((((((((28,(31,30)~ 29)~ 27) 25) 24) 14) 12,(((((28,(31,30)~ 29)~ 27) 25) 24) 34) 32)~ 11,(((((36,(37,37)+ 37)~ 35,(36) 35)+ 35) 34) 32) 11)+ 11,(((((26) 25) 24) 14) 12) 11)+ 11)+ 11) 10)+ 10) 8)~ 6) 0
&t (((9,((40,39)~ 38,((((((((((28,(31,30)~ 29)~ 27) 25) 24) 14) 12,(((((28,(30,31)~ 29)~ 27) 25) 24) 34) 32)~ 11,((((((((31,30)~ 29) 27) 25) 24) 14) 12,((((((31,30)~ 29) 27) 25) 24) 34) 32)~ 11,((((((28) 27) 25) 24) 14) 12) 11)+ 11)+ 11,(((((26) 25) 24) 14) 12) 11)+ 11,((33,((36) 35) 34)~ 32) 11)+ 11,((((((18,17)~ 16,((21) 20,23)~ 19)~ 15) 14) 12,((((26,(28,(30,31)~ 29)~ 27)~ 25) 24) 34) 32)~ 11,((13) 12) 11)+ 11)+ 11)~ 10)~ 8) 6,(((5,4)~ 3,(4,5)~ 3)+ 3,2)~ 1)~ 0
&t ((2,((5,4)~ 3,(5,4)~ 3)+ 3)~ 1) 0
&t ((2,((4,5)~ 3,(4,5)~ 3)+ 3)~ 1,(((9,9)+ 9,((((13) 12,(((37,36)~ 35) 34) 32)~ 11,((((((((28,(30,31)~ 29)~ 27) 25) 24) 14) 12,(((((28,(30,31)~ 29)~ 27) 25) 24) 34) 32)~ 11,(((((26) 25) 24) 14) 12) 11)+ 11,((33) 32,((((18,17)~ 16,(23,((22,21)~ 20,(21,22)~ 20)+ 20)~ 19)~ 15) 14) 12)~ 11)+ 11)+ 11) 10)~ 8) 6)~ 0
&t ((2) 1,((((((9) 8,(7,7)+ 7)~ 6,((((40,39)~ 38) 10) 8) 6)+ 6,((((((((((26) 25) 24) 14) 12,((((26) 25) 24) 34) 32)~ 11,((((((28,(31,30)~ 29)~ 27) 25) 24) 14) 12,(((((28,(30,31)~ 29)~ 27) 25) 24) 34) 32)~ 11)+ 11,((((37,36)~ 35) 34) 32) 11)+ 11) 10) 8) 6)+ 6,(((((((((((28,(31,30)~ 29)~ 27) 25) 24) 14) 12,(((((28,(31,30)~ 29)~ 27) 25) 24) 34) 32)~ 11,(((((26) 25) 24) 14) 12) 11)+ 11,(((((((22) 20) 19,(18,17)~ 16)~ 15,(((23,23)+ 23) 19) 15)+ 15) 14) 12) 11)+ 11) 10) 8) 6)+ 6,(((((33) 32) 11) 10) 8) 6)+ 6)~ 0
&t ((2,((5,4)~ 3,(5,4)~ 3)+ 3)~ 1,((((40,39)~ 38,(((((((28,(31,30)~ 29)~ 27) 25) 24) 14) 12,(((((28,(30,31)~ 29)~ 27) 25) 24) 34) 32)~ 11,((((((((((28) 27) 25) 24) 14) 12,((((((31,30)~ 29) 27) 25) 24) 34) 32)~ 11,(((((26) 25) 24) 14) 12,((((26) 25) 24) 34) 32)~ 11)+ 11,(((((18,17)~ 16,((23,23)+ 23,(22,21)~ 20)~ 19)~ 15) 14) 12) 11)+ 11,((13) 12) 11)+ 11,((33) 32) 11)+ 11)+ 11)~ 10,(9,9)+ 9)~ 8) 6)~ 0
&t (((7,7)+ 7,(((((((((((((28,(30,31)~ 29)~ 27) 25) 24) 14) 12,(((((28,(31,30)~ 29)~ 27) 25) 24) 34) 32)~ 11,(((((26) 25) 24) 14) 12) 11)+ 11,(((((17,18)~ 16,(23,(22,(21,21)+ 21)~ 20)~ 19)~ 15) 14) 12) 11)+ 11,((13) 12) 11)+ 11,((((37) 35) 34) 32) 11)+ 11,((((((((28,(30,31)~ 29)~ 27) 25) 24) 14) 12,((((((31,30)~ 29,28)~ 27) 25) 24) 34) 32)~ 11,(((((26) 25) 24) 14) 12) 11)+ 11,((((36) 35) 34,33)~ 32) 11)+ 11)+ 11,(39) 38)~ 10,9)~ 8)~ 6) 0
&t ((2) 1,(7,((((40,39)~ 38,(((((((((28,(31,30)~ 29)~ 27) 25) 24) 14) 12,(((((28,(30,31)~ 29)~ 27) 25) 24) 34) 32)~ 11,(((((26) 25) 24) 14) 12) 11)+ 11,(((((26) 25) 24) 14) 12,(((((28,(31,30)~ 29)~ 27) 25) 24) 34) 32)~ 11)+ 11,((13,(((17,18)~ 16,((23,23)+ 23,(22,21)~ 20)~ 19)~ 15) 14)~ 12) 11)+ 11)~ 10,(((((((((28,(30,31)~ 29)~ 27) 25) 24) 14) 12,(((((28,(31,30)~ 29)~ 27) 25) 24) 34) 32)~ 11,(((((26) 25) 24) 14) 12) 11)+ 11,(((33,33)+ 33) 32) 11)+ 11) 10)+ 10,9)~ 8)~ 6)~ 0
&t ((2,((5,4)~ 3,(5,4)~ 3)+ 3)~ 1,(((((((((((((((28,(31,30)~ 29)~ 27) 25) 24) 14) 12,(((((28,(31,30)~ 29)~ 27) 25) 24) 34) 32)~ 11,(((((26) 25) 24) 14) 12) 11)+ 11,((13) 12) 11)+ 11,(((((17,18)~ 16,(23,(22,21)~ 20)~ 19)~ 15) 14) 12) 11)+ 11,(((((36,36)+ 36,37)~ 35) 34) 32) 11)+ 11,(((39,40)~ 38,(39,(40,40)+ 40)~ 38)+ 38,((39,40)~ 38,(39,40)~ 38)+ 38)+ 38)~ 10,(((33) 32) 11) 10)+ 10) 8,7)~ 6,((9) 8) 6)+ 6)~ 0
&t ((7,(9,((((40,39)~ 38,((((((((((((31) 29) 27) 25) 24) 14) 12,((((((31) 29) 27) 25) 24) 34) 32)~ 11,(((((((30) 29) 27) 25) 24) 14) 12) 11)+ 11,((((((28) 27) 25) 24) 14) 12) 11)+ 11,((((((28) 27) 25) 24) 14) 12,((((((31,30)~ 29) 27) 25) 24) 34) 32)~ 11)+ 11,(((((26) 25) 24) 14) 12) 11)+ 11,(((((17,18)~ 16,(23,(21,22)~ 20)~ 19)~ 15) 14) 12) 11)+ 11)~ 10,(((((((((28,(31,30)~ 29)~ 27) 25) 24) 14) 12,(((((28,(30,31)~ 29)~ 27) 25) 24) 34) 32)~ 11,(((((26) 25) 24) 14) 12) 11)+ 11,((((36,37)~ 35) 34) 32) 11)+ 11) 10)+ 10,(((33) 32) 11) 10)+ 10)~ 8)~ 6,(((5,4)~ 3,(5,4)~ 3)+ 3,2)~ 1)~ 0
&t (((((((7,((((((37,36)~ 35) 34) 32) 11) 10) 8)~ 6,((9) 8) 6)+ 6,(((((33) 32) 11) 10) 8) 6)+ 6,(((((((((((((30,31)~ 29) 27) 25) 24) 14) 12,((((((31,30)~ 29) 27) 25) 24) 34) 32)~ 11,((((((28) 27) 25) 24) 14) 12) 11)+ 11,((((((28,(31,30)~ 29)~ 27) 25) 24) 14) 12,(((((28,(31,30)~ 29)~ 27) 25) 24) 34) 32)~ 11)+ 11,(((((26) 25) 24) 14) 12,((((26) 25) 24) 34) 32)~ 11)+ 11) 10) 8) 6)+ 6,(((((((((((((28,(31,30)~ 29)~ 27) 25) 24) 14) 12,(((((28,(31,30)~ 29)~ 27) 25) 24) 34) 32)~ 11,((((((28,(30,31)~ 29)~ 27) 25) 24) 14) 12,(((((28,(31,30)~ 29)~ 27) 25) 24) 34) 32)~ 11)+ 11,((((((28) 27) 25) 24) 14) 12,((((((30,31)~ 29) 27) 25) 24) 34) 32)~ 11)+ 11,(((((17,18)~ 16,(23,(22,21)~ 20)~ 19)~ 15) 14) 12) 11)+ 11,((13) 12) 11)+ 11) 10) 8) 6)+ 6,((((39,40)~ 38) 10) 8) 6)+ 6,(((4,5)~ 3,(5,4)~ 3)+ 3,2)~ 1)~ 0
&t ((7,(((((((9,9)+ 9,9)+ 9,(((((37) 35) 34) 32) 11) 10)~ 8,((((((36) 35) 34) 32) 11) 10) 8)+ 8,(((((((((28,(30,31)~ 29)~ 27) 25) 24) 14) 12,(((((28,(30,31)~ 29)~ 27) 25) 24) 34) 32)~ 11,(((((26) 25) 24) 14) 12) 11)+ 11) 10) 8)+ 8,((((((((((((28) 27) 25) 24) 14) 12,((((((31,30)~ 29) 27) 25) 24) 34) 32)~ 11,(((((((30) 29) 27) 25) 24) 14) 12,(((((28,(31) 29)~ 27) 25) 24) 34) 32)~ 11)+ 11,((((((((28,(30,31)~ 29)~ 27) 25) 24) 14) 12,(((((28,(31,30)~ 29)~ 27) 25) 24) 34) 32)~ 11,(((((26) 25) 24) 14) 12) 11)+ 11,(((((26) 25) 24) 14) 12,((((26) 25) 24) 34) 32)~ 11)+ 11)+ 11,(((((23) 19) 15) 14) 12) 11)+ 11,((13) 12) 11)+ 11) 10) 8)+ 8,(((39,40)~ 38) 10) 8)+ 8)~ 6) 0
&t ((2,((4,5)~ 3,(5,4)~ 3)+ 3)~ 1,((((((((((((28,(31,30)~ 29)~ 27) 25) 24) 14) 12,(((((28,(30,31)~ 29)~ 27) 25) 24) 34) 32)~ 11,(((((26) 25) 24) 14) 12) 11)+ 11,((((37,36)~ 35) 34) 32) 11)+ 11,(((((((((((28) 27) 25) 24) 14) 12,((((((30,31)~ 29) 27) 25) 24) 34) 32)~ 11,(((((((31,30)~ 29) 27) 25) 24) 14) 12,(((((28,(31,30)~ 29)~ 27) 25) 24) 34) 32)~ 11)+ 11,(((((26) 25) 24) 14) 12) 11)+ 11,((13) 12) 11)+ 11,(((((18,17)~ 16,(23,(21,22)~ 20)~ 19)~ 15) 14) 12) 11)+ 11,((33) 32) 11)+ 11)+ 11,(40,39)~ 38)~ 10,9)~ 8) 6)~ 0
&t (((((4,5)~ 3,(5,4)~ 3)+ 3,(2,2)+ 2)~ 1,(((5,4)~ 3,(5,4)~ 3)+ 3) 1)+ 1,(((9) 8,7)~ 6,(((((((((((26) 25) 24) 14) 12,(((((28,(30,31)~ 29)~ 27) 25) 24) 34) 32)~ 11,(40,39)~ 38)~ 10,(((((((((28,(30,31)~ 29)~ 27) 25) 24) 14) 12,(((((28,(30,31)~ 29)~ 27) 25) 24) 34) 32)~ 11,(((((26) 25) 24) 14) 12) 11)+ 11,((((((17,18)~ 16,((22,21)~ 20,23)~ 19)~ 15,(((18) 16,(23,(22,21)~ 20)~ 19)~ 15,((17) 16) 15)+ 15)+ 15) 14) 12) 11)+ 11) 10)+ 10,(((33) 32) 11) 10)+ 10,(((13) 12) 11) 10)+ 10) 8) 6)+ 6)~ 0
&t ((7,(9,(((((((((((28) 27) 25) 24) 14) 12,(((((28,(31,30)~ 29)~ 27) 25) 24) 34) 32)~ 11,((((((28,(30,31)~ 29)~ 27) 25) 24) 14) 12,(((((28,(31,30)~ 29)~ 27) 25) 24) 34) 32)~ 11)+ 11,(((((26) 25) 24) 14) 12) 11)+ 11,((((37,36)~ 35) 34) 32) 11)+ 11,(((((((((((30) 29) 27) 25) 24) 14) 12,((((((31) 29) 27) 25) 24) 34) 32)~ 11,((((((28) 27) 25) 24) 14) 12,(((((28) 27) 25) 24) 34) 32)~ 11)+ 11,((((((28) 27) 25) 24) 14) 12,((((((31,30)~ 29) 27) 25) 24) 34) 32)~ 11)+ 11,(((((26) 25) 24) 14) 12) 11)+ 11,((13,(((((17,18)~ 16,(18) 16)+ 16,(17) 16)+ 16,(23,(22,21)~ 20)~ 19)~ 15) 14)~ 12) 11)+ 11)+ 11,((40,39)~ 38,(40) 38)+ 38)~ 10)~ 8)~ 6,(((4,5)~ 3,2)~ 1,((5,4)~ 3) 1)+ 1)~ 0
&t ((2) 1,(((((((33) 32,((((26) 25) 24) 14) 12)~ 11,(((((((((((30) 29) 27) 25) 24) 14) 12,((((((31) 29,28)~ 27) 25) 24) 34) 32)~ 11,((((((28) 27) 25) 24) 14) 12,((((((30,31)~ 29) 27) 25) 24) 34) 32)~ 11)+ 11,(((((26) 25) 24) 14) 12) 11)+ 11,((13,(((((18,17)~ 16,(17) 16)+ 16,(18) 16)+ 16,((21,22)~ 20,23)~ 19)~ 15) 14)~ 12) 11)+ 11,((((37) 35) 34) 32) 11)+ 11)+ 11) 10,9)~ 8,7)~ 6,(7) 6)+ 6)~ 0
&t (((2,((4,5)~ 3,(5,4)~ 3)+ 3)~ 1,(2,(((5,(4,4)+ 4)~ 3,(4,5)~ 3)+ 3,(5,4)~ 3)+ 3)~ 1)+ 1,(((7,7)+ 7,((((39,40)~ 38,((((((((28,(30,31)~ 29)~ 27) 25) 24) 14) 12,(((((28,(31,30)~ 29)~ 27) 25) 24) 34) 32)~ 11,((((36,37)~ 35) 34) 32) 11)+ 11,((33) 32) 11)+ 11)~ 10,((((((((((28,(31,30)~ 29)~ 27) 25) 24) 14) 12,(((((28,(30,31)~ 29)~ 27) 25) 24) 34) 32)~ 11,(((((26) 25) 24) 14) 12) 11)+ 11,((13) 12) 11)+ 11,(((((18,17)~ 16,(23,(21,22)~ 20)~ 19)~ 15) 14) 12) 11)+ 11) 10)+ 10) 8)~ 6,((((((((((((((30,31)~ 29,28)~ 27) 25) 24) 14) 12,(((((28,(31,30)~ 29)~ 27) 25) 24) 34) 32)~ 11,((13) 12) 11)+ 11,((33,((36,37)~ 35) 34)~ 32) 11)+ 11,(((((((28,(31,30)~ 29)~ 27) 25) 24) 14) 12,((((((30,31)~ 29) 27) 25) 24) 34) 32)~ 11,(((((26) 25) 24) 14) 12) 11)+ 11)+ 11,(39,40)~ 38)~ 10) 8,7)~ 6,((9) 8) 6)+ 6)+ 6)~ 0
&t ((7,(9,((40,39)~ 38,(((((((((28,(30,31)~ 29)~ 27) 25) 24) 14) 12,(((((28,(31,30)~ 29)~ 27) 25) 24) 34) 32)~ 11,(((((26) 25) 24) 14) 12) 11)+ 11,((((((26) 25) 24) 34) 32,((((((22,21)~ 20) 19,(17,18)~ 16)~ 15,((23) 19) 15)+ 15) 14) 12)~ 11,(((13,13)+ 13) 12) 11)+ 11)+ 11,((((((((((((28,(31,30)~ 29)~ 27) 25) 24) 14) 12,(((((28,(31,30)~ 29)~ 27) 25) 24) 34) 32)~ 11,(((((26) 25) 24) 14) 12) 11)+ 11,(((((26) 25) 24) 14) 12) 11)+ 11,(((((((28,(31,30)~ 29)~ 27) 25) 24) 14) 12,(((((28,(30,31)~ 29)~ 27) 25) 24) 34) 32)~ 11,(((((26) 25) 24) 14) 12) 11)+ 11)+ 11,((((36) 35) 34) 32) 11)+ 11,((((((((((((28) 27) 25) 24) 14) 12,(((((28) 27) 25) 24) 34) 32)~ 11,(((((((31) 29) 27) 25) 24) 14) 12,((((((30) 29) 27) 25) 24) 34) 32)~ 11)+ 11,((((((28) 27) 25) 24) 14) 12,((((((30,31)~ 29) 27) 25) 24) 34) 32)~ 11)+ 11,(((((((((30) 29) 27) 25) 24) 14) 12,((((((31) 29) 27) 25) 24) 34) 32)~ 11,((((((28) 27) 25) 24) 14) 12,(((((28) 27) 25) 24) 34) 32)~ 11)+ 11,((((((28) 27) 25) 24) 14) 12,((((((31,30)~ 29) 27) 25) 24) 34) 32)~ 11)+ 11)+ 11,(((((26) 25) 24) 14) 12) 11)+ 11,((13,((((17,18)~ 16,(23) 19)~ 15,(((21,22)~ 20) 19) 15)+ 15) 14)~ 12) 11)+ 11,((((36,37)~ 35) 34) 32) 11)+ 11)+ 11,((33) 32) 11)+ 11)+ 11)~ 10)~ 8)~ 6,(((5,4)~ 3,(5,4)~ 3)+ 3,2)~ 1)~ 0
&t ((2,((4,5)~ 3,(4,5)~ 3)+ 3)~ 1,(((((40,39)~ 38,((((((((((28,(31,30)~ 29)~ 27) 25) 24) 14) 12,(((((28,(30,31)~ 29)~ 27) 25) 24) 34) 32)~ 11,(((((26) 25) 24) 14) 12) 11)+ 11,(((((18,17)~ 16,(23,(21,22)~ 20)~ 19)~ 15) 14) 12) 11)+ 11,((13) 12) 11)+ 11,(((((((((28,(31,30)~ 29)~ 27) 25) 24) 14) 12,(((((28,(30,31)~ 29)~ 27) 25) 24) 34) 32)~ 11,(((((((28,(30,31)~ 29)~ 27) 25) 24) 14) 12,(((((28,(30,31)~ 29)~ 27) 25) 24) 34) 32)~ 11,(((((((28,(30,31)~ 29)~ 27) 25) 24) 14) 12,((((26,(28,(31,30)~ 29)~ 27)~ 25) 24) 34) 32)~ 11,(((((26) 25) 24) 14) 12) 11)+ 11)+ 11)+ 11,((((37,36)~ 35) 34) 32) 11)+ 11,((33) 32) 11)+ 11)+ 11)~ 10,(((((((((((28,(31,30)~ 29)~ 27) 25) 24) 14) 12,(((((28,(30,31)~ 29)~ 27) 25) 24) 34) 32)~ 11,((((36,37)~ 35) 34) 32) 11)+ 11,((33) 32) 11)+ 11,(((13,13)+ 13,(((17,18)~ 16,(23,(21,22)~ 20)~ 19)~ 15) 14)~ 12) 11)+ 11,((((((((28,(30,31)~ 29)~ 27) 25) 24) 14) 12,(((((28,(30,31)~ 29)~ 27) 25) 24) 34) 32)~ 11,(((((26) 25) 24) 14) 12) 11)+ 11,((((((((28,(30,31)~ 29)~ 27) 25) 24) 14) 12,(((((28,(30,31)~ 29)~ 27) 25) 24) 34) 32)~ 11,(((((26) 25) 24) 14) 12) 11)+ 11,(((((18,17)~ 16,(23,(21,22)~ 20)~ 19)~ 15) 14) 12) 11)+ 11)+ 11)+ 11) 10)+ 10) 8) 6)~ 0
&t ((((7,7)+ 7,(((((33) 32) 11,(40,39)~ 38)~ 10,(((((((((((28,(30,31)~ 29)~ 27) 25) 24) 14) 12,(((((28,(30,31)~ 29)~ 27) 25) 24) 34) 32)~ 11,(((((26) 25) 24) 14) 12,((((26) 25) 24) 34) 32)~ 11)+ 11,((((37,36)~ 35) 34) 32) 11)+ 11,(((((((((28,(30,31)~ 29)~ 27) 25) 24) 14) 12,(((((28,(31,30)~ 29)~ 27) 25) 24) 34) 32)~ 11,(((((26) 25) 24) 14) 12) 11)+ 11,((13) 12) 11)+ 11,((((((21,22)~ 20) 19) 15) 14) 12) 11)+ 11)+ 11,(((((((((((28,(31,30)~ 29)~ 27) 25) 24) 14) 12,(((((28,(31,30)~ 29)~ 27) 25) 24) 34) 32)~ 11,(((((26) 25) 24) 14) 12) 11)+ 11,((((((((((30) 29) 27) 25) 24) 14) 12,((((((31) 29) 27) 25) 24) 34) 32)~ 11,((((((28,(31,30)~ 29)~ 27) 25) 24) 14) 12,(((((28,(31,30)~ 29)~ 27) 25) 24) 34) 32)~ 11)+ 11,((((((((((30) 29) 27) 25) 24) 14) 12,((((((30) 29) 27) 25) 24) 34) 32)~ 11,(((((((31) 29) 27) 25) 24) 14) 12) 11)+ 11,((((((28) 27) 25) 24) 14) 12) 11)+ 11,((((((28) 27) 25) 24) 14) 12,((((((30,31)~ 29) 27) 25) 24) 34) 32)~ 11)+ 11)+ 11,(((((26) 25) 24) 14) 12) 11)+ 11)+ 11,(((((36,37)~ 35,(36,37)~ 35)+ 35) 34) 32) 11)+ 11,(((((((((28,(31,30)~ 29)~ 27) 25) 24) 14) 12,(((((28,(31,30)~ 29)~ 27) 25) 24) 34) 32)~ 11,(((((26) 25) 24) 14) 12) 11)+ 11,(((((18) 16,(23,(21,22)~ 20)~ 19)~ 15) 14) 12) 11)+ 11,((13) 12) 11)+ 11)+ 11,((33) 32) 11)+ 11)+ 11) 10)+ 10) 8)~ 6,(((9,9)+ 9) 8) 6)+ 6,(((5,4)~ 3,(4,5)~ 3)+ 3,2)~ 1)~ 0
&t ((2,((4,5)~ 3,(4,5)~ 3)+ 3)~ 1,((((((((((13,13)+ 13) 12) 11) 10) 8,7)~ 6,((((((((26,(28,(31,30)~ 29)~ 27)~ 25) 24) 34) 32,((((18,17)~ 16,(23,(21,22)~ 20)~ 19)~ 15) 14) 12)~ 11) 10) 8) 6)+ 6,(((((((37) 35) 34) 32) 11) 10) 8) 6)+ 6,(((((33) 32) 11,(40,39)~ 38)~ 10) 8) 6)+ 6,((9) 8) 6)+ 6)~ 0
&t (((((((((((((((28,(31,30)~ 29)~ 27) 25) 24) 14) 12,(((((28,(31,30)~ 29)~ 27) 25) 24) 34) 32)~ 11,(((((26) 25) 24) 14) 12) 11)+ 11,(((((((22,21)~ 20) 19,(18,17)~ 16)~ 15,((23) 19) 15)+ 15) 14) 12) 11)+ 11,((13) 12) 11)+ 11,(((((((((((((31) 29) 27) 25) 24) 14) 12,((((((31) 29) 27) 25) 24) 34) 32)~ 11,(((((((30) 29) 27) 25) 24) 14) 12) 11)+ 11,((((((28) 27) 25) 24) 14) 12) 11)+ 11,((((((28) 27) 25) 24) 14) 12,((((((30,31)~ 29) 27) 25) 24) 34) 32)~ 11)+ 11,(((((26) 25) 24) 14) 12) 11)+ 11,(((((23,(21,22)~ 20)~ 19) 15) 14) 12) 11)+ 11,(((13,13)+ 13) 12) 11)+ 11)+ 11,((((((((((28,(31,30)~ 29)~ 27) 25) 24) 14) 12,(((((28,(31,30)~ 29)~ 27) 25) 24) 34) 32)~ 11,((((((28) 27) 25) 24) 14) 12,((((((30,31)~ 29) 27) 25) 24) 34) 32)~ 11)+ 11,(((((26) 25) 24) 14) 12) 11)+ 11,(((((36,37)~ 35,(37,(36,36)+ 36)~ 35)+ 35) 34) 32) 11)+ 11,((33) 32) 11)+ 11)+ 11) 10,9)~ 8) 6,((2,((4,5)~ 3,(5,4)~ 3)+ 3)~ 1,(2,(((5,4)~ 3,(5,4)~ 3)+ 3,((5,4)~ 3,(5,4)~ 3)+ 3)+ 3)~ 1)+ 1)~ 0
&t ((7,((((40,39)~ 38) 10,9)~ 8,((((((((((28,(30,31)~ 29)~ 27) 25) 24) 14) 12,(((((28,(30,31)~ 29)~ 27) 25) 24) 34) 32)~ 11,(((((26) 25) 24) 14) 12,((((26) 25) 24) 34) 32)~ 11)+ 11,(((((((26,(28,(31,30)~ 29)~ 27)~ 25) 24) 34) 32,((((17,(18,18)+ 18)~ 16,((23,(22,21)~ 20)~ 19,(23,((22,21)~ 20,(21,22)~ 20)+ 20)~ 19)+ 19)~ 15) 14) 12)~ 11,((13) 12,((33,33)+ 33) 32)~ 11)+ 11,((((37) 35) 34) 32) 11)+ 11)+ 11) 10) 8)+ 8)~ 6) 0
&t ((((((40,39)~ 38,((((((((((28,(30) 29)~ 27) 25) 24) 14) 12,(((((28,(31,30)~ 29)~ 27) 25) 24) 34) 32)~ 11,(((((26) 25) 24) 14) 12) 11)+ 11,((13,(((18,17)~ 16) 15) 14)~ 12) 11)+ 11,((33) 32) 11)+ 11,(((((26) 25) 24) 14) 12,(((37,36)~ 35) 34) 32)~ 11)+ 11)~ 10,((39,40)~ 38) 10)+ 10) 8) 6,(((5,4)~ 3,(5,4)~ 3)+ 3,2)~ 1)~ 0
&t ((7) 6,((((4,5)~ 3,(4,5)~ 3)+ 3,(((4,5)~ 3,(4,5)~ 3)+ 3,((4,5)~ 3,(4,5)~ 3)+ 3)+ 3)+ 3) 1)~ 0
&t (((9,((40,(39,39)+ 39)~ 38,((((((((((28,(31,30)~ 29)~ 27) 25) 24) 14) 12,(((((28,(31,30)~ 29)~ 27) 25) 24) 34) 32)~ 11,(((((26) 25) 24) 14) 12) 11)+ 11,((((37) 35) 34) 32) 11)+ 11,((33) 32) 11)+ 11,(((((((((28,(31,30)~ 29)~ 27) 25) 24) 14) 12,(((((28,(30,31)~ 29)~ 27) 25) 24) 34) 32)~ 11,(((((26) 25) 24) 14) 12) 11)+ 11,(((((23) 19,(18,17)~ 16)~ 15) 14) 12) 11)+ 11,((13) 12) 11)+ 11)+ 11)~ 10)~ 8) 6) 0
&t (((2,((4,5)~ 3,(5,4)~ 3)+ 3)~ 1,(2) 1)+ 1,((((9) 8,(7,7)+ 7)~ 6,((((39,40)~ 38,(((((((((26) 25) 24) 14) 12,(((((28,(30,31)~ 29)~ 27) 25) 24) 34) 32)~ 11,(((((((28,(30,31)~ 29)~ 27) 25) 24) 14) 12,(((((28,(31,30)~ 29)~ 27) 25) 24) 34) 32)~ 11,(((((26) 25) 24) 14) 12) 11)+ 11)+ 11,(((((26) 25) 24) 14) 12,(((((28,(31,30)~ 29)~ 27) 25) 24) 34) 32)~ 11)+ 11,((33) 32) 11)+ 11,((((((((28,(30,31)~ 29)~ 27) 25) 24) 14) 12,(((((28,(31,30)~ 29)~ 27) 25) 24) 34) 32)~ 11,(((((23,(22,21)~ 20)~ 19,(18,17)~ 16)~ 15) 14) 12) 11)+ 11,((13) 12) 11)+ 11)+ 11)~ 10) 8) 6)+ 6,(((((((40,39)~ 38,(40) 38)+ 38,((39,39)+ 39) 38)+ 38,(((((((((((30,31)~ 29,28)~ 27) 25) 24) 14) 12,(((((28,(31,30)~ 29)~ 27) 25) 24) 34) 32)~ 11,(((((26) 25) 24) 14) 12) 11)+ 11,((((36,37)~ 35) 34) 32) 11)+ 11,((33) 32) 11)+ 11,((((((((28,(31,30)~ 29)~ 27) 25) 24) 14) 12,(((((28,(30,31)~ 29)~ 27) 25) 24) 34) 32)~ 11,(((((26) 25) 24) 14) 12) 11)+ 11,((((((23,(22,21)~ 20)~ 19) 15) 14,13)~ 12) 11,(((((18,17)~ 16) 15) 14) 12) 11)+ 11)+ 11)+ 11)~ 10,(((((((37) 35) 34) 32) 11,(39,40)~ 38)~ 10,((40,39)~ 38) 10)+ 10,((((((((((28,(31,30)~ 29)~ 27) 25) 24) 14) 12,(((((28,(31,30)~ 29)~ 27) 25) 24) 34) 32)~ 11,(((((26) 25) 24) 14) 12) 11)+ 11,((13,(((18,17)~ 16,(23,(21,22)~ 20)~ 19)~ 15) 14)~ 12) 11)+ 11,(((((((28,(31,30)~ 29)~ 27) 25) 24) 14) 12,(((((28,(31,30)~ 29)~ 27) 25) 24) 34) 32)~ 11,((((36) 35) 34) 32) 11)+ 11)+ 11) 10)+ 10)+ 10) 8) 6)+ 6)~ 0
&t ((7,(9,((((39,(40,40)+ 40)~ 38,(40,39)~ 38)+ 38,(((13) 12,((((26,(28,(31,30)~ 29)~ 27)~ 25) 24) 34) 32)~ 11,(((((17,18)~ 16) 15) 14) 12) 11)+ 11)~ 10,((((((((((((30) 29) 27) 25) 24) 14) 12,((((((31) 29,28)~ 27) 25) 24) 34) 32)~ 11,((((((28) 27) 25) 24) 14) 12,((((((30,31)~ 29) 27) 25) 24) 34) 32)~ 11)+ 11,(((((26) 25) 24) 14) 12) 11)+ 11,((((36,37)~ 35) 34) 32) 11)+ 11,((33) 32) 11)+ 11) 10)+ 10)~ 8)~ 6,((((4,5)~ 3,(4,5)~ 3)+ 3,(4,5)~ 3)+ 3,2)~ 1)~ 0
&t ((2,((5,4)~ 3,(5,4)~ 3)+ 3)~ 1,(((((9,9)+ 9,9)+ 9) 8,7)~ 6,((((((39) 38,(((((((28,(30,31)~ 29)~ 27) 25) 24) 14) 12,(((((28,(31,30)~ 29)~ 27) 25) 24) 34) 32)~ 11,(((((26) 25) 24) 14) 12) 11)+ 11)~ 10,(((((36,37)~ 35) 34) 32) 11) 10)+ 10,((((((((((((28,(30,31)~ 29)~ 27) 25) 24) 14) 12,(((((28,(30,31)~ 29)~ 27) 25) 24) 34) 32)~ 11,(((((26) 25) 24) 14) 12) 11)+ 11,(((((17,18)~ 16) 15) 14) 12) 11)+ 11,((13) 12) 11)+ 11,((((((22,21)~ 20) 19) 15) 14) 12) 11)+ 11,(((((23) 19) 15) 14) 12) 11)+ 11) 10)+ 10) 8) 6)+ 6)~ 0
&t ((2,((5,4)~ 3,(4,5)~ 3)+ 3)~ 1,((((((((((((((28,(30,31)~ 29)~ 27) 25) 24) 14) 12,(((((28,(31,30)~ 29)~ 27) 25) 24) 34) 32)~ 11,(((((((28,(31,30)~ 29)~ 27) 25) 24) 14) 12,(((((28,(31,30)~ 29)~ 27) 25) 24) 34) 32)~ 11,(((((26) 25) 24) 14) 12) 11)+ 11)+ 11,(((((26) 25) 24) 14) 12) 11)+ 11,(((((18,17)~ 16,(23,(21,22)~ 20)~ 19)~ 15) 14) 12) 11)+ 11,((13) 12) 11)+ 11,((33,((37,36)~ 35) 34)~ 32) 11)+ 11,(40,39)~ 38)~ 10,9)~ 8,7)~ 6)~ 0
&t ((((4,5)~ 3,(4,5)~ 3)+ 3,2)~ 1,(7,(((39,40)~ 38,(((((((((28,(30,31)~ 29)~ 27) 25) 24) 14) 12,(((((28,(30,31)~ 29)~ 27) 25) 24) 34) 32)~ 11,(((((26) 25) 24) 14) 12) 11)+ 11,((((37,36)~ 35) 34) 32) 11)+ 11,(((((((((28,(30,31)~ 29)~ 27) 25) 24) 14) 12,(((((28) 27) 25) 24) 34) 32)~ 11,((((((28) 27) 25) 24) 14) 12,((((((30,31)~ 29) 27) 25) 24) 34) 32)~ 11)+ 11,(((((26) 25) 24) 14) 12) 11)+ 11,(((13,(13,13)+ 13)+ 13,(((17,18)~ 16,((23,23)+ 23) 19)~ 15) 14)~ 12) 11)+ 11)+ 11)~ 10) 8)~ 6)~ 0
&t ((2,((4,5)~ 3,(4,5)~ 3)+ 3)~ 1,(((((((39,40)~ 38,((((37) 35) 34) 32) 11)~ 10,(((((((((((28,(31,30)~ 29)~ 27) 25) 24) 14) 12,(((((28,(30,31)~ 29)~ 27) 25) 24) 34) 32)~ 11,(((((26) 25) 24) 14) 12) 11)+ 11,(((13,13)+ 13) 12) 11)+ 11,(((((18,17)~ 16,(23,(22,21)~ 20)~ 19)~ 15) 14) 12) 11)+ 11,((33) 32) 11)+ 11) 10)+ 10,((((((((28,(30,31)~ 29)~ 27) 25) 24) 14) 12,(((((28,(30,31)~ 29)~ 27) 25) 24) 34) 32)~ 11,(((((26) 25) 24) 14) 12) 11)+ 11) 10)+ 10) 8,7)~ 6,((9) 8) 6)+ 6)~ 0
&t (((7,(((40,39)~ 38,((((((((((28,(31,30)~ 29)~ 27) 25) 24) 14) 12,(((((28,(30,31)~ 29)~ 27) 25) 24) 34) 32)~ 11,(((((26) 25) 24) 14) 12) 11)+ 11,(((33,33)+ 33) 32) 11)+ 11,((((((((((28,(30,31)~ 29)~ 27) 25) 24) 14) 12,(((((28,(31,30)~ 29)~ 27) 25) 24) 34) 32)~ 11,(((((26) 25) 24) 14) 12) 11)+ 11,(((((((28,(30,31)~ 29)~ 27) 25) 24) 14) 12,(((((28,(30,31)~ 29)~ 27) 25) 24) 34) 32)~ 11,(((((26) 25) 24) 14) 12) 11)+ 11)+ 11,((((36,37)~ 35) 34) 32) 11)+ 11,((((37,36)~ 35) 34) 32) 11)+ 11)+ 11,((((((((28,(30,31)~ 29)~ 27) 25) 24) 14) 12,(((((28,(30,31)~ 29)~ 27) 25) 24) 34) 32)~ 11,(((((26) 25) 24) 14) 12) 11)+ 11,((13,(((((22,21)~ 20) 19,((18,17)~ 16,(18,17)~ 16)+ 16)~ 15,((23) 19) 15)+ 15) 14)~ 12) 11)+ 11)+ 11)~ 10) 8)~ 6,(((9,9)+ 9) 8) 6)+ 6,(((5,4)~ 3,((4,5)~ 3,((4,4)+ 4,5)~ 3)+ 3)+ 3,(2,2)+ 2)~ 1)~ 0
&t ((7,(9,((39,40)~ 38,(((((((((28,(30,31)~ 29)~ 27) 25) 24) 14) 12,(((((28,(30,31)~ 29)~ 27) 25) 24) 34) 32)~ 11,((((37,(36,36)+ 36)~ 35) 34) 32) 11)+ 11,((((33,33)+ 33,(33,33)+ 33)+ 33) 32) 11)+ 11,((((((((28,(30,31)~ 29)~ 27) 25) 24) 14) 12,(((((28,(31,30)~ 29)~ 27) 25) 24) 34) 32)~ 11,(((((26) 25) 24) 14) 12) 11)+ 11,(((((23) 19,(18,17)~ 16)~ 15) 14) 12) 11)+ 11)+ 11)~ 10)~ 8)~ 6,((((4,4)+ 4,5)~ 3,(5,4)~ 3)+ 3,2)~ 1)~ 0
&t (((7,7)+ 7) 6,(2,((4,5)~ 3,(4,5)~ 3)+ 3)~ 1)~ 0
&t ((2,((4,5)~ 3,(5,4)~ 3)+ 3)~ 1,((((39,40)~ 38,(((((((((((28,(31,30)~ 29)~ 27) 25) 24) 14) 12,(((((28,(30) 29)~ 27) 25) 24) 34) 32)~ 11,(((((26) 25) 24) 14) 12) 11)+ 11,(((((((17,17)+ 17,18)~ 16,((21,22)~ 20) 19)~ 15,((23) 19) 15)+ 15) 14) 12) 11)+ 11,((13) 12) 11)+ 11,((33) 32) 11)+ 11,(((((((((28) 27) 25) 24) 14) 12,((((((31,30)~ 29) 27) 25) 24) 34) 32)~ 11,(((((26) 25) 24) 14) 12,((((26) 25) 24) 34) 32)~ 11)+ 11,(((((36,36)+ 36) 35) 34) 32) 11)+ 11,((((((((28,(30,31)~ 29)~ 27) 25) 24) 14) 12,(((((28,(30,31)~ 29)~ 27) 25) 24) 34) 32)~ 11,(((((26) 25) 24) 14) 12) 11)+ 11,((((36,37)~ 35) 34) 32) 11)+ 11)+ 11)+ 11)~ 10) 8) 6)~ 0
&t ((2,((4,5)~ 3,(4,5)~ 3)+ 3)~ 1,((7,(7,7)+ 7)+ 7,(((((((((33) 32) 11) 10,9)~ 8,(((((((37,36)~ 35,(37,36)~ 35)+ 35) 34) 32) 11) 10) 8)+ 8,(((((((((28) 27) 25) 24) 14) 12,((((((31,30)~ 29) 27) 25) 24) 34) 32)~ 11,((((((((30) 29) 27) 25) 24) 14) 12,((((((31) 29) 27) 25) 24) 34) 32)~ 11,((((((28) 27) 25) 24) 14) 12,(((((28,(31,30)~ 29)~ 27) 25) 24) 34) 32)~ 11)+ 11)+ 11) 10) 8)+ 8,(((((((((((((28,(31,30)~ 29)~ 27) 25) 24) 14) 12,(((((28,(31,30)~ 29)~ 27) 25) 24) 34) 32)~ 11,((((((28,(30,31)~ 29)~ 27) 25) 24) 14) 12,(((((28,(30,31)~ 29)~ 27) 25) 24) 34) 32)~ 11)+ 11,(((((26) 25) 24) 14) 12) 11)+ 11,(((((36,36)+ 36,37)~ 35) 34) 32) 11)+ 11,((33) 32) 11)+ 11,((((((((28,(31,30)~ 29)~ 27) 25) 24) 14) 12,(((((28,(30,31)~ 29)~ 27) 25) 24) 34) 32)~ 11,(((((26) 25) 24) 14) 12) 11)+ 11,((((((18,17)~ 16,(18,17)~ 16)+ 16,(23,(21,22)~ 20)~ 19)~ 15) 14) 12) 11)+ 11)+ 11) 10) 8)+ 8,((((((((((((28) 27) 25) 24) 14) 12,((((((31,30)~ 29) 27) 25) 24) 34) 32)~ 11,(((((((((31) 29) 27) 25) 24) 14) 12,((((((31) 29) 27) 25) 24) 34) 32)~ 11,(((((((30) 29) 27) 25) 24) 14) 12) 11)+ 11,((((((28) 27) 25) 24) 14) 12) 11)+ 11)+ 11,(((((26) 25) 24) 14) 12) 11)+ 11,(((((17,(18,(18,18)+ 18)+ 18)~ 16,(23,(21,(22,22)+ 22)~ 20)~ 19)~ 15) 14) 12) 11)+ 11,((13) 12) 11)+ 11) 10) 8)+ 8,((((13) 12) 11) 10) 8)+ 8)~ 6)~ 0
&t (((9,(((((((((26) 25) 24) 14) 12,((((26) 25) 24) 34) 32)~ 11,((13) 12) 11)+ 11,(((((23) 19,(18,17)~ 16)~ 15) 14) 12) 11)+ 11,((((((((31,30)~ 29,28)~ 27) 25) 24) 14) 12,(((36,37)~ 35) 34) 32)~ 11,(((33,33)+ 33) 32) 11)+ 11)+ 11) 10)~ 8) 6) 0
&t ((((9,((((39,40)~ 38,((((((((28,(30,31)~ 29)~ 27) 25) 24) 14) 12,(((((28,(30,31)~ 29)~ 27) 25) 24) 34) 32)~ 11,(((((26) 25) 24) 14) 12) 11)+ 11,((((((37,37)+ 37,(36,36)+ 36)~ 35,(((36,37)~ 35,((36,36)+ 36) 35)+ 35,(37) 35)+ 35)+ 35) 34) 32) 11)+ 11)~ 10,(((((((((28,(30,31)~ 29)~ 27) 25) 24) 14) 12,(((((28,(31,30)~ 29)~ 27) 25) 24) 34) 32)~ 11,(((((23,(((21,22)~ 20,(21,22)~ 20)+ 20,(22,21)~ 20)+ 20)~ 19,((17,18)~ 16,(17,18)~ 16)+ 16)~ 15) 14) 12) 11)+ 11,((13) 12) 11)+ 11) 10)+ 10,(((33) 32) 11) 10)+ 10)~ 8,(7,7)+ 7)~ 6,(7) 6)+ 6,(((4,5)~ 3,(4,5)~ 3)+ 3,2)~ 1)~ 0
&t (((2,((5,(4,4)+ 4)~ 3,(5,4)~ 3)+ 3)~ 1,(((4,5)~ 3,(4,5)~ 3)+ 3) 1)+ 1,((((((((((((((((((30) 29) 27) 25) 24) 14) 12,(((((28,(31) 29)~ 27) 25) 24) 34) 32)~ 11,((((((28) 27) 25) 24) 14) 12) 11)+ 11,(((((((31) 29) 27) 25) 24) 14) 12,((((((30) 29) 27) 25) 24) 34) 32)~ 11)+ 11,(((((26) 25) 24) 14) 12) 11)+ 11,((((((18) 16,(23,(22,21)~ 20)~ 19)~ 15,((17) 16) 15)+ 15) 14) 12) 11)+ 11,(((13,(13,13)+ 13)+ 13) 12) 11)+ 11,((((37,(36,36)+ 36)~ 35) 34) 32) 11)+ 11,(((((((((31) 29,28)~ 27) 25) 24) 14) 12,(((((28,(31,30)~ 29)~ 27) 25) 24) 34) 32)~ 11,(((((((30) 29) 27) 25) 24) 14) 12) 11)+ 11,(((((26) 25) 24) 14) 12) 11)+ 11)+ 11,((33) 32) 11)+ 11) 10) 8,7)~ 6)~ 0
&t (((9,((((40,39)~ 38,(((((((((28,(30,31)~ 29)~ 27) 25) 24) 14) 12,(((((28,(30,31)~ 29)~ 27) 25) 24) 34) 32)~ 11,(((((26) 25) 24) 14) 12) 11)+ 11,((((((17,(18,18)+ 18)~ 16,(17,18)~ 16)+ 16,((23,(22,21)~ 20)~ 19,(23) 19)+ 19)~ 15) 14) 12) 11)+ 11,((13) 12) 11)+ 11)~ 10,((((33,33)+ 33) 32) 11) 10)+ 10,((((((((((28,(31,30)~ 29)~ 27) 25) 24) 14) 12,(((((28,(31,30)~ 29)~ 27) 25) 24) 34) 32)~ 11,(((((26) 25) 24) 14) 12) 11)+ 11,((((((((28,(30,31)~ 29)~ 27) 25) 24) 14) 12,(((((28,(31,30)~ 29)~ 27) 25) 24) 34) 32)~ 11,(((((((28,(31,30)~ 29)~ 27) 25) 24) 14) 12,(((((28,(31,30)~ 29)~ 27) 25) 24) 34) 32)~ 11,(((((((28,(31,30)~ 29)~ 27) 25) 24) 14) 12,(((((28,(30,31)~ 29)~ 27) 25) 24) 34) 32)~ 11,((((((28) 27) 25) 24) 14) 12,((((((31,30)~ 29) 27) 25) 24) 34) 32)~ 11)+ 11)+ 11)+ 11,(((((26) 25) 24) 14) 12) 11)+ 11)+ 11,((((36,37)~ 35) 34) 32) 11)+ 11) 10)+ 10)~ 8) 6,((((5,4)~ 3,(5) 3)+ 3,(4) 3)+ 3,2)~ 1)~ 0
&t ((2,((4,5)~ 3,(4) 3)+ 3)~ 1,((((((9,((((((((28,(31,30)~ 29)~ 27) 25) 24) 14) 12,(((((28,(31,30)~ 29)~ 27) 25) 24) 34) 32)~ 11,(((((26) 25) 24) 14) 12) 11)+ 11) 10)~ 8,(((((((18,17)~ 16,(23,(22,21)~ 20)~ 19)~ 15) 14) 12) 11) 10) 8)+ 8,((((13) 12) 11) 10) 8)+ 8,(((((((((28,(31,30)~ 29)~ 27) 25) 24) 14) 12,(((((28,(30,31)~ 29)~ 27) 25) 24) 34) 32)~ 11,(((((26) 25) 24) 14) 12) 11)+ 11) 10) 8)+ 8,((((33) 32) 11,(39,40)~ 38)~ 10) 8)+ 8) 6)~ 0
&t (((9,(((40,39)~ 38,(((((((((28,(31,30)~ 29)~ 27) 25) 24) 14) 12,(((((28,(30,31)~ 29)~ 27) 25) 24) 34) 32)~ 11,(((((23,(22,21)~ 20)~ 19,(18,17)~ 16)~ 15) 14) 12) 11)+ 11,((13) 12) 11)+ 11,((33) 32) 11)+ 11)~ 10,(((((((((28,(30,31)~ 29)~ 27) 25) 24) 14) 12,(((((28,(30) 29)~ 27) 25) 24) 34) 32)~ 11,(((((26) 25) 24) 14) 12) 11)+ 11,((((36,37)~ 35) 34) 32) 11)+ 11) 10)+ 10)~ 8) 6) 0
&t ((7,((((((((((((28,(30,31)~ 29)~ 27) 25) 24) 14) 12,(((((28,(31,30)~ 29)~ 27) 25) 24) 34) 32)~ 11,(((((26) 25) 24) 14) 12) 11)+ 11,((13,(((23,(22,21)~ 20)~ 19,(18,17)~ 16)~ 15) 14)~ 12) 11)+ 11,((((((((26) 25) 24) 14) 12,((((26) 25) 24) 34) 32)~ 11,((((((28,(31,30)~ 29)~ 27) 25) 24) 14) 12,(((((28,(30,31)~ 29)~ 27) 25) 24) 34) 32)~ 11)+ 11,((((37,36)~ 35) 34) 32) 11)+ 11,((33) 32) 11)+ 11)+ 11,(39,40)~ 38)~ 10,(((((((((((31,30)~ 29,28)~ 27) 25) 24) 14) 12,(((((28,(31,30)~ 29)~ 27) 25) 24) 34) 32)~ 11,(((((26) 25) 24) 14) 12) 11)+ 11,(((((18,17)~ 16,(23,(21,22)~ 20)~ 19)~ 15) 14) 12) 11)+ 11,(39,40)~ 38)~ 10,(((((((((((28) 27) 25) 24) 14) 12,(((((28,(30,31)~ 29)~ 27) 25) 24) 34) 32)~ 11,((((((28,(31,30)~ 29)~ 27) 25) 24) 14) 12,(((((28,(31,30)~ 29)~ 27) 25) 24) 34) 32)~ 11)+ 11,(((((26) 25) 24) 14) 12) 11)+ 11,(((((((28,(30,31)~ 29)~ 27) 25) 24) 14) 12,(((((28,(30,31)~ 29)~ 27) 25) 24) 34) 32)~ 11,(((((26) 25) 24) 14) 12) 11)+ 11)+ 11,(((33,33)+ 33) 32) 11)+ 11) 10)+ 10)+ 10,(9,9)+ 9)~ 8)~ 6) 0
&t ((2,((4,5)~ 3,(5,4)~ 3)+ 3)~ 1,((((9) 8,(7,7)+ 7)~ 6,(((((((((((((28,(30,31)~ 29)~ 27) 25) 24) 14) 12,(((((28,(30,31)~ 29)~ 27) 25) 24) 34) 32)~ 11,(((((26) 25) 24) 14) 12) 11)+ 11,(((((23,(22,21)~ 20)~ 19,(18,(17,17)+ 17)~ 16)~ 15) 14) 12) 11)+ 11,((13) 12) 11)+ 11,((((((((28,(31,30)~ 29)~ 27) 25) 24) 14) 12,(((((28,(30,31)~ 29)~ 27) 25) 24) 34) 32)~ 11,(((((26) 25) 24) 14) 12) 11)+ 11,((((36,37)~ 35) 34) 32) 11)+ 11)+ 11) 10) 8) 6)+ 6,(7) 6)+ 6)~ 0
&t ((2,((5,4)~ 3,(5,4)~ 3)+ 3)~ 1,(((((((((((((31) 29) 27) 25) 24) 14) 12,((((((30) 29,28)~ 27) 25) 24) 34) 32)~ 11,(((((26) 25) 24) 14) 12) 11)+ 11,((((36,37)~ 35) 34,(33,33)+ 33)~ 32) 11)+ 11,((((((((((28) 27) 25) 24) 14) 12,((((((30,31)~ 29) 27) 25) 24) 34) 32)~ 11,((((((28,(31,30)~ 29)~ 27) 25) 24) 14) 12,(((((28,(31,30)~ 29)~ 27) 25) 24) 34) 32)~ 11)+ 11,(((((26) 25) 24) 14) 12) 11)+ 11,((13) 12) 11)+ 11,(((((18,(17,17)+ 17)~ 16) 15) 14) 12) 11)+ 11)+ 11,(39,(40,40)+ 40)~ 38)~ 10) 8) 6)~ 0
&t ((((((4) 3) 1,(7) 6)~ 0,((7) 6) 0)+ 0,((7) 6,((2,(5,4)~ 3)~ 1,(2,((5,4)~ 3,(5) 3)+ 3)~ 1)+ 1)~ 0)+ 0,(((((((((((((28) 27) 25) 24) 14) 12,((((((30,31)~ 29) 27) 25) 24) 34) 32)~ 11,((((((((31) 29) 27) 25) 24) 14) 12,(((((28,(30) 29)~ 27) 25) 24) 34) 32)~ 11,(((((26) 25) 24) 14) 12) 11)+ 11)+ 11,((((((((23) 19) 15) 14) 12,(((37,(36,36)+ 36)~ 35) 34) 32)~ 11,(((33,33)+ 33) 32) 11)+ 11,((((((((30) 29) 27,26)~ 25) 24) 14) 12,(((((28,(31) 29)~ 27) 25) 24) 34) 32)~ 11,(((((18,17)~ 16) 15) 14) 12) 11)+ 11)+ 11,((13) 12) 11)+ 11)+ 11,(40) 38)~ 10,(((40,39)~ 38,(39) 38)+ 38) 10)+ 10,9)~ 8) 6) 0)+ 0
&t ((((4,5)~ 3,(4,5)~ 3)+ 3,2)~ 1,(7,(9,((39,40)~ 38,((((((((((28,(30,31)~ 29)~ 27) 25) 24) 14) 12,(((((28,(30,31)~ 29)~ 27) 25) 24) 34) 32)~ 11,(((((26) 25) 24) 14) 12,((((26) 25) 24) 34) 32)~ 11)+ 11,((((((22,21)~ 20,23)~ 19,(17,18)~ 16)~ 15) 14,13)~ 12) 11)+ 11,((33) 32) 11)+ 11,(((((37,36)~ 35,(36) 35)+ 35) 34) 32) 11)+ 11)~ 10)~ 8)~ 6)~ 0
&t ((2,((4,5)~ 3,(5,4)~ 3)+ 3)~ 1,((((((40,39)~ 38,(40) 38)+ 38,((((((((((((30) 29) 27) 25) 24) 14) 12,((((((30) 29) 27) 25) 24) 34) 32)~ 11,(((((((31) 29) 27) 25) 24) 14) 12) 11)+ 11,((((((28) 27) 25) 24) 14) 12,((((((30,31)~ 29) 27) 25) 24) 34) 32)~ 11)+ 11,(((((26) 25) 24) 14) 12,((((26) 25) 24) 34) 32)~ 11)+ 11,(((((18) 16,(23) 19)~ 15) 14) 12) 11)+ 11,((33) 32) 11)+ 11)~ 10,(((((((((28,(31,30)~ 29)~ 27) 25) 24) 14) 12,(((((28,(30,31)~ 29)~ 27) 25) 24) 34) 32)~ 11,(((((26) 25) 24) 14) 12) 11)+ 11,((((37,36)~ 35) 34) 32) 11)+ 11) 10)+ 10,(9,9)+ 9)~ 8,7)~ 6)~ 0
&t (((((9,(((39,40)~ 38,((33) 32) 11)~ 10,(((((((((((28,(31,30)~ 29)~ 27) 25) 24) 14) 12,(((((28,(30,31)~ 29)~ 27) 25) 24) 34) 32)~ 11,(((((((((30) 29) 27) 25) 24) 14) 12,((((((31) 29) 27) 25) 24) 34) 32)~ 11,((((((28) 27) 25) 24) 14) 12,(((((28) 27) 25) 24) 34) 32)~ 11)+ 11,((((((28) 27) 25) 24) 14) 12,((((((31,30)~ 29) 27) 25) 24) 34) 32)~ 11)+ 11)+ 11,(((((26) 25) 24) 14) 12) 11)+ 11,((((37,36)~ 35) 34) 32) 11)+ 11,(((((((((28,(31,30)~ 29)~ 27) 25) 24) 14) 12,(((((28,(30,31)~ 29)~ 27) 25) 24) 34) 32)~ 11,(((((26) 25) 24) 14) 12) 11)+ 11,(((((17,18)~ 16,(23,(22,21)~ 20)~ 19)~ 15) 14) 12) 11)+ 11,((13) 12) 11)+ 11)+ 11) 10)+ 10)~ 8,((((((((((((((28,(31,30)~ 29)~ 27) 25) 24) 14) 12,(((((28,(30,31)~ 29)~ 27) 25) 24) 34) 32)~ 11,((((((28) 27) 25) 24) 14) 12,((((((30,31)~ 29) 27) 25) 24) 34) 32)~ 11)+ 11,(((((26) 25) 24) 14) 12) 11)+ 11,(((((23,(22,21)~ 20)~ 19,(17,(18,18)+ 18)~ 16)~ 15) 14) 12) 11)+ 11,((13) 12) 11)+ 11,((33,(((36,36)+ 36) 35) 34)~ 32) 11)+ 11,((((((((28) 27) 25) 24) 14) 12,((((((31,30)~ 29) 27) 25) 24) 34) 32)~ 11,((((((((30) 29) 27) 25) 24) 14) 12,((((((31) 29) 27) 25) 24) 34) 32)~ 11,((((((28) 27) 25) 24) 14) 12,(((((28) 27) 25) 24) 34) 32)~ 11)+ 11)+ 11,(((((26) 25) 24) 14) 12) 11)+ 11)+ 11) 10) 8)+ 8,(((39,40)~ 38) 10) 8)+ 8) 6,(((4,5)~ 3,(4,5)~ 3)+ 3) 1)~ 0
&t ((2,(((5,4)~ 3,(5) 3)+ 3,(4) 3)+ 3)~ 1,(((((((13,(((17,(18,18)+ 18)~ 16,(23,(21) 20)~ 19)~ 15) 14)~ 12) 11,(40,39)~ 38)~ 10,(((((((((28,(31,30)~ 29)~ 27) 25) 24) 14) 12,(((((28,(31,30)~ 29)~ 27) 25) 24) 34) 32)~ 11,(((((26) 25) 24) 14) 12) 11)+ 11,((((37,36)~ 35) 34) 32) 11)+ 11) 10)+ 10,(((33) 32) 11) 10)+ 10,9)~ 8,7)~ 6)~ 0
&t (((((4,5)~ 3,(5,4)~ 3)+ 3,(2,2)+ 2)~ 1,(2,((4,5)~ 3,(5) 3)+ 3)~ 1)+ 1,((((((((((((((28,(31,30)~ 29)~ 27) 25) 24) 14) 12,(((((28,(31,30)~ 29)~ 27) 25) 24) 34) 32)~ 11,(((((26) 25) 24) 14) 12) 11)+ 11,(((((17) 16) 15) 14) 12) 11)+ 11,((((((22,21)~ 20,23)~ 19) 15) 14) 12) 11)+ 11,((13) 12) 11)+ 11,((((36,37)~ 35) 34) 32) 11)+ 11,(39,40)~ 38)~ 10,9)~ 8,7)~ 6)~ 0
&t (((4,5)~ 3) 1,(((((((7,((((((((28) 27) 25) 24) 14) 12,((((((30,31)~ 29) 27) 25) 24) 34) 32)~ 11) 10) 8)~ 6,(((((((((28) 27) 25) 24) 14) 12,((((((30,31)~ 29) 27) 25) 24) 34) 32)~ 11) 10) 8) 6)+ 6,((((((((26) 25) 24) 14) 12) 11) 10) 8) 6)+ 6,(((((33) 32) 11) 10) 8) 6)+ 6,(((((((((((28,(30,31)~ 29)~ 27) 25) 24) 14) 12,(((((28,(30,31)~ 29)~ 27) 25) 24) 34) 32)~ 11,(((((26) 25) 24) 14) 12) 11)+ 11,(((((23,(22,21)~ 20)~ 19) 15) 14) 12) 11)+ 11) 10) 8) 6)+ 6,(((((40,39)~ 38,(40,39)~ 38)+ 38) 10) 8) 6)+ 6,((9) 8) 6)+ 6)~ 0
&t ((7,(9,(((39,40)~ 38,((((((26) 25) 24) 14) 12,(((36,37)~ 35) 34) 32)~ 11,(((((((((28,(30,31)~ 29)~ 27) 25) 24) 14) 12,(((((28,(31,30)~ 29)~ 27) 25) 24) 34) 32)~ 11,(((((26) 25) 24) 14) 12) 11)+ 11,(((((23) 19,(17,18)~ 16)~ 15) 14) 12) 11)+ 11,((13) 12) 11)+ 11)+ 11)~ 10,((((((((((28,(30,31)~ 29)~ 27) 25) 24) 14) 12,(((((28,(31,30)~ 29)~ 27) 25) 24) 34) 32)~ 11,(((((26) 25) 24) 14) 12) 11)+ 11,(((((18,17)~ 16,(((21,22)~ 20,(21,22)~ 20)+ 20) 19)~ 15) 14) 12) 11)+ 11,((((((((28,(31,30)~ 29)~ 27) 25) 24) 14) 12,(((((28,(31,30)~ 29)~ 27) 25) 24) 34) 32)~ 11,((((((28,(30,31)~ 29)~ 27) 25) 24) 14) 12,((((((30,31)~ 29) 27) 25) 24) 34) 32)~ 11)+ 11,(((((26) 25) 24) 14) 12) 11)+ 11)+ 11) 10)+ 10)~ 8)~ 6,((2,((4,5)~ 3,(4) 3)+ 3)~ 1,(((2,2)+ 2,((5,4)~ 3,(5,4)~ 3)+ 3)~ 1,(((5,4)~ 3,(5) 3)+ 3) 1)+ 1)+ 1)~ 0
&t (((9) 8,7)~ 6,(((5,4)~ 3,(5,4)~ 3)+ 3,2)~ 1)~ 0
&t (((7,(((((33) 32) 11,(40,39)~ 38)~ 10,(((((((((((((28,(31,30)~ 29)~ 27) 25) 24) 14) 12,(((((28,(30,31)~ 29)~ 27) 25) 24) 34) 32)~ 11,((((((28,(31,30)~ 29)~ 27) 25) 24) 14) 12,(((((28,(30,31)~ 29)~ 27) 25) 24) 34) 32)~ 11)+ 11,(((((26) 25) 24) 14) 12) 11)+ 11,((((((((((((30) 29) 27) 25) 24) 14) 12,((((((30) 29) 27) 25) 24) 34) 32)~ 11,(((((((31) 29) 27) 25) 24) 14) 12) 11)+ 11,((((((28) 27) 25) 24) 14) 12) 11)+ 11,((((((28) 27) 25) 24) 14) 12,((((((31,30)~ 29) 27) 25) 24) 34) 32)~ 11)+ 11,((((((28,(31,30)~ 29)~ 27) 25) 24) 14) 12,(((((28,(31,30)~ 29)~ 27) 25) 24) 34) 32)~ 11)+ 11,(((((26) 25) 24) 14) 12) 11)+ 11)+ 11,(((((18,17)~ 16,((21,22)~ 20,(23,23)+ 23)~ 19)~ 15) 14) 12) 11)+ 11,((13) 12) 11)+ 11,(((((((((30,31)~ 29) 27) 25) 24) 14) 12,(((((28,(30,31)~ 29)~ 27) 25) 24) 34) 32)~ 11,(((((26) 25) 24) 14) 12) 11)+ 11,((((36,37)~ 35) 34) 32) 11)+ 11)+ 11) 10)+ 10) 8)~ 6,((9) 8) 6)+ 6,((2,((4,5)~ 3,(4,5)~ 3)+ 3)~ 1,(((4,5)~ 3,(4,5)~ 3)+ 3,2)~ 1)+ 1)~ 0
&t ((7,((((((33) 32) 11) 10,9)~ 8,((((((((((28,(30,31)~ 29)~ 27) 25) 24) 14) 12,(((((28,(31,30)~ 29)~ 27) 25) 24) 34) 32)~ 11,(((((26) 25) 24) 14) 12,((((26) 25) 24) 34) 32)~ 11)+ 11,((((36) 35) 34) 32) 11)+ 11) 10) 8)+ 8,((((((((((((30,31)~ 29,28)~ 27) 25) 24) 14) 12,(((((28,(30,31)~ 29)~ 27) 25) 24) 34) 32)~ 11,(((((26) 25) 24) 14) 12) 11)+ 11,(((13,13)+ 13) 12) 11)+ 11,((((((18,17)~ 16,(18) 16)+ 16,(23,((21,22)~ 20,(22,21)~ 20)+ 20)~ 19)~ 15) 14) 12) 11)+ 11) 10) 8)+ 8)~ 6) 0
&t ((7) 6,(2,((4,5)~ 3,(5,4)~ 3)+ 3)~ 1)~ 0
&t ((7,(((39,40)~ 38,(((((((((((((30) 29) 27) 25) 24) 14) 12,((((((31) 29,28)~ 27) 25) 24) 34) 32)~ 11,((((((28) 27) 25) 24) 14) 12,((((((30,31)~ 29) 27) 25) 24) 34) 32)~ 11)+ 11,(((((26) 25) 24) 14) 12) 11)+ 11,(((((23,(22,21)~ 20)~ 19) 15) 14) 12) 11)+ 11,((13) 12) 11)+ 11,((33) 32) 11)+ 11,((((((((28,(30,31)~ 29)~ 27) 25) 24) 14) 12,(((((28,(30,31)~ 29)~ 27) 25) 24) 34) 32)~ 11,(((((26) 25) 24) 14) 12) 11)+ 11,((((37,36)~ 35) 34) 32) 11)+ 11)+ 11)~ 10) 8)~ 6,(((5,4)~ 3,(5,4)~ 3)+ 3,2)~ 1)~ 0
&t ((2,(((4,5)~ 3,(4) 3)+ 3,(5) 3)+ 3)~ 1,((7,(7,7)+ 7)+ 7,(((((((((((((((28,(30,31)~ 29)~ 27) 25) 24) 14) 12,((((((30,31)~ 29) 27) 25) 24) 34) 32)~ 11,(((((26) 25) 24) 14) 12) 11)+ 11,(((((23,(22,21)~ 20)~ 19,(17,18)~ 16)~ 15) 14) 12) 11)+ 11,(((((((28,(30,31)~ 29)~ 27) 25) 24) 14) 12,(((((28,(31) 29)~ 27) 25) 24) 34) 32)~ 11,(((((26) 25) 24) 14) 12) 11)+ 11)+ 11,(((((23,(((22,21)~ 20,(22) 20)+ 20,(21,22)~ 20)+ 20)~ 19,((17,18)~ 16,(17,18)~ 16)+ 16)~ 15) 14) 12) 11)+ 11,(((13,13)+ 13) 12) 11)+ 11,((33) 32) 11)+ 11,(((((((((28,(30,31)~ 29)~ 27) 25) 24) 14) 12,(((((28,(30,31)~ 29)~ 27) 25) 24) 34) 32)~ 11,(((((26) 25) 24) 14) 12) 11)+ 11,(((((((28,(30,31)~ 29)~ 27) 25) 24) 14) 12,(((((28,(30,31)~ 29)~ 27) 25) 24) 34) 32)~ 11,(((((26) 25) 24) 14) 12) 11)+ 11)+ 11,((((36,(37,37)+ 37)~ 35) 34) 32) 11)+ 11)+ 11) 10) 8)~ 6)~ 0
&t ((7,((((((((((((28,(30,31)~ 29)~ 27) 25) 24) 14) 12,(((((28,(31,30)~ 29)~ 27) 25) 24) 34) 32)~ 11,(((((26) 25) 24) 14) 12) 11)+ 11,((13,(((17,18)~ 16,(23,(22,21)~ 20)~ 19)~ 15) 14)~ 12) 11)+ 11,((33) 32) 11)+ 11,(((((36,37)~ 35,(36,37)~ 35)+ 35) 34) 32) 11)+ 11,(40,39)~ 38)~ 10,9)~ 8)~ 6) 0
&t ((((2,2)+ 2,(5,4)~ 3)~ 1,((5,4)~ 3) 1)+ 1,((((40,39)~ 38) 10) 8,7)~ 6)~ 0
&t ((((7,7)+ 7,(((((((((((28,(30,31)~ 29)~ 27) 25) 24) 14) 12,(((((28,(30,31)~ 29)~ 27) 25) 24) 34) 32)~ 11,(((((37,36)~ 35,(37) 35)+ 35) 34) 32) 11)+ 11,((33) 32) 11)+ 11,((((((((28,(31,30)~ 29)~ 27) 25) 24) 14) 12,(((((28,(31,30)~ 29)~ 27) 25) 24) 34) 32)~ 11,((((((22,21)~ 20) 19,(18,17)~ 16)~ 15) 14) 12) 11)+ 11,((13) 12) 11)+ 11)+ 11) 10) 8)~ 6,((9) 8) 6)+ 6,(((4,5)~ 3,(4) 3)+ 3,2)~ 1)~ 0
&t ((((((((((((((((((21) 20) 19) 15) 14) 12) 11) 10,9)~ 8,((((((((21) 20) 19) 15) 14) 12) 11) 10) 8)+ 8,((((((((22) 20) 19) 15) 14) 12) 11) 10) 8)+ 8,(((((((23) 19) 15) 14) 12) 11) 10) 8)+ 8,(((((((18,17)~ 16,(23,(22,21)~ 20)~ 19)~ 15) 14) 12) 11) 10) 8)+ 8,(((((((18,17)~ 16) 15) 14) 12) 11) 10) 8)+ 8,(((((((((28,(30,31)~ 29)~ 27) 25) 24) 14) 12,(((((28,(30,31)~ 29)~ 27) 25) 24) 34) 32)~ 11,((13) 12) 11)+ 11) 10) 8)+ 8,((((((((((((28) 27) 25) 24) 14) 12,((((((30,31)~ 29) 27) 25) 24) 34) 32)~ 11,((((((28,(30,31)~ 29)~ 27) 25) 24) 14) 12,((((((31,30)~ 29) 27) 25) 24) 34) 32)~ 11)+ 11,(((((26) 25) 24) 14) 12) 11)+ 11,(((((37,36)~ 35,(36,37)~ 35)+ 35) 34) 32) 11)+ 11,((33) 32) 11)+ 11) 10) 8)+ 8,(((39,40)~ 38) 10) 8)+ 8) 6,(((4,5)~ 3,(4,5)~ 3)+ 3,2)~ 1)~ 0
&t ((2,(5,4)~ 3)~ 1,(((((9,(((((((((((28) 27) 25) 24) 14) 12,((((((31,30)~ 29) 27) 25) 24) 34) 32)~ 11,(((((((28) 27) 25) 24) 14) 12,(((((28) 27) 25) 24) 34) 32)~ 11,(((((((30) 29) 27) 25) 24) 14) 12,((((((31) 29) 27) 25) 24) 34) 32)~ 11)+ 11)+ 11,(((((26) 25) 24) 14) 12) 11)+ 11,(((((18,17)~ 16,(23,(22,21)~ 20)~ 19)~ 15) 14) 12) 11)+ 11,(((13,(13,13)+ 13)+ 13) 12) 11)+ 11) 10)~ 8,(((((33,33)+ 33) 32) 11) 10) 8)+ 8,(((39,40)~ 38,((((((((28,(30,31)~ 29)~ 27) 25) 24) 14) 12,(((((28,(31,30)~ 29)~ 27) 25) 24) 34) 32)~ 11,(((((26) 25) 24) 14) 12) 11)+ 11,((((36,37)~ 35) 34) 32) 11)+ 11)~ 10) 8)+ 8,7)~ 6,(7) 6)+ 6)~ 0
&t (((2) 1,(7) 6)~ 0,((((5,4)~ 3,(5,4)~ 3)+ 3,2)~ 1,((9,((((((((26) 25) 24) 34) 32,(((((18,17)~ 16,((21,(22,22)+ 22)~ 20) 19)~ 15,((23) 19) 15)+ 15) 14) 12)~ 11,((((((((((((30) 29) 27) 25) 24) 14) 12,(((((28,(31) 29)~ 27) 25) 24) 34) 32)~ 11,((((((28) 27) 25) 24) 14) 12,((((((30,31)~ 29) 27) 25) 24) 34) 32)~ 11)+ 11,((((36,37)~ 35) 34) 32) 11)+ 11,(((((26) 25) 24) 14) 12) 11)+ 11,((((((((28,(30,31)~ 29)~ 27) 25) 24) 14) 12,(((((28,(31,30)~ 29)~ 27) 25) 24) 34) 32)~ 11,((((((28,(31,30)~ 29)~ 27) 25) 24) 14) 12,(((((28,(30,31)~ 29)~ 27) 25) 24) 34) 32)~ 11)+ 11,(((((26) 25) 24) 14) 12) 11)+ 11)+ 11,((33) 32) 11)+ 11)+ 11,(((13,13)+ 13) 12) 11)+ 11) 10)~ 8) 6)~ 0)+ 0
&t ((((4,5)~ 3,(4,5)~ 3)+ 3) 1,((9,((39,40)~ 38,(((((((((28,(30,31)~ 29)~ 27) 25) 24) 14) 12,(((((28,(30,31)~ 29)~ 27) 25) 24) 34) 32)~ 11,(((((26) 25) 24) 14) 12) 11)+ 11,((((37,36)~ 35) 34) 32) 11)+ 11,(((((((((28,(30,31)~ 29)~ 27) 25) 24) 14) 12,(((((28,(30,31)~ 29)~ 27) 25) 24) 34) 32)~ 11,(((((26) 25) 24) 14) 12) 11)+ 11,((((((22,21)~ 20,23)~ 19) 15) 14) 12) 11)+ 11,(((13,13)+ 13) 12) 11)+ 11)+ 11)~ 10)~ 8) 6)~ 0
&t ((((((7,(((((((((28,(30,31)~ 29)~ 27) 25) 24) 14) 12,((((((30) 29,28)~ 27) 25) 24) 34) 32)~ 11,(((((26) 25) 24) 14) 12) 11)+ 11) 10) 8)~ 6,(((((((36,37)~ 35) 34) 32) 11) 10) 8) 6)+ 6,(((((33) 32) 11) 10) 8) 6)+ 6,((9) 8) 6)+ 6,((((((((((((28,(30,31)~ 29)~ 27) 25) 24) 14) 12,(((((28,(30,31)~ 29)~ 27) 25) 24) 34) 32)~ 11,(((((26) 25) 24) 14) 12) 11)+ 11,((((((23) 19,(18) 16)~ 15,(((21,22)~ 20) 19) 15)+ 15) 14) 12) 11)+ 11,((13) 12) 11)+ 11) 10) 8) 6)+ 6,((((4,4)+ 4,5)~ 3,(4,(5,5)+ 5)~ 3)+ 3,(2,2)+ 2)~ 1)~ 0
&t ((7,(9,(((((((((26) 25) 24) 14) 12,((((26) 25) 24) 34) 32)~ 11,((((((28,(30,31)~ 29)~ 27) 25) 24) 14) 12,(((((28,(30,31)~ 29)~ 27) 25) 24) 34) 32)~ 11)+ 11,(((((37,(36,36)+ 36)~ 35,((37,37)+ 37) 35)+ 35) 34) 32) 11)+ 11,((13,(((17,18)~ 16,(23,(21,22)~ 20)~ 19)~ 15) 14)~ 12) 11)+ 11,((40,39)~ 38,(39,40)~ 38)+ 38)~ 10)~ 8)~ 6,(((((4,5)~ 3,(4) 3)+ 3,(4,5)~ 3)+ 3,(4,5)~ 3)+ 3,2)~ 1)~ 0
&t ((((7) 6,(2,((4,5)~ 3,(5,4)~ 3)+ 3)~ 1)~ 0,(((((4,5)~ 3,(5) 3)+ 3,2)~ 1,(((((((33) 32) 11,(40,39)~ 38)~ 10,(((((37,36)~ 35) 34) 32) 11) 10)+ 10,((((((((((28,(30,31)~ 29)~ 27) 25) 24) 14) 12,(((((28,(30,31)~ 29)~ 27) 25) 24) 34) 32)~ 11,(((((26) 25) 24) 14) 12) 11)+ 11,(((((23,(22,21)~ 20)~ 19) 15) 14) 12) 11)+ 11,((13) 12) 11)+ 11) 10)+ 10) 8) 6)~ 0,(((((((((((28,(31,30)~ 29)~ 27) 25) 24) 14) 12,(((((28,(30,31)~ 29)~ 27) 25) 24) 34) 32)~ 11,(((((26) 25) 24) 14) 12) 11)+ 11) 10) 8) 6) 0)+ 0)+ 0,(((9) 8) 6) 0)+ 0
&t (((9) 8,(7,(7,(7,(7,(7,7)+ 7)+ 7)+ 7)+ 7)+ 7)~ 6,(((4,5)~ 3,(4,5)~ 3)+ 3,2)~ 1)~ 0
&t ((7,((9,(9,9)+ 9)+ 9) 8)~ 6,(2,((5,4)~ 3,(4,5)~ 3)+ 3)~ 1)~ 0
&t ((((7,((((((((((((28,(30,31)~ 29)~ 27) 25) 24) 14) 12,(((((28,(31,30)~ 29)~ 27) 25) 24) 34) 32)~ 11,(((((26) 25) 24) 14) 12) 11)+ 11,((((36,(37,37)+ 37)~ 35) 34) 32) 11)+ 11,((33) 32) 11)+ 11,(((((((((28,(30,31)~ 29)~ 27) 25) 24) 14) 12,(((((28,(30) 29)~ 27) 25) 24) 34) 32)~ 11,(((((26) 25) 24) 14) 12) 11)+ 11,((((((21,22)~ 20) 19,(17,18)~ 16)~ 15) 14) 12) 11)+ 11,(((13,13)+ 13) 12) 11)+ 11)+ 11) 10) 8)~ 6,((((40,39)~ 38) 10) 8) 6)+ 6,((9) 8) 6)+ 6,(((5,4)~ 3,(5,4)~ 3)+ 3) 1)~ 0
&t ((2,((5,4)~ 3,(4,5)~ 3)+ 3)~ 1,(((9,9)+ 9,((((40,39)~ 38,((((((((28,(31,30)~ 29)~ 27) 25) 24) 14) 12,(((((28,(30,31)~ 29)~ 27) 25) 24) 34) 32)~ 11,(((((26) 25) 24) 14) 12) 11)+ 11,((((37,36)~ 35) 34) 32) 11)+ 11)~ 10,(((((((((28,(31,30)~ 29)~ 27) 25) 24) 14) 12,(((((28,(30,31)~ 29)~ 27) 25) 24) 34) 32)~ 11,(((((26) 25) 24) 14) 12) 11)+ 11,((13,(((17,18)~ 16,(23,(21,22)~ 20)~ 19)~ 15) 14)~ 12) 11)+ 11) 10)+ 10,(((33) 32) 11) 10)+ 10)~ 8,(7,7)+ 7)~ 6)~ 0
&t (((9,((((((((((((28,(30,31)~ 29)~ 27) 25) 24) 14) 12,(((((28,(30,31)~ 29)~ 27) 25) 24) 34) 32)~ 11,(((((26) 25) 24) 14) 12) 11)+ 11,(((((37,36)~ 35,(36,37)~ 35)+ 35) 34) 32) 11)+ 11,((33) 32,((13,13)+ 13) 12)~ 11)+ 11,(((((17,18)~ 16,(23,(21,22)~ 20)~ 19)~ 15) 14) 12) 11)+ 11,(((((((((30,31)~ 29) 27) 25) 24) 14) 12,((((((30,31)~ 29) 27) 25) 24) 34) 32)~ 11,((((((28) 27) 25) 24) 14) 12,((((((31,30)~ 29) 27) 25) 24) 34) 32)~ 11)+ 11,(((((26) 25) 24) 14) 12) 11)+ 11)+ 11,(39,40)~ 38)~ 10)~ 8) 6,(((4,5)~ 3,(4) 3)+ 3,2)~ 1)~ 0
&t (((((7,(((((((((((28,(31,30)~ 29)~ 27) 25) 24) 14) 12,(((((28,(30,31)~ 29)~ 27) 25) 24) 34) 32)~ 11,((((((28,(31,30)~ 29)~ 27) 25) 24) 14) 12,(((((28,(30,31)~ 29)~ 27) 25) 24) 34) 32)~ 11)+ 11,(((((26) 25) 24) 14) 12) 11)+ 11,((13,(((((17,18)~ 16,(18) 16)+ 16,(17) 16)+ 16,(23,(21,22)~ 20)~ 19)~ 15) 14)~ 12) 11)+ 11) 10) 8)~ 6,(((((33) 32) 11) 10) 8) 6)+ 6,(((7,(9) 8)~ 6,(((((39,40)~ 38,(39,40)~ 38)+ 38) 10) 8) 6)+ 6,(((((((((((30,31)~ 29) 27) 25) 24) 14) 12,(((((28,(30,31)~ 29)~ 27) 25) 24) 34) 32)~ 11,(((((26) 25) 24) 14) 12) 11)+ 11) 10) 8) 6)+ 6)+ 6,(((9,9)+ 9) 8) 6)+ 6) 0
&t (((2,(4,5)~ 3)~ 1,((5,4)~ 3) 1)+ 1,((((((((9,((((((23,(21,22)~ 20)~ 19,(18,17)~ 16)~ 15) 14) 12) 11) 10)~ 8,(((((((26) 25) 24) 14) 12) 11) 10) 8)+ 8,((((13) 12) 11) 10) 8)+ 8,((((((((28,(30,31)~ 29)~ 27) 25) 24) 14) 12,(((((28,(30,31)~ 29)~ 27) 25) 24) 34) 32)~ 11) 10) 8)+ 8,(((((((((((30,31)~ 29,28)~ 27) 25) 24) 14) 12,(((((28) 27) 25) 24) 34) 32)~ 11,(((((((30) 29) 27) 25) 24) 14) 12) 11)+ 11,(((((((31) 29) 27) 25) 24) 14) 12) 11)+ 11) 10) 8)+ 8,((((39,40)~ 38,(39) 38)+ 38) 10) 8)+ 8,((((((37,36)~ 35) 34) 32) 11) 10) 8)+ 8,7)~ 6)~ 0
&t ((2,((4,5)~ 3,(5) 3)+ 3)~ 1,(((((((((((((28,(30,31)~ 29)~ 27) 25) 24) 14) 12,(((((28,(30,31)~ 29)~ 27) 25) 24) 34) 32)~ 11,(((((26) 25) 24) 14) 12) 11)+ 11,((((((22,21)~ 20,(23,23)+ 23)~ 19,(18,17)~ 16)~ 15) 14) 12) 11)+ 11,((13) 12) 11)+ 11,((((((((((30,31)~ 29) 27) 25) 24) 14) 12,(((((28,(30,31)~ 29)~ 27) 25) 24) 34) 32)~ 11,(((((26) 25) 24) 14) 12) 11)+ 11,((((37,36)~ 35) 34) 32) 11)+ 11,((33) 32) 11)+ 11)+ 11,((40,39)~ 38,((39,40)~ 38,(39,40)~ 38)+ 38)+ 38)~ 10,9)~ 8,7)~ 6)~ 0
&t ((2,(((5,4)~ 3,(5) 3)+ 3,(4) 3)+ 3)~ 1,((9,((39,40)~ 38,((((((((((((28) 27) 25) 24) 14) 12,((((((30,31)~ 29) 27) 25) 24) 34) 32)~ 11,(((((((30) 29) 27) 25) 24) 14) 12,(((((28,(31) 29)~ 27) 25) 24) 34) 32)~ 11)+ 11,(((((26) 25) 24) 14) 12) 11)+ 11,(((((18,17)~ 16,(23,((22,21)~ 20,(21,22)~ 20)+ 20)~ 19)~ 15) 14) 12) 11)+ 11,((((((((28,(31,30)~ 29)~ 27) 25) 24) 14) 12,(((((28,(30,31)~ 29)~ 27) 25) 24) 34) 32)~ 11,(((((26) 25) 24) 14) 12) 11)+ 11,(((((23,(21,22)~ 20)~ 19) 15) 14) 12) 11)+ 11)+ 11,((13) 12) 11)+ 11,(((((((((31,30)~ 29) 27) 25) 24) 14) 12,(((((28,(31,30)~ 29)~ 27) 25) 24) 34) 32)~ 11,(((((37,36)~ 35,(36,37)~ 35)+ 35) 34) 32) 11)+ 11,(((((26) 25) 24) 14) 12) 11)+ 11)+ 11)~ 10)~ 8,7)~ 6)~ 0
&t ((((2,(5,4)~ 3)~ 1,((4,5)~ 3) 1)+ 1,((2,(((5,4)~ 3,(5) 3)+ 3,(4) 3)+ 3)~ 1,(((2,(2,2)+ 2)+ 2,((5,4)~ 3,(4,5)~ 3)+ 3)~ 1,(((4,5)~ 3,(4,(5,5)+ 5)~ 3)+ 3,(2,2)+ 2)~ 1)+ 1)+ 1)+ 1,((((40,39)~ 38,(((((((((((28) 27) 25) 24) 14) 12,((((((31,30)~ 29) 27) 25) 24) 34) 32)~ 11,((((((((30) 29) 27) 25) 24) 14) 12,((((((30,31)~ 29) 27) 25) 24) 34) 32)~ 11,((((((28) 27) 25) 24) 14) 12,((((((31) 29) 27) 25) 24) 34) 32)~ 11)+ 11)+ 11,(((((26) 25) 24) 14) 12) 11)+ 11,((((36,37)~ 35) 34) 32) 11)+ 11,((33) 32) 11)+ 11,(((((((((((31,30)~ 29) 27) 25) 24) 14) 12,(((((28,(30,31)~ 29)~ 27) 25) 24) 34) 32)~ 11,(((((26) 25) 24) 14) 12) 11)+ 11,(((((26) 25) 24) 14) 12) 11)+ 11,((((((((28) 27) 25) 24) 14) 12,(((((28) 27) 25) 24) 34) 32)~ 11,(((((((30) 29) 27) 25) 24) 14) 12,((((((31) 29) 27) 25) 24) 34) 32)~ 11)+ 11,((((((28) 27) 25) 24) 14) 12,((((((31,30)~ 29) 27) 25) 24) 34) 32)~ 11)+ 11)+ 11,((13,(((17,18)~ 16,(23,(22,21)~ 20)~ 19)~ 15) 14)~ 12) 11)+ 11)+ 11)~ 10,9)~ 8,7)~ 6)~ 0
&t ((7,(((40,39)~ 38,((((((((((28,(31,30)~ 29)~ 27) 25) 24) 14) 12,(((((28,(31,30)~ 29)~ 27) 25) 24) 34) 32)~ 11,(((((((28) 27) 25) 24) 14) 12,(((((28,(30,31)~ 29)~ 27) 25) 24) 34) 32)~ 11,(((((26) 25) 24) 14) 12) 11)+ 11)+ 11,(((((17,18)~ 16,(23,((21,22)~ 20,(21,22)~ 20)+ 20)~ 19)~ 15) 14) 12) 11)+ 11,((13) 12) 11)+ 11,(((((((((28,(31,30)~ 29)~ 27) 25) 24) 14) 12,(((((28,(31,30)~ 29)~ 27) 25) 24) 34) 32)~ 11,(((((26) 25) 24) 14) 12) 11)+ 11,((((37,36)~ 35) 34) 32) 11)+ 11,((33) 32) 11)+ 11)+ 11)~ 10) 8)~ 6,(((4,5)~ 3,(5,4)~ 3)+ 3,2)~ 1)~ 0
&t (((9,(((((((((28,(30,31)~ 29)~ 27) 25) 24) 14) 12,(((((28,(31,30)~ 29)~ 27) 25) 24) 34) 32)~ 11,((((((((((28,(30,31)~ 29)~ 27) 25) 24) 14) 12,(((((28,(31,30)~ 29)~ 27) 25) 24) 34) 32)~ 11,(((((26) 25) 24) 14) 12) 11)+ 11,((33) 32) 11)+ 11,((((36,37)~ 35) 34) 32) 11)+ 11,((((((((28,(30,31)~ 29)~ 27) 25) 24) 14) 12,(((((28,(31,30)~ 29)~ 27) 25) 24) 34) 32)~ 11,(((((26) 25) 24) 14) 12) 11)+ 11,((((37,36)~ 35) 34) 32) 11)+ 11)+ 11)+ 11,((33) 32) 11)+ 11) 10)~ 8) 6,(((5,4)~ 3,(4,5)~ 3)+ 3,2)~ 1)~ 0
&t ((2,((5,4)~ 3,(4,5)~ 3)+ 3)~ 1,((((39,40)~ 38,(((((((((28,(30,31)~ 29)~ 27) 25) 24) 14) 12,(((((28,(30,31)~ 29)~ 27) 25) 24) 34) 32)~ 11,(((((26) 25) 24) 14) 12) 11)+ 11,((13,(((17) 16,((((22,21)~ 20,(22) 20)+ 20,((21,21)+ 21) 20)+ 20,(23,23)+ 23)~ 19)~ 15) 14)~ 12) 11)+ 11,(((((((((28,(31,30)~ 29)~ 27) 25) 24) 14) 12,((((((30) 29,28)~ 27) 25) 24) 34) 32)~ 11,(((((26) 25) 24) 14) 12) 11)+ 11,((((36,37)~ 35) 34) 32) 11)+ 11,((33) 32) 11)+ 11)+ 11)~ 10) 8,7)~ 6)~ 0
&t (((7,((9,(9,9)+ 9)+ 9) 8)~ 6,(((7,(((((33) 32,(13,(((18,17)~ 16,((21,(22,22)+ 22)~ 20,(23,23)+ 23)~ 19)~ 15,((26,(28,(31,30)~ 29)~ 27)~ 25) 24)~ 14)~ 12)~ 11,((((((((((((28,(30,31)~ 29)~ 27) 25) 24) 14) 12,(((((28,(31,30)~ 29)~ 27) 25) 24) 34) 32)~ 11,(((((26) 25) 24) 14) 12) 11)+ 11,((((((21,22)~ 20) 19) 15) 14) 12) 11)+ 11,((13,(((17,18)~ 16) 15) 14)~ 12) 11)+ 11,((((((((28,(30,31)~ 29)~ 27) 25) 24) 14) 12,(((((28,(31,30)~ 29)~ 27) 25) 24) 34) 32)~ 11,(((((26) 25) 24) 14) 12) 11)+ 11,((((37,36)~ 35) 34) 32) 11)+ 11)+ 11,((((((((((28) 27) 25) 24) 14) 12,((((((31,30)~ 29) 27) 25) 24) 34) 32)~ 11,(((((((30) 29) 27) 25) 24) 14) 12,((((((31) 29,28)~ 27) 25) 24) 34) 32)~ 11)+ 11,((((((28) 27) 25) 24) 14) 12,((((((30,31)~ 29) 27) 25) 24) 34) 32)~ 11)+ 11,(((((26) 25) 24) 14) 12) 11)+ 11,((((37,36)~ 35) 34) 32) 11)+ 11)+ 11,(((33,33)+ 33) 32) 11)+ 11)+ 11) 10) 8)~ 6,((((39,40)~ 38) 10) 8) 6)+ 6,(((((13) 12,(33) 32)~ 11) 10) 8) 6)+ 6)+ 6,(((4,5)~ 3,(4,5)~ 3)+ 3,2)~ 1)~ 0
&t ((((((((((((((((28) 27) 25) 24) 14) 12,(((((28,(30,31)~ 29)~ 27) 25) 24) 34) 32)~ 11,(((((26) 25) 24) 14) 12) 11)+ 11) 10) 8,(7,7)+ 7)~ 6,((((((((18,17)~ 16,(23,(21,22)~ 20)~ 19)~ 15) 14) 12) 11) 10) 8) 6)+ 6,((((((((((((28) 27) 25) 24) 14) 12,(((((28,(30,31)~ 29)~ 27) 25) 24) 34) 32)~ 11,(((((26) 25) 24) 14) 12) 11)+ 11,((((36,37)~ 35) 34) 32) 11)+ 11,((33) 32) 11)+ 11) 10) 8) 6)+ 6,((((((13,(13,13)+ 13)+ 13) 12) 11) 10) 8) 6)+ 6,((((40,39)~ 38) 10) 8) 6)+ 6,((9) 8) 6)+ 6,(((4,5)~ 3,(5,4)~ 3)+ 3) 1)~ 0
&t ((2) 1,(((7,(((((39,40)~ 38,(39,40)~ 38)+ 38,(40,39)~ 38)+ 38) 10) 8)~ 6,((((((((((((((28,(31,30)~ 29)~ 27) 25) 24) 14) 12,(((((28,(31,30)~ 29)~ 27) 25) 24) 34) 32)~ 11,(((((26) 25) 24) 14) 12) 11)+ 11,(((((23,(22,21)~ 20)~ 19,(18,17)~ 16)~ 15) 14) 12) 11)+ 11,(((13,13)+ 13) 12) 11)+ 11,(((((((28,(30,31)~ 29)~ 27) 25) 24) 14) 12,(((((28,(30,31)~ 29)~ 27) 25) 24) 34) 32)~ 11,(((((26) 25) 24) 14) 12) 11)+ 11)+ 11,((((36,37)~ 35) 34) 32) 11)+ 11) 10,9)~ 8) 6)+ 6,((9) 8) 6)+ 6)~ 0
&t ((2,((5,4)~ 3,(5,4)~ 3)+ 3)~ 1,(((((9,(((((((21,22)~ 20) 19) 15) 14) 12) 11) 10)~ 8,(((((((23) 19) 15) 14) 12) 11) 10) 8)+ 8,((((((((17,(18,18)+ 18)~ 16,(17,18)~ 16)+ 16) 15) 14) 12) 11) 10) 8)+ 8,((((((((((((((((30) 29) 27) 25) 24) 14) 12,((((((30) 29) 27) 25) 24) 34) 32)~ 11,(((((((31) 29) 27) 25) 24) 14) 12) 11)+ 11,((((((28) 27) 25) 24) 14) 12) 11)+ 11,((((((28) 27) 25) 24) 14) 12,((((((30,31)~ 29) 27) 25) 24) 34) 32)~ 11)+ 11,(((((26) 25) 24) 14) 12) 11)+ 11,((((37,36)~ 35) 34) 32) 11)+ 11,((13) 12) 11)+ 11,((((((((28,(30,31)~ 29)~ 27) 25) 24) 14) 12,(((((28,(31,30)~ 29)~ 27) 25) 24) 34) 32)~ 11,(((((26) 25) 24) 14) 12,((((26) 25) 24) 34) 32)~ 11)+ 11,((33) 32) 11)+ 11)+ 11) 10) 8)+ 8) 6)~ 0
&t (((7,(((((((((((((30,31)~ 29) 27) 25) 24) 14) 12,(((((28,(31,30)~ 29)~ 27) 25) 24) 34) 32)~ 11,(((((26) 25) 24) 14) 12) 11)+ 11,((33) 32) 11)+ 11,(((((36,(37,37)+ 37)~ 35,(36,37)~ 35)+ 35) 34) 32) 11)+ 11,(((((26,(28,(30,31)~ 29)~ 27)~ 25) 24) 34) 32,((((18,17)~ 16,(23,(21,22)~ 20)~ 19)~ 15) 14) 12)~ 11)+ 11,(39,40)~ 38)~ 10) 8)~ 6,(7) 6)+ 6,(((((4,5)~ 3,(5) 3)+ 3,(4) 3)+ 3,2)~ 1,((4) 3) 1)+ 1)~ 0
&t (((9,((((40) 38,(((((((((28,(30,31)~ 29)~ 27) 25) 24) 14) 12,(((((28,(30,31)~ 29)~ 27) 25) 24) 34) 32)~ 11,(((((18,17)~ 16) 15) 14) 12) 11)+ 11,(((((26) 25) 24) 14) 12) 11)+ 11,((13) 12) 11)+ 11)~ 10,(((33,((36,37)~ 35) 34)~ 32) 11) 10)+ 10,((((((((28,(31,30)~ 29)~ 27) 25) 24) 14) 12,(((((28,(30,31)~ 29)~ 27) 25) 24) 34) 32)~ 11,(((((26) 25) 24) 14) 12) 11)+ 11) 10)+ 10)~ 8) 6,((((((5,5)+ 5,4)~ 3,(5,4)~ 3)+ 3,2)~ 1,((5) 3) 1)+ 1,((4) 3) 1)+ 1)~ 0
&t (((((39) 38,(((((((((((28) 27) 25) 24) 14) 12,((((((31,30)~ 29) 27) 25) 24) 34) 32)~ 11,(((((((((31) 29) 27) 25) 24) 14) 12,((((((30,31)~ 29) 27) 25) 24) 34) 32)~ 11,(((((((30) 29) 27) 25) 24) 14) 12) 11)+ 11,((((((28) 27) 25) 24) 14) 12) 11)+ 11)+ 11,(((((26) 25) 24) 14) 12) 11)+ 11,((((36,(37,37)+ 37)~ 35) 34) 32) 11)+ 11,((33) 32) 11)+ 11,(((((((26) 25) 24) 34) 32,(((((21,22)~ 20) 19) 15) 14) 12)~ 11,(((((23) 19) 15) 14) 12) 11)+ 11,(((((18,17)~ 16) 15) 14) 12) 11)+ 11)+ 11)~ 10) 8) 6,(((5,4)~ 3,(5,4)~ 3)+ 3,2)~ 1)~ 0
&t ((((9,9)+ 9,(((((((((((((28,(31,30)~ 29)~ 27) 25) 24) 14) 12,(((((28,(31,30)~ 29)~ 27) 25) 24) 34) 32)~ 11,(((((26) 25) 24) 14) 12) 11)+ 11,(((((37,37)+ 37) 35) 34) 32) 11)+ 11,((33) 32) 11)+ 11,((((((((((28,(31,30)~ 29)~ 27) 25) 24) 14) 12,(((((28,(31,30)~ 29)~ 27) 25) 24) 34) 32)~ 11,(((((26) 25) 24) 14) 12,((((26) 25) 24) 34) 32)~ 11)+ 11,(((((17,18)~ 16) 15) 14) 12) 11)+ 11,(((((23,(22,21)~ 20)~ 19) 15) 14) 12) 11)+ 11,((13) 12) 11)+ 11)+ 11,(40,39)~ 38)~ 10,((39,40)~ 38) 10)+ 10,((((((((((((28,(30,31)~ 29)~ 27) 25) 24) 14) 12,(((((28,(31,30)~ 29)~ 27) 25) 24) 34) 32)~ 11,(((((26) 25) 24) 14) 12) 11)+ 11,(((((17,18)~ 16,(23,((22,21)~ 20,(22) 20)+ 20)~ 19)~ 15) 14) 12) 11)+ 11,((33) 32) 11)+ 11,((((((((28,(30,31)~ 29)~ 27) 25) 24) 14) 12,(((((28,(30,31)~ 29)~ 27) 25) 24) 34) 32)~ 11,(((((26) 25) 24) 14) 12) 11)+ 11,(((13,13)+ 13) 12) 11)+ 11)+ 11,((((36,37)~ 35) 34) 32) 11)+ 11) 10)+ 10)~ 8) 6) 0
&t ((((2,2)+ 2,((5,4)~ 3,(4,5)~ 3)+ 3)~ 1,(((5,4)~ 3,(4,5)~ 3)+ 3) 1)+ 1,(((9,9)+ 9) 8,7)~ 6)~ 0
&t ((2,((4,(5,5)+ 5)~ 3,(5,4)~ 3)+ 3)~ 1,(((((((33) 32) 11,(39,40)~ 38)~ 10,((((((((((28,(31,30)~ 29)~ 27) 25) 24) 14) 12,(((((28,(30,31)~ 29)~ 27) 25) 24) 34) 32)~ 11,(((((26) 25) 24) 14) 12) 11)+ 11,((13,(((17,18)~ 16,(23,(22,21)~ 20)~ 19)~ 15) 14)~ 12) 11)+ 11,(((13,13)+ 13) 12) 11)+ 11) 10)+ 10,(((((((((28,(30,31)~ 29)~ 27) 25) 24) 14) 12,(((((28,(30,31)~ 29)~ 27) 25) 24) 34) 32)~ 11,(((((26) 25) 24) 14) 12) 11)+ 11,((((37,36)~ 35) 34) 32) 11)+ 11) 10)+ 10,(9,9)+ 9)~ 8,7)~ 6)~ 0
&t (((((2,2)+ 2,(5,4)~ 3)~ 1,((5,(4,4)+ 4)~ 3) 1)+ 1,((9,((((39,40)~ 38,((((13) 12,((((26) 25) 24) 34) 32)~ 11,((((((28,(30,31)~ 29)~ 27) 25) 24) 14) 12,(((((28,(30,31)~ 29)~ 27) 25) 24) 34) 32)~ 11)+ 11,(((((17,18)~ 16,(23,(22,21)~ 20)~ 19)~ 15) 14) 12) 11)+ 11)~ 10,(((((((((28,(31,30)~ 29)~ 27) 25) 24) 14) 12,(((((28,(31,30)~ 29)~ 27) 25) 24) 34) 32)~ 11,(((((26) 25) 24) 14) 12) 11)+ 11,((((36) 35) 34) 32) 11)+ 11) 10)+ 10,(((33) 32) 11) 10)+ 10)~ 8) 6)~ 0,((2,((4,5)~ 3,(5) 3)+ 3)~ 1,(7) 6)~ 0)+ 0
&t ((2,((4,5)~ 3,(5,4)~ 3)+ 3)~ 1,(((9,((40,39)~ 38,((((((((((28,(31,30)~ 29)~ 27) 25) 24) 14) 12,(((((28,(30,31)~ 29)~ 27) 25) 24) 34) 32)~ 11,((((((((30) 29) 27) 25) 24) 14) 12,((((((31) 29) 27) 25) 24) 34) 32)~ 11,((((((28) 27) 25) 24) 14) 12,(((((28) 27) 25) 24) 34) 32)~ 11)+ 11)+ 11,(((((26) 25) 24) 14) 12) 11)+ 11,((((37,36)~ 35) 34) 32) 11)+ 11,((13,((((22,21)~ 20) 19,(18,17)~ 16)~ 15) 14)~ 12) 11)+ 11)~ 10)~ 8,(((39,40)~ 38,((((((((((28,(30,31)~ 29)~ 27) 25) 24) 14) 12,(((((28,(30,31)~ 29)~ 27) 25) 24) 34) 32)~ 11,(((((((28,(30,31)~ 29)~ 27) 25) 24) 14) 12,(((((28,(31,30)~ 29)~ 27) 25) 24) 34) 32)~ 11,(((((26) 25) 24) 14) 12) 11)+ 11)+ 11,(((((((28,(30,31)~ 29)~ 27) 25) 24) 14) 12,((((((30,31)~ 29) 27) 25) 24) 34) 32)~ 11,(((((26) 25) 24) 14) 12) 11)+ 11)+ 11,((((37,36)~ 35) 34) 32) 11)+ 11,((((((((28,(30,31)~ 29)~ 27) 25) 24) 14) 12,(((((28,(31,30)~ 29)~ 27) 25) 24) 34) 32)~ 11,(((((26) 25) 24) 14) 12) 11)+ 11,(((((23,(21,22)~ 20)~ 19,(17,18)~ 16)~ 15) 14) 12) 11)+ 11)+ 11)~ 10) 8)+ 8,7)~ 6)~ 0
&t ((7,(((39,40)~ 38,((((((((28,(30,31)~ 29)~ 27) 25) 24) 14) 12,(((((28,(31,30)~ 29)~ 27) 25) 24) 34) 32)~ 11,((33) 32) 11)+ 11,(((((26) 25) 24) 14) 12) 11)+ 11)~ 10) 8)~ 6) 0
&t ((((4,5)~ 3,(4,5)~ 3)+ 3) 1,((((((((13,13)+ 13,(((18,17)~ 16,(23,(21,22)~ 20)~ 19)~ 15) 14)~ 12) 11,((40,40)+ 40,(39,39)+ 39)~ 38)~ 10,(((33) 32) 11) 10)+ 10,(((((((((28,(30,31)~ 29)~ 27) 25) 24) 14) 12,(((((28,(31,30)~ 29)~ 27) 25) 24) 34) 32)~ 11,(((((26) 25) 24) 14) 12,((((26) 25) 24) 34) 32)~ 11)+ 11,((((37,36)~ 35) 34) 32) 11)+ 11) 10)+ 10,9)~ 8) 6)~ 0
&t ((2,((4,5)~ 3,(5,4)~ 3)+ 3)~ 1) 0
&t ((2,((4,5)~ 3,(5) 3)+ 3)~ 1,(((((40,39)~ 38) 10,9)~ 8,(((((((((((28,(31,30)~ 29)~ 27) 25) 24) 14) 12,((((((30,31)~ 29,28)~ 27) 25) 24) 34) 32)~ 11,(((((26) 25) 24) 14) 12) 11)+ 11,((13,(((17,18)~ 16,(23,(21,22)~ 20)~ 19)~ 15) 14)~ 12) 11)+ 11,(((((26) 25) 24) 14) 12) 11)+ 11) 10) 8)+ 8,7)~ 6)~ 0
&t (((2,((5,4)~ 3,(5) 3)+ 3)~ 1,(2) 1)+ 1,(((7,7)+ 7,7)+ 7,((((((((((((30) 29,28)~ 27) 25) 24) 14) 12,((((((31) 29) 27) 25) 24) 34) 32)~ 11,((((((28) 27) 25) 24) 14) 12,((((((31,30)~ 29) 27) 25) 24) 34) 32)~ 11)+ 11,(((((26) 25) 24) 14) 12) 11)+ 11,((13,(((23,(21,22)~ 20)~ 19,(17,18)~ 16)~ 15) 14)~ 12) 11)+ 11,((39,39)+ 39) 38)~ 10,9)~ 8)~ 6)~ 0
&t ((7,((((39) 38,(((((((((28,(31,30)~ 29)~ 27) 25) 24) 14) 12,(((((28,(31,30)~ 29)~ 27) 25) 24) 34) 32)~ 11,(((((26) 25) 24) 14) 12) 11)+ 11,(((((18,17)~ 16,(23,(22,(21,21)+ 21)~ 20)~ 19)~ 15) 14) 12) 11)+ 11,((13) 12) 11)+ 11)~ 10,(((33) 32) 11) 10)+ 10,(9,(9,9)+ 9)+ 9)~ 8)~ 6,(((5,4)~ 3,(5,4)~ 3)+ 3,2)~ 1)~ 0
&t (((7,((9,(9,9)+ 9)+ 9) 8)~ 6,((((((((((((28,(31,30)~ 29)~ 27) 25) 24) 14) 12,(((((28,(31,30)~ 29)~ 27) 25) 24) 34) 32)~ 11,(((((26) 25) 24) 14) 12) 11)+ 11,(((((17) 16,(23,(21,22)~ 20)~ 19)~ 15) 14) 12) 11)+ 11,((((36,37)~ 35) 34) 32) 11)+ 11,(40,39)~ 38)~ 10) 8) 6)+ 6,(((5,4)~ 3,(4,5)~ 3)+ 3,2)~ 1)~ 0
&t ((7,((9,(((33) 32) 11,((39,39)+ 39) 38)~ 10)~ 8,((((((((((((28) 27) 25) 24) 14) 12,((((((31,30)~ 29) 27) 25) 24) 34) 32)~ 11,((((((28,(31,30)~ 29)~ 27) 25) 24) 14) 12,(((((28,(30,31)~ 29)~ 27) 25) 24) 34) 32)~ 11)+ 11,(((((26) 25) 24) 14) 12) 11)+ 11,(((((17,18)~ 16,(23,(22,21)~ 20)~ 19)~ 15) 14) 12) 11)+ 11,((13) 12) 11)+ 11) 10) 8)+ 8)~ 6,(((5,4)~ 3,(5,(4,4)+ 4)~ 3)+ 3,2)~ 1)~ 0
&t ((2,((4,5)~ 3,(5,4)~ 3)+ 3)~ 1) 0
&t ((2,((5,4)~ 3,(5,4)~ 3)+ 3)~ 1,((((((((((((((17) 16,(23,(21,22)~ 20)~ 19)~ 15,((17) 16) 15)+ 15,((18) 16) 15)+ 15) 14) 12,((((((30) 29,28)~ 27,26)~ 25) 24) 34) 32)~ 11) 10) 8,7)~ 6,(((((13) 12) 11) 10) 8) 6)+ 6,((((((((26) 25) 24) 14) 12,(((37,36)~ 35) 34) 32)~ 11) 10) 8) 6)+ 6,((((((33,33)+ 33) 32) 11) 10) 8) 6)+ 6,(((((39,40)~ 38,(40,39)~ 38)+ 38) 10) 8) 6)+ 6)~ 0
&t ((2,((4,5)~ 3,(5,(4,4)+ 4)~ 3)+ 3)~ 1,((7,(((40,39)~ 38,(((((((((28,(30,31)~ 29)~ 27) 25) 24) 14) 12,(((((28,(30,31)~ 29)~ 27) 25) 24) 34) 32)~ 11,(((((26) 25) 24) 14) 12,((((26) 25) 24) 34) 32)~ 11)+ 11,((((37,36)~ 35) 34) 32) 11)+ 11,((((((((28,(30,31)~ 29)~ 27) 25) 24) 14) 12,(((((28,(31,30)~ 29)~ 27) 25) 24) 34) 32)~ 11,(((((23) 19,(17,18)~ 16)~ 15) 14) 12) 11)+ 11,((13) 12) 11)+ 11)+ 11)~ 10) 8)~ 6,((9) 8) 6)+ 6)~ 0
&t (((9,(((39,40)~ 38,(40,39)~ 38)+ 38,((((((26) 25) 24) 14) 12,((33,33)+ 33,((36,37)~ 35) 34)~ 32)~ 11,(((((((26) 25) 24) 14) 12,((((26) 25) 24) 34) 32)~ 11,((((((28,(31,30)~ 29)~ 27) 25) 24) 14) 12,(((((28,(31,30)~ 29)~ 27) 25) 24) 34) 32)~ 11)+ 11,(((13,13)+ 13,(((17) 16,(23,(22,21)~ 20)~ 19)~ 15) 14)~ 12) 11)+ 11)+ 11)~ 10)~ 8) 6,((((5,4)~ 3,(4,5)~ 3)+ 3,2)~ 1,(2,((4,5)~ 3,(5,(4,4)+ 4)~ 3)+ 3)~ 1)+ 1)~ 0
&t (((7,((((((((((((28,(30,31)~ 29)~ 27) 25) 24) 14) 12,(((((28,(30,31)~ 29)~ 27) 25) 24) 34) 32)~ 11,(((((26) 25) 24) 14) 12) 11)+ 11,(((((18,17)~ 16,((21,22)~ 20) 19)~ 15) 14) 12) 11)+ 11,((((((((28,(31,30)~ 29)~ 27) 25) 24) 14) 12,(((((28,(31,30)~ 29)~ 27) 25) 24) 34) 32)~ 11,(((((26) 25) 24) 14) 12) 11)+ 11,((((36,37)~ 35) 34) 32) 11)+ 11)+ 11,((33) 32) 11)+ 11) 10) 8)~ 6,((((((40,39)~ 38,(40) 38)+ 38,(39) 38)+ 38) 10) 8) 6)+ 6,(((4,5)~ 3,(4,5)~ 3)+ 3,2)~ 1)~ 0
&t (((9,((((39,40)~ 38,((((((28,(31,30)~ 29)~ 27) 25) 24) 14) 12,(((((28,(31,30)~ 29)~ 27) 25) 24) 34) 32)~ 11)~ 10,((((((((((28,(31,30)~ 29)~ 27) 25) 24) 14) 12,(((((28,(31,30)~ 29)~ 27) 25) 24) 34) 32)~ 11,(((((26) 25) 24) 14) 12) 11)+ 11,((13) 12) 11)+ 11,(((((18,17)~ 16,((22,21)~ 20,(23,23)+ 23)~ 19)~ 15) 14) 12) 11)+ 11) 10)+ 10,((40,39)~ 38) 10)+ 10)~ 8) 6) 0
&t (((((((39,40)~ 38) 10) 8) 6,(2,((4,5)~ 3,(4,5)~ 3)+ 3)~ 1)~ 0,((((2,(((5,4)~ 3,(5) 3)+ 3,(5,4)~ 3)+ 3)~ 1,((9) 8) 6)~ 0,((((((((((((((28,(31,30)~ 29)~ 27) 25) 24) 14) 12,(((((28,(31,30)~ 29)~ 27) 25) 24) 34) 32)~ 11,(((((26) 25) 24) 14) 12) 11)+ 11,(((((17,18)~ 16,(23,(21,22)~ 20)~ 19)~ 15) 14) 12) 11)+ 11,((13) 12) 11)+ 11,(((((18,17)~ 16,(23,(22) 20)~ 19)~ 15) 14) 12) 11)+ 11) 10) 8) 6) 0)+ 0,(((((((((((((28) 27) 25) 24) 14) 12,((((((31,30)~ 29) 27) 25) 24) 34) 32)~ 11,(((((((30,31)~ 29) 27) 25) 24) 14) 12,(((((28,(30,31)~ 29)~ 27) 25) 24) 34) 32)~ 11)+ 11,(((((26) 25) 24) 14) 12) 11)+ 11,((((((37,36)~ 35,((37,37)+ 37) 35)+ 35,(37,36)~ 35)+ 35) 34) 32) 11)+ 11) 10) 8) 6) 0)+ 0)+ 0,(((9) 8) 6) 0)+ 0
&t (((7,(9,(((((((((((28,(31,30)~ 29)~ 27) 25) 24) 14) 12,(((((28,(30,31)~ 29)~ 27) 25) 24) 34) 32)~ 11,(((((26) 25) 24) 14) 12) 11)+ 11,((13,(((18,17)~ 16,(23,((22,(21,21)+ 21)~ 20,(21,22)~ 20)+ 20)~ 19)~ 15) 14)~ 12) 11)+ 11,(((33,33)+ 33) 32) 11)+ 11,((((37,36)~ 35) 34) 32) 11)+ 11) 10)~ 8)~ 6,((7,7)+ 7) 6)+ 6,(((5,4)~ 3,(5) 3)+ 3,2)~ 1)~ 0
&t ((2,((4,5)~ 3,(4) 3)+ 3)~ 1,(7,((9,((39,(40,40)+ 40)~ 38) 10)~ 8,(((((39,40)~ 38,(40,39)~ 38)+ 38,((((((((26) 25) 24) 34) 32,(13) 12)~ 11,(((((18,17)~ 16,((23,(22,(21,21)+ 21)~ 20)~ 19,((22,21)~ 20) 19)+ 19)~ 15) 14) 12) 11)+ 11,((33) 32) 11)+ 11,(((((((28,(30,31)~ 29)~ 27) 25) 24) 14) 12,(((((28,(30,31)~ 29)~ 27) 25) 24) 34) 32)~ 11,((((36) 35) 34) 32) 11)+ 11)+ 11)~ 10,((((((((((((28,(30,31)~ 29)~ 27) 25) 24) 14) 12,((((((30,31)~ 29) 27) 25) 24) 34) 32)~ 11,(((((26) 25) 24) 14) 12) 11)+ 11,((((((28) 27) 25) 24) 14) 12) 11)+ 11,((33) 32) 11)+ 11,((((37,36)~ 35) 34) 32) 11)+ 11,(((((((((28,(30,31)~ 29)~ 27) 25) 24) 14) 12,(((((28,(30,31)~ 29)~ 27) 25) 24) 34) 32)~ 11,(((((26) 25) 24) 14) 12) 11)+ 11,(((((17,18)~ 16,(23,(21,22)~ 20)~ 19)~ 15) 14) 12) 11)+ 11,((13) 12) 11)+ 11)+ 11) 10)+ 10) 8)+ 8)~ 6)~ 0
&t (((7,(9,((39) 38,((((((((((28,(31,30)~ 29)~ 27) 25) 24) 14) 12,(((((28,(30,31)~ 29)~ 27) 25) 24) 34) 32)~ 11,(((((26) 25) 24) 14) 12) 11)+ 11,(((((17,(18,18)+ 18)~ 16,((22,21)~ 20,(23,23)+ 23)~ 19)~ 15) 14) 12) 11)+ 11,((13) 12) 11)+ 11,(((((((((28,(30,31)~ 29)~ 27) 25) 24) 14) 12,(((((28,(31,30)~ 29)~ 27) 25) 24) 34) 32)~ 11,(((((26) 25) 24) 14) 12) 11)+ 11,((((36,(37,37)+ 37)~ 35) 34) 32) 11)+ 11,((33) 32) 11)+ 11)+ 11)~ 10)~ 8)~ 6,((9,(((39,40)~ 38,(((((((((28,(31,30)~ 29)~ 27) 25) 24) 14) 12,(((((28,(31,30)~ 29)~ 27) 25) 24) 34) 32)~ 11,(((((26) 25) 24) 14) 12) 11)+ 11,((((((18,17)~ 16,(((21,22)~ 20,((21,22)~ 20,(21,22)~ 20)+ 20)+ 20) 19)~ 15,((23) 19) 15)+ 15) 14) 12) 11)+ 11,((13) 12) 11)+ 11)~ 10,(((33) 32) 11) 10)+ 10)~ 8) 6)+ 6,(((5,4)~ 3,(4,5)~ 3)+ 3,2)~ 1)~ 0
&t (((7,(7,7)+ 7)+ 7,(((40,39)~ 38,((((((((((28,(30,31)~ 29)~ 27) 25) 24) 14) 12,(((((28,(31,30)~ 29)~ 27) 25) 24) 34) 32)~ 11,(((((26) 25) 24) 14) 12) 11)+ 11,(((((18,17)~ 16) 15) 14) 12) 11)+ 11,((13) 12) 11)+ 11,((((((((28,(30,31)~ 29)~ 27) 25) 24) 14) 12,(((((28,(31,30)~ 29)~ 27) 25) 24) 34) 32)~ 11,(((((26) 25) 24) 14) 12) 11)+ 11,((((37) 35) 34) 32) 11)+ 11)+ 11)~ 10,9)~ 8)~ 6) 0
&t ((((((7,((((33) 32) 11) 10) 8)~ 6,(((((((((((28,(31,30)~ 29)~ 27) 25) 24) 14) 12,(((((28,(30,31)~ 29)~ 27) 25) 24) 34) 32)~ 11,(((((26) 25) 24) 14) 12) 11)+ 11,(((((18,(17,17)+ 17)~ 16,(23,(22,21)~ 20)~ 19)~ 15) 14) 12) 11)+ 11) 10) 8) 6)+ 6,((((((13,13)+ 13) 12) 11) 10) 8) 6)+ 6,((((39,40)~ 38) 10) 8) 6)+ 6,(((((((((((28,(31,30)~ 29)~ 27) 25) 24) 14) 12,(((((28,(31,30)~ 29)~ 27) 25) 24) 34) 32)~ 11,(((((26) 25) 24) 14) 12) 11)+ 11,((((37,36)~ 35) 34) 32) 11)+ 11) 10) 8) 6)+ 6,(((4,5)~ 3,(5) 3)+ 3,(2,2)+ 2)~ 1)~ 0
&t (((2,((5,4)~ 3,(4,5)~ 3)+ 3)~ 1,(2,((4,5)~ 3,(4,5)~ 3)+ 3)~ 1)+ 1,((((((((((((((((28,(30,31)~ 29)~ 27) 25) 24) 14) 12,(((((28,(31,30)~ 29)~ 27) 25) 24) 34) 32)~ 11,(((((26) 25) 24) 14) 12) 11)+ 11,(((((26) 25) 24) 14) 12) 11)+ 11,((((37,36)~ 35) 34) 32) 11)+ 11,(39,40)~ 38)~ 10,(((33) 32) 11) 10)+ 10,((((((((((28,(30,31)~ 29)~ 27) 25) 24) 14) 12,(((((28,(30,31)~ 29)~ 27) 25) 24) 34) 32)~ 11,(((13,(13,13)+ 13)+ 13) 12) 11)+ 11,(((((23) 19) 15) 14) 12) 11)+ 11,(((((17,18)~ 16) 15) 14) 12) 11)+ 11) 10)+ 10,9)~ 8,7)~ 6,(7) 6)+ 6,(7) 6)+ 6)~ 0
&t ((2,((4,5)~ 3,(4,5)~ 3)+ 3)~ 1,((9,((40,39)~ 38,((((((((((28) 27) 25) 24) 14) 12,((((((30,31)~ 29) 27) 25) 24) 34) 32)~ 11,((((((((30,31)~ 29) 27) 25) 24) 14) 12,((((((30,31)~ 29) 27) 25) 24) 34) 32)~ 11,((((((28) 27) 25) 24) 14) 12) 11)+ 11)+ 11,((((37,36)~ 35) 34) 32) 11)+ 11,((33) 32) 11)+ 11,((((((((28) 27) 25) 24) 14) 12,(((((28,(30,31)~ 29)~ 27) 25) 24) 34) 32)~ 11,(((((26) 25) 24) 14) 12,((((26) 25) 24) 34) 32)~ 11)+ 11,((13,(((23,(21,22)~ 20)~ 19,(18,17)~ 16)~ 15) 14)~ 12) 11)+ 11)+ 11)~ 10)~ 8) 6)~ 0
&t (((9,((40,39)~ 38,((((((((((28,(31,30)~ 29)~ 27) 25) 24) 14) 12,(((((28,(31,30)~ 29)~ 27) 25) 24) 34) 32)~ 11,(((((26) 25) 24) 14) 12) 11)+ 11,((((37) 35) 34) 32) 11)+ 11,((33) 32) 11)+ 11,((((((((((28,(30,31)~ 29)~ 27) 25) 24) 14) 12,(((((28,(31,30)~ 29)~ 27) 25) 24) 34) 32)~ 11,((((((28,(31,30)~ 29)~ 27) 25) 24) 14) 12,(((((28,(31,30)~ 29)~ 27) 25) 24) 34) 32)~ 11)+ 11,(((((26) 25) 24) 14) 12) 11)+ 11,((13) 12) 11)+ 11,(((((23,((21,22)~ 20,(21,22)~ 20)+ 20)~ 19,(17,18)~ 16)~ 15) 14) 12) 11)+ 11)+ 11)~ 10)~ 8) 6,(((5,4)~ 3,(5,4)~ 3)+ 3,2)~ 1)~ 0
&t (((((5,4)~ 3,(5) 3)+ 3,(4) 3)+ 3) 1,(((9,9)+ 9) 8,7)~ 6)~ 0
&t ((((7) 6,(2,(((4,5)~ 3,(5,4)~ 3)+ 3,(5,4)~ 3)+ 3)~ 1)~ 0,((((((4,5)~ 3,(4,5)~ 3)+ 3,(4,5)~ 3)+ 3,2)~ 1,(((((((39,40)~ 38,(((((((((28,(30,31)~ 29)~ 27) 25) 24) 14) 12,(((((28,(31,30)~ 29)~ 27) 25) 24) 34) 32)~ 11,(((((26) 25) 24) 14) 12) 11)+ 11,((13) 12) 11)+ 11,(((((18,17)~ 16,(23,(21,22)~ 20)~ 19)~ 15) 14) 12) 11)+ 11)~ 10,(((33) 32) 11) 10)+ 10,(((((((((28,(31,30)~ 29)~ 27) 25) 24) 14) 12,(((((28,(30,31)~ 29)~ 27) 25) 24) 34) 32)~ 11,(((((26) 25) 24) 14) 12) 11)+ 11,((((37,36)~ 35) 34) 32) 11)+ 11) 10)+ 10,((39,40)~ 38) 10)+ 10) 8) 6)~ 0,(((9) 8) 6) 0)+ 0)+ 0,((7) 6) 0)+ 0
&t (((7,7)+ 7,(((40,39)~ 38,(((((((((28,(30,31)~ 29)~ 27) 25) 24) 14) 12,(((((28,(30,31)~ 29)~ 27) 25) 24) 34) 32)~ 11,(((((26) 25) 24) 14) 12) 11)+ 11,(((((18,17)~ 16,(23,(21,22)~ 20)~ 19)~ 15) 14) 12) 11)+ 11,((33) 32) 11)+ 11)~ 10,(9,(9,9)+ 9)+ 9)~ 8)~ 6,(((4,5)~ 3,(4,5)~ 3)+ 3,2)~ 1)~ 0
&t (((7,7)+ 7,(((((((((((((((31,30)~ 29,28)~ 27) 25) 24) 14) 12,(((((28,(31,30)~ 29)~ 27) 25) 24) 34) 32)~ 11,(((((26) 25) 24) 14) 12) 11)+ 11,(((((17,18)~ 16,((21) 20,23)~ 19)~ 15) 14) 12) 11)+ 11,(((33,33)+ 33) 32) 11)+ 11,(((((((((28,(31,30)~ 29)~ 27) 25) 24) 14) 12,(((((28,(31,30)~ 29)~ 27) 25) 24) 34) 32)~ 11,((((((28) 27) 25) 24) 14) 12,((((((30,31)~ 29) 27) 25) 24) 34) 32)~ 11)+ 11,(((((26) 25) 24) 14) 12) 11)+ 11,(((((((28,(31,30)~ 29)~ 27) 25) 24) 14) 12,(((((28,(31,30)~ 29)~ 27) 25) 24) 34) 32)~ 11,(((((26) 25) 24) 14) 12) 11)+ 11)+ 11)+ 11,((((36,(37,37)+ 37)~ 35) 34) 32) 11)+ 11) 10,9)~ 8,(((39,40)~ 38,(((((((((((28,(30,31)~ 29)~ 27) 25) 24) 14) 12,(((((28,(31,30)~ 29)~ 27) 25) 24) 34) 32)~ 11,(((((26) 25) 24) 14) 12) 11)+ 11,((13) 12) 11)+ 11,((((((21,22)~ 20) 19,(17,18)~ 16)~ 15) 14) 12) 11)+ 11,(((((((((28) 27) 25) 24) 14) 12,(((((28,(31,30)~ 29)~ 27) 25) 24) 34) 32)~ 11,(((((26) 25) 24) 14) 12) 11)+ 11,((((37,36)~ 35) 34) 32) 11)+ 11,((33) 32) 11)+ 11)+ 11,((((((23,23)+ 23) 19) 15) 14) 12) 11)+ 11)~ 10) 8)+ 8)~ 6) 0
&t ((2,((4,5)~ 3,(5,4)~ 3)+ 3)~ 1,(((((9,9)+ 9,((39,40)~ 38,((((((((((28) 27) 25) 24) 14) 12,((((((31,30)~ 29) 27) 25) 24) 34) 32)~ 11,(((((((28) 27) 25) 24) 14) 12,(((((28) 27) 25) 24) 34) 32)~ 11,(((((((30) 29) 27) 25) 24) 14) 12,((((((31) 29) 27) 25) 24) 34) 32)~ 11)+ 11)+ 11,(((((26) 25) 24) 14) 12) 11)+ 11,((((37,36)~ 35) 34) 32) 11)+ 11,((13,(((18,17)~ 16) 15) 14)~ 12) 11)+ 11)~ 10)~ 8,(9) 8)+ 8,(9) 8)+ 8) 6)~ 0
&t ((7,(((((9,((39,40)~ 38) 10)~ 8,((((((((((((28,(31,30)~ 29)~ 27) 25) 24) 14) 12,(((((28,(30,31)~ 29)~ 27) 25) 24) 34) 32)~ 11,(((((26) 25) 24) 14) 12) 11)+ 11,(((((17,18)~ 16,(23,(22,(21,21)+ 21)~ 20)~ 19)~ 15) 14) 12) 11)+ 11,((13) 12) 11)+ 11,(((((((((28,(31,30)~ 29)~ 27) 25) 24) 14) 12,(((((28,(30,31)~ 29)~ 27) 25) 24) 34) 32)~ 11,(((((26) 25) 24) 14) 12) 11)+ 11,(((((37,37)+ 37) 35) 34) 32) 11)+ 11,((33) 32) 11)+ 11)+ 11) 10) 8)+ 8,(((40,39)~ 38) 10) 8)+ 8,(((((((((((((28,(31,30)~ 29)~ 27) 25) 24) 14) 12,(((((28,(30,31)~ 29)~ 27) 25) 24) 34) 32)~ 11,(((((26) 25) 24) 14) 12) 11)+ 11,((((((22,21)~ 20) 19,(17,18)~ 16)~ 15) 14) 12) 11)+ 11,((13) 12) 11)+ 11,((((((((28,(30,31)~ 29)~ 27) 25) 24) 14) 12,(((((28,(30,31)~ 29)~ 27) 25) 24) 34) 32)~ 11,(((((26) 25) 24) 14) 12,((((26) 25) 24) 34) 32)~ 11)+ 11,((((36,37)~ 35) 34) 32) 11)+ 11)+ 11,((33) 32) 11)+ 11) 10) 8)+ 8,((((39,40)~ 38,(39,40)~ 38)+ 38) 10) 8)+ 8)~ 6) 0
&t ((7,(9,(((((((((((28) 27) 25) 24) 14) 12,((((((31,30)~ 29) 27) 25) 24) 34) 32)~ 11,(((((((((31) 29) 27) 25) 24) 14) 12,((((((31) 29) 27) 25) 24) 34) 32)~ 11,(((((((30) 29) 27) 25) 24) 14) 12) 11)+ 11,((((((28) 27) 25) 24) 14) 12) 11)+ 11)+ 11,(((((26) 25) 24) 14) 12) 11)+ 11,((((36,37)~ 35) 34) 32) 11)+ 11,((13) 12) 11)+ 11) 10)~ 8)~ 6,((2,(4,5)~ 3)~ 1,((4,5)~ 3) 1)+ 1)~ 0
&t ((2,((((5,4)~ 3,(5,4)~ 3)+ 3,((4,5)~ 3,(5,4)~ 3)+ 3)+ 3,((4,5)~ 3,(5,4)~ 3)+ 3)+ 3)~ 1) 0
&t ((7,(((((39,40)~ 38,((((((28,(30,31)~ 29)~ 27) 25) 24) 14) 12,(((((28,(31,30)~ 29)~ 27) 25) 24) 34) 32)~ 11)~ 10,(((33) 32) 11) 10)+ 10,(((((((((28,(30,31)~ 29)~ 27) 25) 24) 14) 12,(((((28,(30,31)~ 29)~ 27) 25) 24) 34) 32)~ 11,(((((26) 25) 24) 34) 32,((((17) 16,((23,23)+ 23,(21,22)~ 20)~ 19)~ 15) 14) 12)~ 11)+ 11,((13) 12) 11)+ 11) 10)+ 10) 8)~ 6,(((4,(5,5)+ 5)~ 3,(4,5)~ 3)+ 3,2)~ 1)~ 0
&t (((7,7)+ 7,((((9,(((((((23) 19,(17,(18,18)+ 18)~ 16)~ 15,(((22,21)~ 20) 19) 15)+ 15) 14) 12) 11) 10)~ 8,(((((((26) 25) 24) 14) 12,(((((28,(31,30)~ 29)~ 27) 25) 24) 34) 32)~ 11) 10) 8)+ 8,(((((40,39)~ 38,((((((((((28,(31,30)~ 29)~ 27) 25) 24) 14) 12,(((((28,(30,31)~ 29)~ 27) 25) 24) 34) 32)~ 11,(((((26) 25) 24) 14) 12) 11)+ 11,((((36,37)~ 35) 34) 32) 11)+ 11,((33) 32) 11)+ 11,(((((((((28,(30,31)~ 29)~ 27) 25) 24) 14) 12,(((((28,(31,30)~ 29)~ 27) 25) 24) 34) 32)~ 11,(((((26) 25) 24) 14) 12) 11)+ 11,(((((17) 16,(23,(21,22)~ 20)~ 19)~ 15) 14) 12) 11)+ 11,(((13,13)+ 13) 12) 11)+ 11)+ 11)~ 10,(((((((((28,(30,31)~ 29)~ 27) 25) 24) 14) 12,(((((28,(30,31)~ 29)~ 27) 25) 24) 34) 32)~ 11,(((((26) 25) 24) 14) 12) 11)+ 11,(((((26) 25) 24) 14) 12) 11)+ 11) 10)+ 10,(((33) 32) 11) 10)+ 10) 8)+ 8,((((13) 12) 11) 10) 8)+ 8)~ 6) 0
&t ((2,((5,4)~ 3,(4,5)~ 3)+ 3)~ 1,(((9,(9,9)+ 9)+ 9,((((((((((((28,(31,30)~ 29)~ 27) 25) 24) 14) 12,(((((28,(30,31)~ 29)~ 27) 25) 24) 34) 32)~ 11,(((((26) 25) 24) 14) 12) 11)+ 11,(((((((28,(30,31)~ 29)~ 27) 25) 24) 14) 12,(((((28,(30,31)~ 29)~ 27) 25) 24) 34) 32)~ 11,(((((26) 25) 24) 14) 12) 11)+ 11)+ 11,((((37) 35) 34) 32) 11)+ 11,((((((((((28,(30,31)~ 29)~ 27) 25) 24) 14) 12,(((((28,(30,31)~ 29)~ 27) 25) 24) 34) 32)~ 11,(((((26) 25) 24) 14) 12) 11)+ 11,(((13,13)+ 13) 12) 11)+ 11,((((((21,22)~ 20) 19,((18,17)~ 16,(17,18)~ 16)+ 16)~ 15) 14) 12) 11)+ 11,(((((((((28) 27) 25) 24) 14) 12,((((((30,31)~ 29) 27) 25) 24) 34) 32)~ 11,((((((((30) 29) 27) 25) 24) 14) 12,((((((31) 29) 27) 25) 24) 34) 32)~ 11,((((((28) 27) 25) 24) 14) 12,(((((28) 27) 25) 24) 34) 32)~ 11)+ 11)+ 11,(((((26) 25) 24) 14) 12) 11)+ 11,(((((17) 16,((22,21)~ 20) 19)~ 15) 14) 12) 11)+ 11)+ 11)+ 11,(39,40)~ 38)~ 10,(((33) 32) 11) 10)+ 10)~ 8,7)~ 6)~ 0
&t (((2,(5,4)~ 3)~ 1,((5,4)~ 3) 1)+ 1,((((((((((((((((28,(30,31)~ 29)~ 27) 25) 24) 14) 12,(((((28,(30,31)~ 29)~ 27) 25) 24) 34) 32)~ 11,(((((26) 25) 24) 14) 12) 11)+ 11,(((((((((30,31)~ 29) 27) 25) 24) 14) 12,((((((30,31)~ 29) 27) 25) 24) 34) 32)~ 11,((((((28) 27) 25) 24) 14) 12) 11)+ 11,(((((26) 25) 24) 14) 12) 11)+ 11)+ 11,((((37,36)~ 35) 34) 32) 11)+ 11,((((((((((30,31)~ 29) 27) 25) 24) 14) 12,(((((28,(31,30)~ 29)~ 27) 25) 24) 34) 32)~ 11,((((((28) 27) 25) 24) 14) 12,((((((30,31)~ 29) 27) 25) 24) 34) 32)~ 11)+ 11,(((((26) 25) 24) 14) 12) 11)+ 11,((((36,37)~ 35) 34) 32) 11)+ 11)+ 11) 10) 8,(7,7)+ 7)~ 6,((((((((((28,(30,31)~ 29)~ 27) 25) 24) 14) 12,(((((28,(31,30)~ 29)~ 27) 25) 24) 34) 32)~ 11,((((((21,22)~ 20) 19,(18,17)~ 16)~ 15) 14) 12) 11)+ 11) 10) 8) 6)+ 6,((((((39,40)~ 38,(39,(40,40)+ 40)~ 38)+ 38,(((((((((((28,(31,30)~ 29)~ 27) 25) 24) 14) 12,(((((28,(31,30)~ 29)~ 27) 25) 24) 34) 32)~ 11,((((((((31) 29) 27) 25) 24) 14) 12,(((((28,(30) 29)~ 27) 25) 24) 34) 32)~ 11,((((((28) 27) 25) 24) 14) 12,((((((31,30)~ 29) 27) 25) 24) 34) 32)~ 11)+ 11)+ 11,(((((26) 25) 24) 14) 12) 11)+ 11,(((((18,17)~ 16,(23,(21,22)~ 20)~ 19)~ 15) 14) 12) 11)+ 11,((13) 12) 11)+ 11,((((((((26) 25) 24) 14) 12,((((26) 25) 24) 34) 32)~ 11,((((((28,(31,30)~ 29)~ 27) 25) 24) 14) 12,(((((28,(30,31)~ 29)~ 27) 25) 24) 34) 32)~ 11)+ 11,(((((37,36)~ 35,(36,37)~ 35)+ 35) 34) 32) 11)+ 11,((33) 32) 11)+ 11)+ 11)~ 10,(((13) 12) 11) 10)+ 10) 8) 6)+ 6,((9) 8) 6)+ 6)~ 0
&t ((((4,(5,5)+ 5)~ 3,(5,4)~ 3)+ 3) 1,(((((((((((((((28) 27) 25) 24) 14) 12,((((((31,30)~ 29) 27) 25) 24) 34) 32)~ 11,((((((28,(30,31)~ 29)~ 27) 25) 24) 14) 12,(((((28,(31,30)~ 29)~ 27) 25) 24) 34) 32)~ 11)+ 11,(((((26) 25) 24) 14) 12) 11)+ 11,((((((17,17)+ 17,(18,18)+ 18)~ 16) 15) 14) 12) 11)+ 11,(((((23,(22,21)~ 20)~ 19) 15) 14) 12) 11)+ 11,(((((((28,(31,30)~ 29)~ 27) 25) 24) 14) 12,(((((28,(31,30)~ 29)~ 27) 25) 24) 34) 32)~ 11,((13,(((17,18)~ 16,(23,(21,22)~ 20)~ 19)~ 15) 14)~ 12) 11)+ 11)+ 11,((((((((((28,(31,30)~ 29)~ 27) 25) 24) 14) 12,(((((28,(30,31)~ 29)~ 27) 25) 24) 34) 32)~ 11,(((((26) 25) 24) 14) 12) 11)+ 11,((((36,37)~ 35) 34) 32) 11)+ 11,((33) 32) 11)+ 11,((13) 12) 11)+ 11)+ 11) 10,9)~ 8,(7,7)+ 7)~ 6)~ 0
&t (((2,((5,4)~ 3,(4,5)~ 3)+ 3)~ 1,((((2,2)+ 2,((4,5)~ 3,(4,5)~ 3)+ 3)~ 1,(((4,5)~ 3,(5,4)~ 3)+ 3) 1)+ 1,(2) 1)+ 1)+ 1,(((9) 8,(7,7)+ 7)~ 6,((((((((((((((28) 27) 25) 24) 14) 12,(((((28) 27) 25) 24) 34) 32)~ 11,(((((((30) 29) 27) 25) 24) 14) 12,((((((31) 29) 27) 25) 24) 34) 32)~ 11)+ 11,((((((28) 27) 25) 24) 14) 12,((((((30,31)~ 29) 27) 25) 24) 34) 32)~ 11)+ 11,(((((26) 25) 24) 14) 12) 11)+ 11,((((36,37)~ 35) 34) 32) 11)+ 11,((((((((28,(31,30)~ 29)~ 27) 25) 24) 14) 12,(((((28,(30,31)~ 29)~ 27) 25) 24) 34) 32)~ 11,(((((26) 25) 24) 14) 12) 11)+ 11,((13,(((17,18)~ 16,(23,(21) 20)~ 19)~ 15) 14)~ 12) 11)+ 11)+ 11,((40,39)~ 38,(40,39)~ 38)+ 38)~ 10) 8) 6)+ 6)~ 0
&t (((9,(((((40,39)~ 38,((((((17,18)~ 16,(23,(22,21)~ 20)~ 19)~ 15) 14) 12,((((26,(28,(30,31)~ 29)~ 27)~ 25) 24) 34) 32)~ 11,((13) 12) 11)+ 11)~ 10,(((((((((26,(28,(31,30)~ 29)~ 27)~ 25) 24) 34) 32,((((18,17)~ 16,(23,(21,22)~ 20)~ 19)~ 15) 14) 12)~ 11,((13) 12) 11)+ 11,((((((((((28,(31,30)~ 29)~ 27) 25) 24) 14) 12,(((((28,(31,30)~ 29)~ 27) 25) 24) 34) 32)~ 11,(((((((31,30)~ 29) 27) 25) 24) 14) 12,(((((28,(31,30)~ 29)~ 27) 25) 24) 34) 32)~ 11)+ 11,(((((26) 25) 24) 14) 12) 11)+ 11,(((((18,17)~ 16,((22,21)~ 20,23)~ 19)~ 15) 14) 12) 11)+ 11,((13) 12) 11)+ 11)+ 11,((33) 32) 11)+ 11) 10)+ 10,((((((((((28) 27) 25) 24) 14) 12,((((((30,31)~ 29) 27) 25) 24) 34) 32)~ 11,(((((((31) 29) 27) 25) 24) 14) 12,((((((30) 29,28)~ 27) 25) 24) 34) 32)~ 11)+ 11,(((((26) 25) 24) 14) 12) 11)+ 11,((((37,36)~ 35) 34) 32) 11)+ 11) 10)+ 10,(((((((((28,(31,30)~ 29)~ 27) 25) 24) 14) 12,(((((28,(31,30)~ 29)~ 27) 25) 24) 34) 32)~ 11,(((((26) 25) 24) 14) 12) 11)+ 11,((((((36,37)~ 35,(36) 35)+ 35,(36,37)~ 35)+ 35) 34) 32) 11)+ 11) 10)+ 10)~ 8) 6,(((4,5)~ 3,(4,5)~ 3)+ 3,2)~ 1)~ 0
&t (((((((((((26,(28) 27)~ 25) 24) 34) 32,((((18,(17,17)+ 17)~ 16,(23,(((21,(22,22)+ 22)~ 20,(22,21)~ 20)+ 20,(21) 20)+ 20)~ 19)~ 15) 14) 12)~ 11,((13) 12) 11)+ 11,((((((26,(28,(31,30)~ 29)~ 27)~ 25) 24) 14) 12,(((36,37)~ 35) 34) 32)~ 11,(((((((((28,(30,31)~ 29)~ 27) 25) 24) 14) 12,(((((28,(30,31)~ 29)~ 27) 25) 24) 34) 32)~ 11,(((((26) 25) 24) 14) 12) 11)+ 11,(((((((28,(30,31)~ 29)~ 27) 25) 24) 14) 12,(((((28,(31,30)~ 29)~ 27) 25) 24) 34) 32)~ 11,(((((26) 25) 24) 14) 12,((((26) 25) 24) 34) 32)~ 11)+ 11)+ 11,((((36,37)~ 35) 34) 32) 11)+ 11)+ 11)+ 11,(40,39)~ 38)~ 10) 8) 6,(((5,4)~ 3,(4,5)~ 3)+ 3,2)~ 1)~ 0
&t ((2,((5,4)~ 3,(5,4)~ 3)+ 3)~ 1) 0
&t (((7,(7,7)+ 7)+ 7,((((((((((26) 25) 24) 14) 12,((((26) 25) 24) 34) 32)~ 11,(((((23,(22,21)~ 20)~ 19) 15) 14) 12) 11)+ 11,((13) 12) 11)+ 11,((((((((28,(31,30)~ 29)~ 27) 25) 24) 14) 12,(((((28,(30,31)~ 29)~ 27) 25) 24) 34) 32)~ 11,(((((26) 25) 24) 14) 12) 11)+ 11,((((36,(37,37)+ 37)~ 35) 34) 32) 11)+ 11)+ 11,(39,(40,40)+ 40)~ 38)~ 10,9)~ 8)~ 6) 0
&t (((7) 6,(2,((5,4)~ 3,(5,4)~ 3)+ 3)~ 1)~ 0,((((5,4)~ 3,(5) 3)+ 3) 1,((9) 8) 6)~ 0)+ 0
&t ((7,(9,((((40) 38,(((((((((28) 27) 25) 24) 14) 12,((((((30,31)~ 29) 27) 25) 24) 34) 32)~ 11,(((((((28) 27) 25) 24) 14) 12,(((((28) 27) 25) 24) 34) 32)~ 11,(((((((30) 29) 27) 25) 24) 14) 12,((((((31) 29) 27) 25) 24) 34) 32)~ 11)+ 11)+ 11,(((((26) 25) 24) 14) 12) 11)+ 11,((((37,36)~ 35) 34) 32) 11)+ 11)~ 10,(((((((((26) 25) 24) 14) 12,((((26) 25) 24) 34) 32)~ 11,((((((28,(30,31)~ 29)~ 27) 25) 24) 14) 12,(((((28,(31,30)~ 29)~ 27) 25) 24) 34) 32)~ 11)+ 11,((13) 12) 11)+ 11,(((((23,(22,21)~ 20)~ 19,(18,17)~ 16)~ 15) 14) 12) 11)+ 11) 10)+ 10,(((((((((((28,(31,30)~ 29)~ 27) 25) 24) 14) 12,(((((28,(30,31)~ 29)~ 27) 25) 24) 34) 32)~ 11,(((((26) 25) 24) 14) 12) 11)+ 11,((((37,36)~ 35) 34) 32) 11)+ 11,((13,(((17,18)~ 16,(23,(22,21)~ 20)~ 19)~ 15) 14)~ 12,((((26,(28,(31,30)~ 29)~ 27)~ 25) 24) 34) 32)~ 11)+ 11,((33) 32) 11)+ 11) 10)+ 10)~ 8)~ 6,(((5,4)~ 3,(5) 3)+ 3,2)~ 1)~ 0
&t ((7,(9,((((((((((((30,31)~ 29,28)~ 27) 25) 24) 14) 12,((((((31) 29,28)~ 27) 25) 24) 34) 32)~ 11,(((((26) 25) 24) 14) 12) 11)+ 11,((33) 32) 11)+ 11,(((((36,37)~ 35,(37,36)~ 35)+ 35) 34) 32) 11)+ 11,(((((((((28,(30,31)~ 29)~ 27) 25) 24) 14) 12,(((((28,(31,30)~ 29)~ 27) 25) 24) 34) 32)~ 11,(((((26) 25) 24) 14) 12) 11)+ 11,(((((17,18)~ 16,(23,(22,21)~ 20)~ 19)~ 15) 14) 12) 11)+ 11,((13) 12) 11)+ 11)+ 11) 10)~ 8)~ 6) 0
&t ((2,(4) 3)~ 1,((((7,(9) 8)~ 6,(((((((((18,17)~ 16,(23,(22,(21,21)+ 21)~ 20)~ 19)~ 15) 14) 12,((((26,(28,(30,31)~ 29)~ 27)~ 25) 24) 34) 32)~ 11,((13) 12) 11)+ 11) 10) 8) 6)+ 6,(((((((((26) 25) 24) 14) 12,((((26) 25) 24) 34) 32)~ 11,((((37,36)~ 35) 34) 32) 11)+ 11) 10) 8) 6)+ 6,(((((33) 32) 11) 10) 8) 6)+ 6)~ 0
&t ((7) 6,((2,(4,5)~ 3)~ 1,((5,4)~ 3) 1)+ 1)~ 0
&t ((((2,(5,4)~ 3)~ 1,((5) 3) 1)+ 1,((4) 3) 1)+ 1,((((40,39)~ 38) 10,9)~ 8) 6)~ 0
&t ((((7,7)+ 7,(9,((((((((28,(30,31)~ 29)~ 27) 25) 24) 14) 12,(((((28,(31,30)~ 29)~ 27) 25) 24) 34) 32)~ 11,(((((((((28,(30,31)~ 29)~ 27) 25) 24) 14) 12,(((((28,(30,31)~ 29)~ 27) 25) 24) 34) 32)~ 11,((13) 12) 11)+ 11,(((((23,(22,21)~ 20)~ 19,(18,17)~ 16)~ 15) 14) 12) 11)+ 11,(((((26) 25) 24) 14) 12) 11)+ 11)+ 11) 10)~ 8)~ 6,((((40,39)~ 38,((((((((((28) 27) 25) 24) 14) 12,((((((31,30)~ 29) 27) 25) 24) 34) 32)~ 11,(((((((30,31)~ 29) 27) 25) 24) 14) 12,(((((28,(30,31)~ 29)~ 27) 25) 24) 34) 32)~ 11)+ 11,(((((26) 25) 24) 14) 12) 11)+ 11,((((37,36)~ 35) 34) 32) 11)+ 11,((((((((((28) 27) 25) 24) 14) 12,((((((31,30)~ 29) 27) 25) 24) 34) 32)~ 11,(((((((31) 29) 27) 25) 24) 14) 12,(((((28,(30) 29)~ 27) 25) 24) 34) 32)~ 11)+ 11,(((((26) 25) 24) 14) 12) 11)+ 11,((13) 12) 11)+ 11,((33) 32) 11)+ 11)+ 11)~ 10) 8) 6)+ 6,((((5,4)~ 3,(5) 3)+ 3,(4) 3)+ 3,2)~ 1)~ 0
&t ((7,(9,((((((((((((31) 29) 27) 25) 24) 14) 12,((((((30) 29,28)~ 27) 25) 24) 34) 32)~ 11,((((((28) 27) 25) 24) 14) 12,((((((30,31)~ 29) 27) 25) 24) 34) 32)~ 11)+ 11,(((((26) 25) 24) 14) 12) 11)+ 11,((13,((((23) 19,(18,(17,17)+ 17)~ 16)~ 15,(((22) 20) 19) 15)+ 15) 14)~ 12) 11)+ 11,((((((26) 25) 24) 14) 12,((((26) 25) 24) 34) 32)~ 11,((((((28,(31,30)~ 29)~ 27) 25) 24) 14) 12,(((((28,(30,31)~ 29)~ 27) 25) 24) 34) 32)~ 11)+ 11)+ 11,(40,39)~ 38)~ 10)~ 8)~ 6) 0
&t ((2,((5,4)~ 3,(5,4)~ 3)+ 3)~ 1,(((7,(9) 8)~ 6,((((39,40)~ 38) 10) 8) 6)+ 6,(((7,7)+ 7,7)+ 7) 6)+ 6)~ 0
&t ((7,((9,((((((((((28,(30,31)~ 29)~ 27) 25) 24) 14) 12,(((((28,(30,31)~ 29)~ 27) 25) 24) 34) 32)~ 11,(((((26) 25) 24) 14) 12) 11)+ 11,((((37,36)~ 35) 34) 32) 11)+ 11,(((((((((28,(30,31)~ 29)~ 27) 25) 24) 14) 12,(((((28,(30,31)~ 29)~ 27) 25) 24) 34) 32)~ 11,(((((26) 25) 24) 14) 12) 11)+ 11,((((((22,21)~ 20,23)~ 19) 15) 14) 12) 11)+ 11,((13,(((18) 16) 15) 14)~ 12) 11)+ 11)+ 11) 10)~ 8,(((39,40)~ 38) 10) 8)+ 8)~ 6) 0
&t ((7,((((((((((((28,(31,30)~ 29)~ 27) 25) 24) 14) 12,(((((28,(31,30)~ 29)~ 27) 25) 24) 34) 32)~ 11,(((((26) 25) 24) 14) 12) 11)+ 11,((((((17) 16,((21,22)~ 20) 19)~ 15,(((23,23)+ 23) 19) 15)+ 15) 14) 12) 11)+ 11,((13) 12) 11)+ 11,(((((((((28,(30,31)~ 29)~ 27) 25) 24) 14) 12,(((((28,(30,31)~ 29)~ 27) 25) 24) 34) 32)~ 11,(((((26) 25) 24) 14) 12) 11)+ 11,(((((((37,37)+ 37,(36,36)+ 36)~ 35,(37) 35)+ 35,(36) 35)+ 35) 34) 32) 11)+ 11,((33) 32) 11)+ 11)+ 11,(39,40)~ 38)~ 10,9)~ 8)~ 6) 0
&t ((7,(((40,39)~ 38,(((((((((((((30) 29) 27) 25) 24) 14) 12,((((((31) 29) 27) 25) 24) 34) 32)~ 11,(((((((30) 29) 27) 25) 24) 14) 12,((((((31) 29,28)~ 27) 25) 24) 34) 32)~ 11)+ 11,((((((28) 27) 25) 24) 14) 12) 11)+ 11,(((((26) 25) 24) 14) 12) 11)+ 11,((((((26) 25) 24) 14) 12,(((((28,(30,31)~ 29)~ 27) 25) 24) 34) 32)~ 11,(((13,((((22,21)~ 20) 19) 15) 14)~ 12) 11,(((((23) 19,(18,17)~ 16)~ 15) 14) 12) 11)+ 11)+ 11)+ 11,((33) 32) 11)+ 11,((((37,36)~ 35) 34) 32) 11)+ 11)~ 10) 8)~ 6) 0
&t ((2,(4,5)~ 3)~ 1,((7,(7,7)+ 7)+ 7,((((40,39)~ 38,(39,40)~ 38)+ 38,(((((((((28,(30,31)~ 29)~ 27) 25) 24) 14) 12,(((((28,(31) 29)~ 27) 25) 24) 34) 32)~ 11,(((((26) 25) 24) 14) 12) 11)+ 11,((((((22,21)~ 20,23)~ 19,(17,18)~ 16)~ 15) 14,13)~ 12) 11)+ 11,((((((((26) 25) 24) 14) 12,((((26) 25) 24) 34) 32)~ 11,((((((28,(31,30)~ 29)~ 27) 25) 24) 14) 12,(((((28,(31,30)~ 29)~ 27) 25) 24) 34) 32)~ 11)+ 11,((((37,36)~ 35) 34) 32) 11)+ 11,(((33,33)+ 33) 32) 11)+ 11)+ 11)~ 10,9)~ 8)~ 6)~ 0
&t ((7,(((9,((39,40)~ 38) 10)~ 8,((((((((((((26) 25) 24) 14) 12,((((26) 25) 24) 34) 32)~ 11,((13) 12) 11)+ 11,(((((18,17)~ 16,(23,(22,21)~ 20)~ 19)~ 15) 14) 12) 11)+ 11,((((36,37)~ 35) 34) 32) 11)+ 11,((33) 32) 11)+ 11,((((((((28,(30,31)~ 29)~ 27) 25) 24) 14) 12,(((((28,(30,31)~ 29)~ 27) 25) 24) 34) 32)~ 11,(((((26) 25) 24) 14) 12) 11)+ 11,(((((((28,(30,31)~ 29)~ 27) 25) 24) 14) 12,(((((28,(30,31)~ 29)~ 27) 25) 24) 34) 32)~ 11,(((((26) 25) 24) 14) 12) 11)+ 11)+ 11)+ 11) 10) 8)+ 8,(((((((((((28,(30,31)~ 29)~ 27) 25) 24) 14) 12,(((((28,(31,30)~ 29)~ 27) 25) 24) 34) 32)~ 11,(((((((22,22)+ 22,21)~ 20,23)~ 19) 15) 14) 12) 11)+ 11,((13) 12) 11)+ 11,((((((((28,(30,31)~ 29)~ 27) 25) 24) 14) 12,(((((28,(31,30)~ 29)~ 27) 25) 24) 34) 32)~ 11,(((((26) 25) 24) 14) 12) 11)+ 11,((33) 32) 11)+ 11)+ 11,(40) 38)~ 10) 8)+ 8)~ 6) 0
&t ((((((39) 38) 10) 8,7)~ 6,((9,(((((((((((28,(30,31)~ 29)~ 27) 25) 24) 14) 12,(((((28,(30,31)~ 29)~ 27) 25) 24) 34) 32)~ 11,(((((26) 25) 24) 14) 12,((((26) 25) 24) 34) 32)~ 11)+ 11,((13) 12) 11)+ 11,((33) 32) 11)+ 11,((((((((28,(31,30)~ 29)~ 27) 25) 24) 14) 12,(((((28,(30,31)~ 29)~ 27) 25) 24) 34) 32)~ 11,(((((26) 25) 24) 14) 12) 11)+ 11,((((36,37)~ 35) 34) 32) 11)+ 11)+ 11) 10)~ 8) 6)+ 6,(((5,4)~ 3,(2,2)+ 2)~ 1,((5,4)~ 3) 1)+ 1)~ 0
&t (((7,7)+ 7) 6,((((((2,(5) 3)~ 1,((5) 3) 1)+ 1,((4) 3) 1)+ 1,((4,5)~ 3) 1)+ 1,(2) 1)+ 1,((5,4)~ 3) 1)+ 1)~ 0
&t ((7,(9) 8)~ 6,((2,((5,4)~ 3,(4,5)~ 3)+ 3)~ 1,(((4,5)~ 3,(4) 3)+ 3,2)~ 1)+ 1)~ 0
&t ((((4,5)~ 3,(4,5)~ 3)+ 3,2)~ 1,((7,(((39,40)~ 38,(((((((((((28,(30,31)~ 29)~ 27) 25) 24) 14) 12,(((((28,(30,31)~ 29)~ 27) 25) 24) 34) 32)~ 11,(((((26) 25) 24) 14) 12) 11)+ 11,((((((22,21)~ 20,23)~ 19,(17,18)~ 16)~ 15) 14) 12) 11)+ 11,((13) 12) 11)+ 11,((33) 32) 11)+ 11,(((((((((28,(30,31)~ 29)~ 27) 25) 24) 14) 12,(((((28,(30,31)~ 29)~ 27) 25) 24) 34) 32)~ 11,(((((26) 25) 24) 14) 12) 11)+ 11,(((((26) 25) 24) 14) 12) 11)+ 11,((((37,36)~ 35) 34) 32) 11)+ 11)+ 11)~ 10) 8)~ 6,((9) 8) 6)+ 6)~ 0
&t ((((9,9)+ 9,(((((((((((26) 25) 24) 14) 12,((((26) 25) 24) 34) 32)~ 11,(((((26) 25) 24) 14) 12) 11)+ 11,((((((28,(31,30)~ 29)~ 27) 25) 24) 14) 12,(((((28,(30) 29)~ 27) 25) 24) 34) 32)~ 11)+ 11,(((((((((28) 27) 25) 24) 14) 12,(((((28,(31,30)~ 29)~ 27) 25) 24) 34) 32)~ 11,(((((((30) 29) 27) 25) 24) 14) 12) 11)+ 11,(((((((31) 29) 27) 25) 24) 14) 12) 11)+ 11,(((((26) 25) 24) 14) 12) 11)+ 11)+ 11,((((37) 35) 34) 32) 11)+ 11,((((((18,17)~ 16) 15) 14) 12,(((36) 35) 34) 32)~ 11,(((((((((28,(30,31)~ 29)~ 27) 25) 24) 14) 12,(((((28,(31,30)~ 29)~ 27) 25) 24) 34) 32)~ 11,((((((((31) 29) 27) 25) 24) 14) 12,((((((30) 29) 27) 25) 24) 34) 32)~ 11,((((((((30) 29) 27) 25) 24) 14) 12,((((((31) 29,28)~ 27) 25) 24) 34) 32)~ 11,((((((28) 27) 25) 24) 14) 12) 11)+ 11)+ 11)+ 11,((((((23,(22) 20)~ 19,((21) 20) 19)+ 19) 15) 14) 12) 11)+ 11,(((13,(((23,(22,21)~ 20)~ 19) 15) 14)~ 12) 11,((13) 12) 11)+ 11)+ 11)+ 11)+ 11,(40,39)~ 38)~ 10)~ 8) 6) 0
&t (((2,(((4,5)~ 3,(4,5)~ 3)+ 3,(5,4)~ 3)+ 3)~ 1,(2,((5,4)~ 3,(5,4)~ 3)+ 3)~ 1)+ 1,(((((((((((((28) 27) 25) 24) 14) 12,(((((28,(30,31)~ 29)~ 27) 25) 24) 34) 32)~ 11,(((((26) 25) 24) 14) 12) 11)+ 11,((((36,37)~ 35) 34) 32) 11)+ 11,(((((((((28,(30,31)~ 29)~ 27) 25) 24) 14) 12,(((((28,(30,31)~ 29)~ 27) 25) 24) 34) 32)~ 11,(((((26) 25) 24) 14) 12) 11)+ 11,((13) 12) 11)+ 11,((((((23) 19,(17,(18,18)+ 18)~ 16)~ 15,(((21,22)~ 20) 19) 15)+ 15) 14) 12) 11)+ 11)+ 11,((33) 32) 11)+ 11) 10) 8,7)~ 6)~ 0
&t (((7,7)+ 7,((((((((((((28,(30,31)~ 29)~ 27) 25) 24) 14) 12,(((((28,(31,30)~ 29)~ 27) 25) 24) 34) 32)~ 11,(((((26) 25) 24) 14) 12) 11)+ 11,((((36,37)~ 35) 34) 32) 11)+ 11,((33) 32) 11)+ 11,(((((((((28,(31,30)~ 29)~ 27) 25) 24) 14) 12,(((((28,(30,31)~ 29)~ 27) 25) 24) 34) 32)~ 11,(((((26) 25) 24) 14) 12) 11)+ 11,((((((18,17)~ 16,((21,22)~ 20) 19)~ 15,((23) 19) 15)+ 15) 14) 12) 11)+ 11,((13) 12) 11)+ 11)+ 11,((40,39)~ 38,(39,40)~ 38)+ 38)~ 10) 8)~ 6) 0
&t (((9) 8,(7,7)+ 7)~ 6,((2,((4,5)~ 3,(4,5)~ 3)+ 3)~ 1,(((2,2)+ 2,((4,5)~ 3,(5,4)~ 3)+ 3)~ 1,(((5,4)~ 3,(5,4)~ 3)+ 3,2)~ 1)+ 1)+ 1)~ 0
&t ((7,(((40,39)~ 38,((((((((((28,(31,30)~ 29)~ 27) 25) 24) 14) 12,(((((28,(31,30)~ 29)~ 27) 25) 24) 34) 32)~ 11,(((((26) 25) 24) 14) 12) 11)+ 11,(((((17,18)~ 16) 15) 14,13)~ 12) 11)+ 11,(((((36,37)~ 35,(37) 35)+ 35) 34) 32) 11)+ 11,((33) 32) 11)+ 11)~ 10,9)~ 8)~ 6) 0
&t ((7,(9,((39,40)~ 38,(((((((26,(28,(31,30)~ 29)~ 27)~ 25) 24) 34) 32,(13,(((18,17)~ 16,(23,(21,22)~ 20)~ 19)~ 15) 14)~ 12)~ 11,((33) 32) 11)+ 11,(((((((((28,(30,31)~ 29)~ 27) 25) 24) 14) 12,(((((28,(31,30)~ 29)~ 27) 25) 24) 34) 32)~ 11,(((((26) 25) 24) 14) 12,((((26) 25) 24) 34) 32)~ 11)+ 11,((((37,(36,36)+ 36)~ 35) 34) 32) 11)+ 11,((((37,(36,36)+ 36)~ 35) 34) 32) 11)+ 11)+ 11)~ 10)~ 8)~ 6,(((4,5)~ 3,(5,4)~ 3)+ 3) 1)~ 0
&t ((7,(((((((((((28,(30,31)~ 29)~ 27) 25) 24) 14) 12,(((((28,(31,30)~ 29)~ 27) 25) 24) 34) 32)~ 11,(((((26) 25) 24) 14) 12) 11)+ 11,(((((17) 16,(23,(21,22)~ 20)~ 19)~ 15) 14) 12) 11)+ 11,((((((((28,(31,30)~ 29)~ 27) 25) 24) 14) 12,(((((28,(31,30)~ 29)~ 27) 25) 24) 34) 32)~ 11,(((((26) 25) 24) 14) 12) 11)+ 11,((((36,37)~ 35) 34) 32) 11)+ 11)+ 11,((40,39)~ 38,((39,40)~ 38,(40) 38)+ 38)+ 38)~ 10) 8)~ 6,(((5,4)~ 3,(4,5)~ 3)+ 3) 1)~ 0
&t ((((2,2)+ 2,((5,4)~ 3,(4,5)~ 3)+ 3)~ 1,(2) 1)+ 1,(((((39,(40,40)+ 40)~ 38,((((((((((((28) 27) 25) 24) 14) 12,((((((31,30)~ 29) 27) 25) 24) 34) 32)~ 11,((((((((31,30)~ 29) 27) 25) 24) 14) 12,((((((31,30)~ 29) 27) 25) 24) 34) 32)~ 11,((((((28) 27) 25) 24) 14) 12) 11)+ 11)+ 11,(((((26) 25) 24) 14) 12) 11)+ 11,(((((18) 16,(23,(21,22)~ 20)~ 19)~ 15) 14) 12) 11)+ 11,((13) 12) 11)+ 11,(((((((((28) 27) 25) 24) 14) 12,((((((30,31)~ 29) 27) 25) 24) 34) 32)~ 11,((((((28,(30,31)~ 29)~ 27) 25) 24) 14) 12,(((((28,(31,30)~ 29)~ 27) 25) 24) 34) 32)~ 11)+ 11,(((((26) 25) 24) 14) 12) 11)+ 11,((((36,37)~ 35) 34) 32) 11)+ 11)+ 11,((33) 32) 11)+ 11)~ 10) 8,7)~ 6,((9) 8) 6)+ 6)~ 0
&t ((2,(5,4)~ 3)~ 1,(((9) 8,7)~ 6,((((39,40)~ 38,(((((33) 32,(13) 12)~ 11,(((((17,18)~ 16,(23,(21,22)~ 20)~ 19)~ 15) 14) 12) 11)+ 11,((((37) 35) 34) 32) 11)+ 11,((((37,36)~ 35) 34) 32) 11)+ 11)~ 10) 8) 6)+ 6)~ 0
&t ((((((40,39)~ 38,((((((((((((28) 27) 25) 24) 14) 12,(((((28) 27) 25) 24) 34) 32)~ 11,(((((((31) 29) 27) 25) 24) 14) 12,((((((30) 29) 27) 25) 24) 34) 32)~ 11)+ 11,((((((28) 27) 25) 24) 14) 12,((((((30,31)~ 29) 27) 25) 24) 34) 32)~ 11)+ 11,(((((26) 25) 24) 14) 12) 11)+ 11,(((((18,17)~ 16,(23,(21,22)~ 20)~ 19)~ 15) 14) 12) 11)+ 11,((13) 12) 11)+ 11,((33) 32) 11)+ 11)~ 10,((((((((28,(30,31)~ 29)~ 27) 25) 24) 14) 12,(((((28,(30,31)~ 29)~ 27) 25) 24) 34) 32)~ 11,((((37,36)~ 35) 34) 32) 11)+ 11) 10)+ 10) 8) 6,((2,((5,4)~ 3,((5,4)~ 3,(5,4)~ 3)+ 3)+ 3)~ 1,(2,((4,5)~ 3,(4,5)~ 3)+ 3)~ 1)+ 1)~ 0
&t ((((9,9)+ 9) 8) 6,((5) 3,2)~ 1)~ 0
&t (((9,(((39,(40,40)+ 40)~ 38,((((((((((((28) 27) 25) 24) 14) 12,((((((30,31)~ 29) 27) 25) 24) 34) 32)~ 11,((((((((30,31)~ 29) 27) 25) 24) 14) 12,((((((31,30)~ 29) 27) 25) 24) 34) 32)~ 11,((((((28) 27) 25) 24) 14) 12) 11)+ 11)+ 11,(((((26) 25) 24) 14) 12,((((26) 25) 24) 34) 32)~ 11)+ 11,((((((22,21)~ 20) 19,(18,17)~ 16)~ 15) 14) 12) 11)+ 11,((13) 12) 11)+ 11,((33) 32) 11)+ 11,((((((((28,(30,31)~ 29)~ 27) 25) 24) 14) 12,(((((28,(31,30)~ 29)~ 27) 25) 24) 34) 32)~ 11,(((((26) 25) 24) 14) 12) 11)+ 11,((((37,36)~ 35) 34) 32) 11)+ 11)+ 11)~ 10,(((((((((((28,(30,31)~ 29)~ 27) 25) 24) 14) 12,(((((28,(31,30)~ 29)~ 27) 25) 24) 34) 32)~ 11,(((((((28,(31,30)~ 29)~ 27) 25) 24) 14) 12,(((((28,(30,31)~ 29)~ 27) 25) 24) 34) 32)~ 11,(((((26) 25) 24) 14) 12) 11)+ 11)+ 11,((((((21,22)~ 20,23)~ 19) 15) 14) 12) 11)+ 11,((13) 12,(((37,36)~ 35) 34) 32)~ 11)+ 11,(((33,33)+ 33) 32) 11)+ 11,(39,40)~ 38)~ 10)+ 10)~ 8) 6) 0
&t (((2,((5,4)~ 3,(4,5)~ 3)+ 3)~ 1,(2,(((((5,4)~ 3,((4,(5,5)+ 5)~ 3,(4) 3)+ 3)+ 3,(4,5)~ 3)+ 3,(4,5)~ 3)+ 3,((5,4)~ 3,(4,5)~ 3)+ 3)+ 3)~ 1)+ 1,((((((((((((((((((28,(31,30)~ 29)~ 27) 25) 24) 14) 12,(((((28,(31,30)~ 29)~ 27) 25) 24) 34) 32)~ 11,((13) 12) 11)+ 11,(((((((17,18)~ 16,(17) 16)+ 16,(18) 16)+ 16,((21,22)~ 20,(23,23)+ 23)~ 19)~ 15) 14) 12) 11)+ 11,(((((26) 25) 24) 14) 12) 11)+ 11,(((((((((28,(31,30)~ 29)~ 27) 25) 24) 14) 12,(((((28,(30,31)~ 29)~ 27) 25) 24) 34) 32)~ 11,(((((26) 25) 24) 14) 12) 11)+ 11,(((((26) 25) 24) 14) 12) 11)+ 11,((((37,36)~ 35) 34) 32) 11)+ 11)+ 11,((33) 32) 11)+ 11,(40,39)~ 38)~ 10,(((33) 32) 11) 10)+ 10,(((13) 12) 11) 10)+ 10,(((((((((((31,30)~ 29,28)~ 27) 25) 24) 14) 12,((((((30,31)~ 29) 27) 25) 24) 34) 32)~ 11,((((((28) 27) 25) 24) 14) 12) 11)+ 11,(((((26) 25) 24) 14) 12) 11)+ 11,(((((18,17)~ 16,(23,(22) 20)~ 19)~ 15) 14) 12) 11)+ 11) 10)+ 10,(((((((((28,(30,31)~ 29)~ 27) 25) 24) 14) 12,(((((28,(31,30)~ 29)~ 27) 25) 24) 34) 32)~ 11,(((((26) 25) 24) 14) 12) 11)+ 11,(((((36,37)~ 35,(36) 35)+ 35) 34) 32) 11)+ 11) 10)+ 10,9)~ 8) 6)~ 0
&t ((((7,7)+ 7,((((((((((((28,(31,30)~ 29)~ 27) 25) 24) 14) 12,(((((28,(31,30)~ 29)~ 27) 25) 24) 34) 32)~ 11,(((((26) 25) 24) 14) 12) 11)+ 11,((((37,36)~ 35) 34) 32) 11)+ 11,(((((((((28,(30,31)~ 29)~ 27) 25) 24) 14) 12,(((((28,(30,31)~ 29)~ 27) 25) 24) 34) 32)~ 11,(((((26) 25) 24) 14) 12) 11)+ 11,(((((18) 16,(23,(22,(21,21)+ 21)~ 20)~ 19)~ 15) 14) 12) 11)+ 11,((13) 12) 11)+ 11)+ 11,(40,39)~ 38)~ 10,((40,39)~ 38) 10)+ 10) 8)~ 6,((9) 8) 6)+ 6,((((4,(5,5)+ 5)~ 3,(5,4)~ 3)+ 3,2)~ 1,((2,((5,4)~ 3,(4,5)~ 3)+ 3)~ 1,(2,((4,5)~ 3,(5,4)~ 3)+ 3)~ 1)+ 1)+ 1)~ 0
&t ((7,((((39,(40,40)+ 40)~ 38,(((((((((((28,(31,30)~ 29)~ 27) 25) 24) 14) 12,(((((28,(31,30)~ 29)~ 27) 25) 24) 34) 32)~ 11,(((((26) 25) 24) 14) 12) 11)+ 11,((((37,36)~ 35) 34) 32) 11)+ 11,((33) 32) 11)+ 11,(((((17,18)~ 16,((22,21)~ 20,(23,23)+ 23)~ 19)~ 15) 14) 12) 11)+ 11,(((((((28,(30,31)~ 29)~ 27) 25) 24) 14) 12,(((((28,(30,31)~ 29)~ 27) 25) 24) 34) 32)~ 11,(((((26) 25) 24) 14) 12) 11)+ 11)+ 11)~ 10,((((13,13)+ 13) 12) 11) 10)+ 10) 8)~ 6) 0
&t ((((9,9)+ 9) 8,7)~ 6,(2,((4,5)~ 3,(4,5)~ 3)+ 3)~ 1)~ 0
&t (((((39,40)~ 38,(((33) 32,(13,(((17,18)~ 16,((23,(22,21)~ 20)~ 19,((22,21)~ 20) 19)+ 19)~ 15) 14)~ 12)~ 11,((((37,36)~ 35) 34) 32) 11)+ 11)~ 10) 8) 6,(((5,4)~ 3,(5,(4,4)+ 4)~ 3)+ 3,2)~ 1)~ 0
&t (((2,((5,4)~ 3,(5,4)~ 3)+ 3)~ 1,((7,7)+ 7) 6)~ 0,(((((((((((((((28,(30,31)~ 29)~ 27) 25) 24) 14) 12,(((((28,(31,30)~ 29)~ 27) 25) 24) 34) 32)~ 11,((((((28,(31,30)~ 29)~ 27) 25) 24) 14) 12,(((((28,(31,30)~ 29)~ 27) 25) 24) 34) 32)~ 11)+ 11,(((((26) 25) 24) 14) 12) 11)+ 11,(((((36,37)~ 35,(36,37)~ 35)+ 35) 34) 32) 11)+ 11,((33) 32) 11)+ 11,((((((26) 25) 24) 14) 12,(((36,37)~ 35) 34) 32)~ 11,((((((18) 16,(23,(22,21)~ 20)~ 19)~ 15) 14) 12,((((26,(28,(31,30)~ 29)~ 27)~ 25) 24) 34) 32)~ 11,(((((((((28,(31,30)~ 29)~ 27) 25) 24) 14) 12,(((((28,(30,31)~ 29)~ 27) 25) 24) 34) 32)~ 11,(((((26) 25) 24) 14) 12) 11)+ 11,(((((17,18)~ 16,((21) 20,23)~ 19)~ 15) 14) 12) 11)+ 11,(((13,13)+ 13) 12) 11)+ 11)+ 11)+ 11)+ 11) 10) 8) 6,(((5,4)~ 3,(5,4)~ 3)+ 3) 1)~ 0)+ 0
&t ((((7,7)+ 7,(((40,39)~ 38,((((13) 12,((((26,(28,(30,31)~ 29)~ 27)~ 25) 24) 34) 32)~ 11,(((((23,(21,22)~ 20)~ 19,(17,18)~ 16)~ 15) 14) 12) 11)+ 11,(((((((((28,(30,31)~ 29)~ 27) 25) 24) 14) 12,(((((28,(31,30)~ 29)~ 27) 25) 24) 34) 32)~ 11,(((((26) 25) 24) 14) 12) 11)+ 11,((((37,36)~ 35) 34) 32) 11)+ 11,((33) 32) 11)+ 11)+ 11)~ 10) 8)~ 6,(7) 6)+ 6,(((5,4)~ 3,(5,4)~ 3)+ 3,2)~ 1)~ 0
&t (((((7,(((((13,13)+ 13) 12) 11) 10) 8)~ 6,((((((((17,18)~ 16,((23,23)+ 23) 19)~ 15) 14) 12) 11) 10) 8) 6)+ 6,((((((((((26) 25) 24) 14) 12,((((26) 25) 24) 34) 32)~ 11,((((((28,(31,30)~ 29)~ 27) 25) 24) 14) 12,(((((28,(31,30)~ 29)~ 27) 25) 24) 34) 32)~ 11)+ 11,((33) 32) 11)+ 11) 10) 8) 6)+ 6,((9) 8) 6)+ 6,(((4,5)~ 3,2)~ 1,((5,4)~ 3) 1)+ 1)~ 0
&t ((((5,4)~ 3,(5,4)~ 3)+ 3) 1,(((((((40,39)~ 38,((((((((((28,(31,30)~ 29)~ 27) 25) 24) 14) 12,(((((28,(30,31)~ 29)~ 27) 25) 24) 34) 32)~ 11,(((((26) 25) 24) 14) 12) 11)+ 11,((((36,37)~ 35) 34) 32) 11)+ 11,(((((((((28,(30,31)~ 29)~ 27) 25) 24) 14) 12,(((((28,(31,30)~ 29)~ 27) 25) 24) 34) 32)~ 11,(((((26) 25) 24) 14) 12) 11)+ 11,((13,(((17,18)~ 16) 15) 14)~ 12) 11)+ 11,((((((22,21)~ 20,23)~ 19) 15) 14) 12) 11)+ 11)+ 11,((33) 32) 11)+ 11)~ 10) 8,7)~ 6,((9) 8) 6)+ 6,((((((((((26) 25) 24) 14) 12,(33) 32)~ 11,((((((((((31) 29) 27) 25) 24) 14) 12,(((((28,(30) 29)~ 27) 25) 24) 34) 32)~ 11,((((((28) 27) 25) 24) 14) 12,((((((31,30)~ 29) 27) 25) 24) 34) 32)~ 11)+ 11,(((((18,17)~ 16,(23,(21,22)~ 20)~ 19)~ 15) 14) 12) 11)+ 11,((13) 12) 11)+ 11)+ 11,((((((((28,(30,31)~ 29)~ 27) 25) 24) 14) 12,(((((28,(30,31)~ 29)~ 27) 25) 24) 34) 32)~ 11,(((((26) 25) 24) 14) 12) 11)+ 11,((((37,36)~ 35) 34) 32) 11)+ 11)+ 11,(40,39)~ 38)~ 10) 8) 6)+ 6,((((40,39)~ 38,((((((((((((28,(31,30)~ 29)~ 27) 25) 24) 14) 12,(((((28,(31,30)~ 29)~ 27) 25) 24) 34) 32)~ 11,(((((26) 25) 24) 14) 12) 11)+ 11,((((37) 35) 34) 32) 11)+ 11,((((37,36)~ 35) 34) 32) 11)+ 11,(((((((28,(31,30)~ 29)~ 27) 25) 24) 14) 12,(((((28,(31,30)~ 29)~ 27) 25) 24) 34) 32)~ 11,(((((26) 25) 24) 14) 12) 11)+ 11)+ 11,((33) 32) 11)+ 11,(((((((((28,(31,30)~ 29)~ 27) 25) 24) 14) 12,(((((28,(30,31)~ 29)~ 27) 25) 24) 34) 32)~ 11,(((((26) 25) 24) 14) 12) 11)+ 11,(((((23,(21,22)~ 20)~ 19,(17,18)~ 16)~ 15) 14) 12) 11)+ 11,((13) 12) 11)+ 11)+ 11)~ 10) 8) 6)+ 6)~ 0
&t ((7,(((((33) 32,(13,(((17,18)~ 16,(23,((22,21)~ 20,(22) 20)+ 20)~ 19)~ 15) 14)~ 12)~ 11,(((((((((((30) 29) 27) 25) 24) 14) 12,((((((31,30)~ 29) 27) 25) 24) 34) 32)~ 11,((((((28) 27) 25) 24) 14) 12) 11)+ 11,((((((28) 27) 25) 24) 14) 12,((((((31,30)~ 29) 27) 25) 24) 34) 32)~ 11)+ 11,(((((26) 25) 24) 14) 12) 11)+ 11,((((37,36)~ 35) 34) 32) 11)+ 11)+ 11) 10,9)~ 8)~ 6,(((5,4)~ 3,(4,5)~ 3)+ 3) 1)~ 0
&t (((((4,5)~ 3,(2,2)+ 2)~ 1,((5,4)~ 3) 1)+ 1,(2,((5,4)~ 3,(5,(4,4)+ 4)~ 3)+ 3)~ 1)+ 1,((((((39,40)~ 38,((((((((((((28,(31,30)~ 29)~ 27) 25) 24) 14) 12,(((((28,(30,31)~ 29)~ 27) 25) 24) 34) 32)~ 11,(((((23,(21,22)~ 20)~ 19) 15) 14) 12) 11)+ 11,(((((17,18)~ 16) 15) 14) 12) 11)+ 11,((13) 12) 11)+ 11,(((((26) 25) 24) 14) 12) 11)+ 11,((((((((((28) 27) 25) 24) 14) 12,((((((30,31)~ 29) 27) 25) 24) 34) 32)~ 11,(((((((31) 29) 27) 25) 24) 14) 12,(((((28,(30) 29)~ 27) 25) 24) 34) 32)~ 11)+ 11,((((((28,(30,31)~ 29)~ 27) 25) 24) 14) 12,(((((28,(30,31)~ 29)~ 27) 25) 24) 34) 32)~ 11)+ 11,(((((26) 25) 24) 14) 12) 11)+ 11,((((36,37)~ 35) 34) 32) 11)+ 11)+ 11,((33) 32) 11)+ 11)~ 10,(((((((((((((30) 29) 27) 25) 24) 14) 12,((((((31) 29) 27) 25) 24) 34) 32)~ 11,((((((28) 27) 25) 24) 14) 12,(((((28) 27) 25) 24) 34) 32)~ 11)+ 11,((((((28) 27) 25) 24) 14) 12,((((((30,31)~ 29) 27) 25) 24) 34) 32)~ 11)+ 11,(((((26) 25) 24) 14) 12) 11)+ 11,((((36) 35) 34) 32) 11)+ 11,(((13) 12,((((26) 25) 24) 34) 32)~ 11,(((((17,18)~ 16,(23,(22,21)~ 20)~ 19)~ 15) 14) 12) 11)+ 11)+ 11) 10)+ 10,((((33,33)+ 33) 32) 11,(40) 38)~ 10)+ 10) 8) 6)~ 0
&t ((2,((5,4)~ 3,(5,4)~ 3)+ 3)~ 1,(((((40,39)~ 38,(((((((26) 25) 24) 14) 12,(((37,36)~ 35) 34) 32)~ 11,((33) 32) 11)+ 11,((((((((((31,30)~ 29) 27) 25) 24) 14) 12,(((((28,(31,30)~ 29)~ 27) 25) 24) 34) 32)~ 11,(((((26) 25) 24) 14) 12) 11)+ 11,(((((18,(17,17)+ 17)~ 16,(23,(21,22)~ 20)~ 19)~ 15) 14) 12) 11)+ 11,((13) 12) 11)+ 11)+ 11)~ 10) 8,(7,7)+ 7)~ 6,((9) 8) 6)+ 6)~ 0
&t ((7,(((40,39)~ 38,(((((((((((28,(30,31)~ 29)~ 27) 25) 24) 14) 12,(((((28,(30,31)~ 29)~ 27) 25) 24) 34) 32)~ 11,((((((26) 25) 24) 14) 12,((((26) 25) 24) 34) 32)~ 11,(((((26) 25) 24) 14) 12) 11)+ 11)+ 11,((((((23) 19,(18,17)~ 16)~ 15,(((21,22)~ 20) 19) 15)+ 15) 14) 12) 11)+ 11,((13) 12) 11)+ 11,(((((((((28) 27) 25) 24) 14) 12,((((((31,30)~ 29) 27) 25) 24) 34) 32)~ 11,((((((((30) 29) 27) 25) 24) 14) 12,((((((30,31)~ 29) 27) 25) 24) 34) 32)~ 11,((((((28) 27) 25) 24) 14) 12) 11)+ 11)+ 11,(((((26) 25) 24) 14) 12) 11)+ 11,((((37,36)~ 35) 34) 32) 11)+ 11)+ 11,((33) 32) 11)+ 11)~ 10) 8)~ 6) 0
&t ((2,((4,5)~ 3,(4,5)~ 3)+ 3)~ 1,(((7,((((33) 32) 11,(39,40)~ 38)~ 10) 8)~ 6,((9) 8) 6)+ 6,(((((((((((((28,(31,30)~ 29)~ 27) 25) 24) 14) 12,(((((28,(31,30)~ 29)~ 27) 25) 24) 34) 32)~ 11,((((((28,(31,30)~ 29)~ 27) 25) 24) 14) 12,(((((28,(31,30)~ 29)~ 27) 25) 24) 34) 32)~ 11)+ 11,(((((26) 25) 24) 14) 12) 11)+ 11,((13,(((17,18)~ 16,(23,(22,21)~ 20)~ 19)~ 15) 14)~ 12) 11)+ 11,(((((26) 25) 24) 14) 12,(((36,37)~ 35) 34) 32)~ 11)+ 11) 10) 8) 6)+ 6)~ 0
&t ((((((9,((40,39)~ 38) 10)~ 8,(((((((((((((31) 29) 27) 25) 24) 14) 12,((((((30) 29,28)~ 27) 25) 24) 34) 32)~ 11,((((((28) 27) 25) 24) 14) 12) 11)+ 11,(((((26) 25) 24) 14) 12,((((26) 25) 24) 34) 32)~ 11)+ 11,((13,(((17,18)~ 16,((21,22)~ 20) 19)~ 15) 14)~ 12) 11)+ 11,(((13,13)+ 13) 12) 11)+ 11) 10) 8)+ 8,((((((((((28) 27) 25) 24) 14) 12,(((((28,(31,30)~ 29)~ 27) 25) 24) 34) 32)~ 11,((((((28,(30,31)~ 29)~ 27) 25) 24) 14) 12,(((((28,(30,31)~ 29)~ 27) 25) 24) 34) 32)~ 11)+ 11,(((((26) 25) 24) 14) 12) 11)+ 11) 10) 8)+ 8,((((33) 32) 11) 10) 8)+ 8) 6,(((2,(4,5)~ 3)~ 1,((4) 3) 1)+ 1,((5) 3) 1)+ 1)~ 0
&t (((2,(4,5)~ 3)~ 1,((4) 3) 1)+ 1,((7,(((((((((((28,(30,31)~ 29)~ 27) 25) 24) 14) 12,(((((28,(31,30)~ 29)~ 27) 25) 24) 34) 32)~ 11,(((((26) 25) 24) 14) 12) 11)+ 11,((((37,36)~ 35) 34) 32) 11)+ 11,((((((((26) 25) 24) 14) 12,((((26) 25) 24) 34) 32)~ 11,(((((((28) 27) 25) 24) 14) 12,((((((31,30)~ 29) 27) 25) 24) 34) 32)~ 11,(((((((30) 29) 27) 25) 24) 14) 12,(((((28,(31) 29)~ 27) 25) 24) 34) 32)~ 11)+ 11)+ 11,((((((23,23)+ 23,(22,21)~ 20)~ 19) 15) 14) 12) 11)+ 11,((33) 32) 11)+ 11)+ 11) 10) 8)~ 6,((9) 8) 6)+ 6)~ 0
&t ((2,((4,5)~ 3,(4,5)~ 3)+ 3)~ 1,((((7,((((((((((((28,(31,30)~ 29)~ 27) 25) 24) 14) 12,(((((28,(31,30)~ 29)~ 27) 25) 24) 34) 32)~ 11,(((((26) 25) 24) 14) 12) 11)+ 11,(((((23,(21,22)~ 20)~ 19) 15) 14) 12) 11)+ 11,((((((18,(17,17)+ 17)~ 16,(18,(17,17)+ 17)~ 16)+ 16) 15) 14) 12) 11)+ 11,((13) 12) 11)+ 11) 10) 8)~ 6,((9,((39,40)~ 38) 10)~ 8) 6)+ 6,(((((33) 32) 11) 10) 8) 6)+ 6,((((((((((26) 25) 24) 14) 12,((((26) 25) 24) 34) 32)~ 11,((((((((30,31)~ 29) 27) 25) 24) 14) 12,(((((28) 27) 25) 24) 34) 32)~ 11,(((((((30) 29) 27) 25) 24) 14) 12,(((((28,(31) 29)~ 27) 25) 24) 34) 32)~ 11)+ 11)+ 11,((((37,36)~ 35) 34) 32) 11)+ 11) 10) 8) 6)+ 6)~ 0
